-- phpMyAdmin SQL Dump
-- version 5.2.0
-- https://www.phpmyadmin.net/
--
-- Host: 127.0.0.1
-- Generation Time: May 15, 2023 at 08:29 AM
-- Server version: 10.4.25-MariaDB
-- PHP Version: 8.1.10

SET SQL_MODE = "NO_AUTO_VALUE_ON_ZERO";
START TRANSACTION;
SET time_zone = "+00:00";


/*!40101 SET @OLD_CHARACTER_SET_CLIENT=@@CHARACTER_SET_CLIENT */;
/*!40101 SET @OLD_CHARACTER_SET_RESULTS=@@CHARACTER_SET_RESULTS */;
/*!40101 SET @OLD_COLLATION_CONNECTION=@@COLLATION_CONNECTION */;
/*!40101 SET NAMES utf8mb4 */;

--
-- Database: `dinemate`
--

-- --------------------------------------------------------

--
-- Table structure for table `carts`
--

CREATE TABLE `carts` (
  `reg_customer_id` int(11) DEFAULT NULL,
  `guest_id` int(11) DEFAULT NULL,
  `dish_id` int(11) NOT NULL,
  `quantity` int(11) NOT NULL
) ENGINE=InnoDB DEFAULT CHARSET=utf8mb4;

--
-- Dumping data for table `carts`
--

INSERT INTO `carts` (`reg_customer_id`, `guest_id`, `dish_id`, `quantity`) VALUES
(2, NULL, 38, 1),
(11, NULL, 40, 3),
(13, NULL, 36, 1),
(18, NULL, 36, 4),
(19, NULL, 55, 1),
(21, NULL, 55, 3),
(21, NULL, 56, 1),
(24, NULL, 53, 1),
(24, NULL, 55, 1),
(NULL, 10, 54, 1),
(NULL, 10, 53, 1),
(NULL, 17, 50, 13),
(NULL, 17, 54, 5),
(NULL, 18, 35, 8),
(NULL, 18, 53, 8),
(NULL, 18, 54, 3),
(NULL, 18, 55, 3),
(NULL, 18, 56, 1),
(NULL, 18, 50, 6),
(NULL, 29, 54, 1),
(NULL, 29, 50, 1),
(NULL, 29, 52, 1);

-- --------------------------------------------------------

--
-- Table structure for table `categories`
--

CREATE TABLE `categories` (
  `category_id` int(11) NOT NULL,
  `category_name` varchar(255) NOT NULL
) ENGINE=InnoDB DEFAULT CHARSET=utf8mb4;

--
-- Dumping data for table `categories`
--

INSERT INTO `categories` (`category_id`, `category_name`) VALUES
(1, 'Drinks'),
(2, 'Spices'),
(3, 'Grains'),
(4, 'Vegetables'),
(5, 'Fruits'),
(6, 'Bakery'),
(7, 'Dairy'),
(8, 'Meat'),
(9, 'Seafood'),
(10, 'Snacks'),
(11, 'Condiments'),
(12, 'Frozen foods'),
(13, 'Sweets'),
(14, 'Herbs'),
(15, 'Cannned'),
(16, 'Oils and Vinegars'),
(17, 'Other');

-- --------------------------------------------------------

--
-- Table structure for table `dishes`
--

CREATE TABLE `dishes` (
  `dish_id` int(11) NOT NULL,
  `dish_name` varchar(255) NOT NULL,
  `net_price` float NOT NULL,
  `selling_price` float NOT NULL,
  `description` varchar(500) NOT NULL,
  `prep_time` int(11) NOT NULL,
  `image_url` varchar(200) DEFAULT NULL,
  `deleted` tinyint(1) NOT NULL DEFAULT 0,
  `veg` tinyint(1) NOT NULL DEFAULT 0
) ENGINE=InnoDB DEFAULT CHARSET=utf8mb4;

--
-- Dumping data for table `dishes`
--

INSERT INTO `dishes` (`dish_id`, `dish_name`, `net_price`, `selling_price`, `description`, `prep_time`, `image_url`, `deleted`, `veg`) VALUES
(33, 'Pizza', 800, 1000, 'Cheesy tasty', 20, 'Pizza06_24_40.jpg', 0, 0),
(34, 'Salad', 300, 800, 'Healthy', 15, 'Salad06_25_11.jpg', 0, 1),
(35, 'Donuts', 200, 400, 'Round and glazed', 15, 'Donuts06_25_41.jpg', 0, 0),
(36, 'Cookies', 100, 300, 'Biscuits for christmas', 5, 'Cookies07_26_12.jpg', 0, 0),
(37, 'Chillie Parata', 300, 600, 'Spicy good', 25, 'ChillieParata07_26_41.jpg', 0, 0),
(38, 'Naan', 200, 300, 'Bread but softer', 15, 'Naan07_27_22.jpg', 0, 0),
(39, 'Pilau', 300, 400, 'Kinda like rice', 25, 'Pilau07_27_42.jpg', 0, 0),
(40, 'Samosa', 400, 500, 'Stuffed with good stuff', 10, 'samosa07_28_14.jpg', 0, 0),
(41, 'Garlic Bread', 300, 400, 'Tastes better than plain bread', 15, 'garlicbread07_28_59.jpg', 0, 0),
(42, 'Pancakes', 200, 300, 'Better with syrup', 10, 'Pancakes07_29_44.jpg', 0, 0),
(43, 'waffles', 400, 800, 'Traditional breakfast stuff', 15, 'waffles07_30_15.jpg', 0, 0),
(46, 'Hot butter mushrooms', 800, 1000, 'Great', 15, 'Hotbuttermushrooms06_32_14.jpg', 0, 0),
(50, 'Ginger Beer', 100, 150, 'Good old ginger beer', 1, 'GingerBeer09_57_00.jpeg', 0, 0),
(51, 'Lime Juice', 100, 150, 'Natural Lime Juice', 5, 'LimeJuice09_57_29.jpg', 0, 1),
(52, 'Strawberry Cheesecake', 1000, 2000, 'Exquisite cheese mixed into strawberries', 20, 'StrawberryCheesecake10_11_02.jpg', 0, 0),
(53, 'Chocolate Ice Cream', 200, 400, 'All around favourite ice cream', 5, 'ChocolateIceCream10_12_01.jpeg', 0, 0),
(54, 'Burgundy Wine', 1500, 2500, 'Richest wine in the urban area', 2, 'BurgundyWine10_12_55.jpg', 0, 1),
(55, 'Brownies', 1000, 1500, 'Comfort Food', 20, 'Brownies10_13_28.jpeg', 0, 1),
(56, 'Cherry Sundae', 300, 500, 'Fancy ice cream', 5, 'CherrySundae10_14_20.jpg', 0, 0),
(57, 'Kottu', 300, 400, 'Best street food ever', 20, 'Kottu08_50_56.jpg', 0, 0),
(58, 'Cheese Burger', 600, 800, 'Burger King would be jealous', 10, 'CheeseBurger20_15_03.jpg', 0, 0),
(59, 'Mojito', 300, 400, 'Minty Lemon Taste', 5, 'Mojito09_56_05.jpeg', 0, 0),
(62, 'Chicken Tandoori', 3000, 3500, 'Mouth-watering delicacy', 30, 'ChickenTandoori09_06_24.jpg', 0, 0);

-- --------------------------------------------------------

--
-- Table structure for table `employees`
--

CREATE TABLE `employees` (
  `emp_id` int(11) NOT NULL,
  `first_name` varchar(100) NOT NULL,
  `last_name` varchar(100) NOT NULL,
  `username` varchar(100) NOT NULL,
  `salary` float NOT NULL,
  `contact_no` varchar(20) NOT NULL,
  `NIC` varchar(20) NOT NULL,
  `date_employed` date NOT NULL DEFAULT '2023-05-09',
  `role` int(11) NOT NULL,
  `email` varchar(50) NOT NULL DEFAULT ' ',
  `password` varchar(512) NOT NULL,
  `last_login` timestamp NOT NULL DEFAULT current_timestamp()
) ENGINE=InnoDB DEFAULT CHARSET=utf8mb4;

--
-- Dumping data for table `employees`
--

INSERT INTO `employees` (`emp_id`, `first_name`, `last_name`, `username`, `salary`, `contact_no`, `NIC`, `date_employed`, `role`, `email`, `password`, `last_login`) VALUES
(4, 'Nipun', 'Weerasiri', 'nipun', 0, '0703489775', '1234', '0000-00-00', 2, 'nipun@email.com', '$2y$10$Mza4PDo2jJyWnhPTBY.tH.XO65n4keDIpEu0iHH1q43gdNSy/Hd1K', '2022-12-16 09:48:17'),
(6, 'Dineth', 'Hettiarachchi', 'DinethH', 0, '0713460295', '1234', '2023-05-09', 4, 'dineth@xmail.com', '$2y$10$v/lINohmWaenrj3lRdmKX.KFFuN5LwPMjWttvH.sXa68HVHCHaKRS', '2023-05-08 22:29:54'),
(7, 'Zulfa', 'Nasry', 'Zulfa', 0, '0712345678', '1234', '2023-05-09', 1, 'zulfa@xmail.com', '$2y$10$o7vlv6/bvq5OuXTObDjw5uMOwbTl4ff4ECtZ5g5dkG2MooNUBWDQS', '2023-05-08 22:30:46'),
(8, 'Keethapriya', 'Manoharan', 'KeethapriyaM', 0, '0712345678', '1234', '2023-05-09', 3, 'keethapriya@xmail.com', '$2y$10$shWJ8otP6wUOoSjKqo7T/emV33wRZxjFFXJBYHbKTE9ZwbH.SL0Tu', '2023-05-08 22:31:37');

-- --------------------------------------------------------

--
-- Table structure for table `feedback`
--

CREATE TABLE `feedback` (
  `feedback_id` int(11) NOT NULL,
  `order_id` int(11) NOT NULL,
  `rating` tinyint(4) NOT NULL,
  `description` varchar(2000) DEFAULT NULL
) ENGINE=InnoDB DEFAULT CHARSET=utf8mb4;

--
-- Dumping data for table `feedback`
--

INSERT INTO `feedback` (`feedback_id`, `order_id`, `rating`, `description`) VALUES
(1, 1, 3, 'Good stuff'),
(13, 1, 5, 'Great experience'),
(14, 2, 4, 'Satisfied with the service'),
(15, 3, 3, 'Could have been better'),
(16, 4, 4, 'Fast and efficient'),
(17, 5, 5, 'Excellent service'),
(18, 6, 4, 'No complaints'),
(19, 7, 2, 'Not impressed'),
(20, 8, 5, 'Would definitely recommend'),
(21, 5, 4, 'Good job'),
(22, 7, 5, 'Outstanding service'),
(23, 4, 4, 'Very satisfied'),
(24, 900, 3, 'Tasty'),
(25, 1524, 5, 'Really Good'),
(26, 191, 4, 'Very nice');

-- --------------------------------------------------------

--
-- Table structure for table `general_info`
--

CREATE TABLE `general_info` (
  `restaurant_name` varchar(100) NOT NULL,
  `opening_time` time DEFAULT NULL,
  `closing_time` time DEFAULT NULL,
  `email` varchar(100) DEFAULT NULL,
  `contact_no` varchar(20) DEFAULT NULL,
  `twitter_url` varchar(100) NOT NULL,
  `instagram_url` varchar(100) NOT NULL,
  `introduction` varchar(500) DEFAULT NULL,
  `background_image_url` varchar(100) DEFAULT NULL,
  `logo_url` varchar(100) NOT NULL,
  `favicon_url` varchar(100) NOT NULL,
  `kitchen_staff` int(11) NOT NULL DEFAULT 5,
  `max_guest_bill` int(11) NOT NULL DEFAULT 10000,
  `max_nonbulk` int(11) NOT NULL DEFAULT 20000
) ENGINE=InnoDB DEFAULT CHARSET=utf8mb4;

--
-- Dumping data for table `general_info`
--

INSERT INTO `general_info` (`restaurant_name`, `opening_time`, `closing_time`, `email`, `contact_no`, `twitter_url`, `instagram_url`, `introduction`, `background_image_url`, `logo_url`, `favicon_url`, `kitchen_staff`, `max_guest_bill`, `max_nonbulk`) VALUES
('PitStop', '09:00:00', '23:00:00', 'pitstop@xmail.com', '0719873456', 'https://twitter.com/RealMrRickRoll', 'https://www.instagram.com/p/BgSlRglAKBn/', '\"A small dot in a faraway galaxy\"', 'myimg.png', '', '', 5, 10000, 20000);

-- --------------------------------------------------------

--
-- Table structure for table `guest_users`
--

CREATE TABLE `guest_users` (
  `guest_id` int(11) NOT NULL,
  `first_name` varchar(100) DEFAULT NULL,
  `last_name` varchar(100) DEFAULT NULL,
  `contact_no` varchar(20) DEFAULT NULL,
  `email` varchar(100) DEFAULT NULL,
  `date_created` datetime NOT NULL DEFAULT current_timestamp(),
  `promo_id` int(11) NOT NULL DEFAULT 1
) ENGINE=InnoDB DEFAULT CHARSET=utf8mb4;

--
-- Dumping data for table `guest_users`
--

INSERT INTO `guest_users` (`guest_id`, `first_name`, `last_name`, `contact_no`, `email`, `date_created`, `promo_id`) VALUES
(1, NULL, NULL, NULL, NULL, '2023-05-03 11:17:23', 1),
(2, NULL, NULL, NULL, NULL, '2023-05-03 11:23:19', 1),
(3, NULL, NULL, NULL, NULL, '2023-05-03 11:37:12', 1),
(4, NULL, NULL, NULL, NULL, '2023-05-03 12:25:05', 1),
(5, NULL, NULL, NULL, NULL, '2023-05-03 12:40:49', 1),
(6, NULL, NULL, NULL, NULL, '2023-05-03 16:43:01', 1),
(7, NULL, NULL, NULL, NULL, '2023-05-03 16:57:50', 1),
(8, NULL, NULL, NULL, NULL, '2023-05-03 17:01:43', 1),
(9, NULL, NULL, NULL, NULL, '2023-05-03 17:06:47', 1),
(10, NULL, NULL, NULL, NULL, '2023-05-03 19:44:50', 1),
(11, NULL, NULL, NULL, NULL, '2023-05-03 20:11:15', 1),
(12, NULL, NULL, NULL, NULL, '2023-05-03 23:18:00', 1),
(13, NULL, NULL, NULL, NULL, '2023-05-03 23:29:28', 1),
(14, NULL, NULL, NULL, NULL, '2023-05-03 23:35:25', 1),
(15, NULL, NULL, NULL, NULL, '2023-05-03 23:52:28', 1),
(16, NULL, NULL, NULL, NULL, '2023-05-04 10:39:39', 1),
(17, 'Sendara', NULL, '4343', NULL, '2023-05-04 11:55:52', 1),
(18, 'Ra\'as Al Ghul', NULL, '43666', NULL, '2023-05-04 12:04:30', 1),
(19, NULL, NULL, NULL, NULL, '2023-05-04 14:01:16', 1),
(20, NULL, NULL, NULL, NULL, '2023-05-04 15:23:27', 1),
(21, NULL, NULL, NULL, NULL, '2023-05-04 15:25:26', 1),
(22, NULL, NULL, NULL, NULL, '2023-05-04 18:58:17', 1),
(23, NULL, NULL, NULL, NULL, '2023-05-05 10:53:43', 1),
(24, NULL, NULL, NULL, NULL, '2023-05-05 12:35:48', 1),
(25, NULL, NULL, NULL, NULL, '2023-05-05 12:36:17', 1),
(26, NULL, NULL, NULL, NULL, '2023-05-05 12:41:12', 1),
(27, NULL, NULL, NULL, NULL, '2023-05-05 15:53:38', 1),
(28, NULL, NULL, NULL, NULL, '2023-05-05 18:55:49', 1),
(29, NULL, NULL, NULL, NULL, '2023-05-06 11:07:49', 1),
(30, NULL, NULL, NULL, NULL, '2023-05-06 17:28:23', 1),
(31, NULL, NULL, NULL, NULL, '2023-05-06 18:38:26', 1),
(32, NULL, NULL, NULL, NULL, '2023-05-06 23:46:19', 1),
(33, NULL, NULL, NULL, NULL, '2023-05-07 00:13:06', 1),
(34, NULL, NULL, NULL, NULL, '2023-05-07 13:21:35', 1),
(35, NULL, NULL, NULL, NULL, '2023-05-07 21:53:04', 1),
(36, NULL, NULL, NULL, NULL, '2023-05-09 03:41:53', 1),
(37, NULL, NULL, NULL, NULL, '2023-05-09 03:42:32', 1),
(38, NULL, NULL, NULL, NULL, '2023-05-09 03:42:43', 1),
(39, NULL, NULL, NULL, NULL, '2023-05-09 04:01:21', 1),
(40, NULL, NULL, NULL, NULL, '2023-05-09 04:02:53', 1),
(41, NULL, NULL, NULL, NULL, '2023-05-09 04:06:18', 1),
(42, NULL, NULL, NULL, NULL, '2023-05-09 04:13:51', 1),
(43, NULL, NULL, NULL, NULL, '2023-05-09 04:36:02', 1),
(44, NULL, NULL, NULL, NULL, '2023-05-09 04:36:02', 1),
(45, NULL, NULL, NULL, NULL, '2023-05-09 04:56:05', 1),
(46, NULL, NULL, NULL, NULL, '2023-05-09 05:10:41', 1),
(47, NULL, NULL, NULL, NULL, '2023-05-09 05:10:41', 1),
(48, NULL, NULL, NULL, NULL, '2023-05-09 05:12:48', 1),
(49, NULL, NULL, NULL, NULL, '2023-05-09 05:39:14', 1),
(50, NULL, NULL, NULL, NULL, '2023-05-09 05:39:15', 1),
(51, NULL, NULL, NULL, NULL, '2023-05-09 06:14:10', 1),
(52, NULL, NULL, NULL, NULL, '2023-05-09 06:21:49', 1),
(53, NULL, NULL, NULL, NULL, '2023-05-09 06:33:08', 1),
(54, NULL, NULL, NULL, NULL, '2023-05-09 06:33:12', 1),
(55, NULL, NULL, NULL, NULL, '2023-05-09 06:33:16', 1),
(56, NULL, NULL, NULL, NULL, '2023-05-09 06:33:19', 1),
(57, NULL, NULL, NULL, NULL, '2023-05-09 06:33:23', 1),
(58, NULL, NULL, NULL, NULL, '2023-05-09 06:33:27', 1),
(59, NULL, NULL, NULL, NULL, '2023-05-09 06:33:31', 1),
(60, NULL, NULL, NULL, NULL, '2023-05-09 06:37:02', 1),
(61, NULL, NULL, NULL, NULL, '2023-05-09 06:37:02', 1),
(62, NULL, NULL, NULL, NULL, '2023-05-09 06:42:34', 1),
(63, NULL, NULL, NULL, NULL, '2023-05-09 06:52:28', 1),
(64, NULL, NULL, NULL, NULL, '2023-05-09 07:15:08', 1),
(65, NULL, NULL, NULL, NULL, '2023-05-09 07:15:08', 1),
(66, NULL, NULL, NULL, NULL, '2023-05-09 08:04:23', 1),
(67, NULL, NULL, NULL, NULL, '2023-05-09 08:37:06', 1),
(68, NULL, NULL, NULL, NULL, '2023-05-09 08:37:28', 1),
(69, NULL, NULL, NULL, NULL, '2023-05-09 08:37:32', 1),
(70, NULL, NULL, NULL, NULL, '2023-05-09 08:49:23', 1),
(71, NULL, NULL, NULL, NULL, '2023-05-09 08:58:31', 1),
(72, NULL, NULL, NULL, NULL, '2023-05-09 08:58:32', 1),
(73, NULL, NULL, NULL, NULL, '2023-05-09 09:00:37', 1),
(74, NULL, NULL, NULL, NULL, '2023-05-09 09:00:47', 1),
(75, NULL, NULL, NULL, NULL, '2023-05-09 09:00:50', 1),
(76, NULL, NULL, NULL, NULL, '2023-05-09 09:11:01', 1),
(77, NULL, NULL, NULL, NULL, '2023-05-09 09:15:51', 1),
(78, NULL, NULL, NULL, NULL, '2023-05-09 09:15:51', 1),
(79, NULL, NULL, NULL, NULL, '2023-05-09 09:18:29', 1),
(80, NULL, NULL, NULL, NULL, '2023-05-09 09:33:29', 1),
(81, NULL, NULL, NULL, NULL, '2023-05-09 09:40:16', 1),
(82, NULL, NULL, NULL, NULL, '2023-05-09 09:40:17', 1),
(83, NULL, NULL, NULL, NULL, '2023-05-09 09:51:17', 1),
(84, NULL, NULL, NULL, NULL, '2023-05-09 09:53:14', 1),
(85, NULL, NULL, NULL, NULL, '2023-05-09 09:53:15', 1),
(86, NULL, NULL, NULL, NULL, '2023-05-09 09:53:31', 1),
(87, NULL, NULL, NULL, NULL, '2023-05-09 09:53:33', 1),
(88, NULL, NULL, NULL, NULL, '2023-05-09 09:54:38', 1),
(89, NULL, NULL, NULL, NULL, '2023-05-09 09:54:39', 1),
(90, NULL, NULL, NULL, NULL, '2023-05-09 09:57:34', 1),
(91, NULL, NULL, NULL, NULL, '2023-05-09 09:57:35', 1),
(92, NULL, NULL, NULL, NULL, '2023-05-09 10:05:24', 1),
(93, NULL, NULL, NULL, NULL, '2023-05-09 10:10:01', 1),
(94, NULL, NULL, NULL, NULL, '2023-05-09 10:18:26', 1),
(95, NULL, NULL, NULL, NULL, '2023-05-09 10:18:27', 1),
(96, NULL, NULL, NULL, NULL, '2023-05-09 10:21:58', 1),
(97, NULL, NULL, NULL, NULL, '2023-05-09 10:22:24', 1),
(98, NULL, NULL, NULL, NULL, '2023-05-09 10:30:36', 1),
(99, NULL, NULL, NULL, NULL, '2023-05-09 10:38:17', 1),
(100, NULL, NULL, NULL, NULL, '2023-05-09 10:48:52', 1),
(101, NULL, NULL, NULL, NULL, '2023-05-09 11:07:20', 1),
(102, NULL, NULL, NULL, NULL, '2023-05-09 11:07:20', 1),
(103, NULL, NULL, NULL, NULL, '2023-05-09 11:21:40', 1),
(104, NULL, NULL, NULL, NULL, '2023-05-09 13:08:39', 1),
(105, NULL, NULL, NULL, NULL, '2023-05-09 13:33:06', 1),
(106, NULL, NULL, NULL, NULL, '2023-05-09 13:34:41', 1),
(107, NULL, NULL, NULL, NULL, '2023-05-09 16:19:05', 1),
(108, NULL, NULL, NULL, NULL, '2023-05-10 16:49:00', 1),
(109, NULL, NULL, NULL, NULL, '2023-05-10 16:49:50', 1),
(110, NULL, NULL, NULL, NULL, '2023-05-10 16:55:22', 1);

-- --------------------------------------------------------

--
-- Table structure for table `ingredients`
--

CREATE TABLE `ingredients` (
  `dish_id` int(11) NOT NULL,
  `item_id` int(11) NOT NULL,
  `quantity` float NOT NULL,
  `unit` int(11) NOT NULL
) ENGINE=InnoDB DEFAULT CHARSET=utf8mb4;

--
-- Dumping data for table `ingredients`
--

INSERT INTO `ingredients` (`dish_id`, `item_id`, `quantity`, `unit`) VALUES
(33, 3, 0.3, 8),
(33, 13, 200, 2),
(33, 17, 0.8, 8),
(33, 44, 3, 12),
(34, 7, 0.006, 3),
(34, 11, 100, 4),
(34, 17, 200, 2),
(34, 32, 400, 2),
(35, 9, 100, 2),
(35, 10, 1, 12),
(35, 11, 225, 3),
(35, 47, 320, 2),
(35, 49, 57, 2),
(36, 7, 0.001, 1),
(36, 10, 1, 12),
(36, 49, 113, 2),
(37, 3, 100, 2),
(37, 47, 500, 2),
(38, 11, 1, 9),
(38, 44, 2, 12),
(38, 47, 100, 2),
(39, 10, 78, 1),
(39, 16, 500, 2),
(39, 26, 3, 12),
(40, 3, 1, 1),
(40, 9, 0.5, 1),
(40, 23, 50, 2),
(40, 39, 2, 9),
(41, 12, 1, 1),
(41, 26, 100, 2),
(41, 49, 100, 2),
(42, 7, 0.04, 8),
(42, 9, 200, 2),
(42, 10, 10, 2),
(42, 47, 100, 2),
(43, 9, 300, 2),
(43, 10, 1, 12),
(43, 11, 500, 3),
(43, 47, 200, 2),
(46, 10, 3, 12),
(46, 26, 20, 2),
(46, 32, 200, 2),
(46, 44, 2, 12),
(46, 47, 50, 2),
(50, 9, 2, 12),
(50, 51, 50, 2),
(51, 9, 2, 12),
(51, 14, 50, 2),
(52, 9, 300, 2),
(52, 33, 1, 1),
(52, 47, 100, 2),
(53, 50, 1, 9),
(54, 15, 360, 3),
(55, 9, 2, 12),
(55, 47, 2, 9),
(55, 48, 200, 2),
(56, 50, 3, 9),
(57, 3, 50, 2),
(57, 10, 2, 12),
(57, 24, 20, 2),
(57, 28, 10, 2),
(57, 47, 100, 2),
(58, 10, 2, 12),
(58, 13, 10, 2),
(58, 29, 1, 2),
(58, 47, 4, 9),
(58, 49, 28, 2),
(59, 9, 2, 12),
(59, 14, 50, 2),
(62, 46, 1, 1);

-- --------------------------------------------------------

--
-- Table structure for table `inventory`
--

CREATE TABLE `inventory` (
  `item_id` int(11) NOT NULL,
  `amount_remaining` float NOT NULL,
  `last_updated` timestamp NOT NULL DEFAULT current_timestamp(),
  `max_stock_level` float DEFAULT NULL,
  `buffer_stock_level` float DEFAULT NULL,
  `reorder_level` float DEFAULT NULL,
  `lead_time` int(11) DEFAULT NULL
) ENGINE=InnoDB DEFAULT CHARSET=utf8mb4;

--
-- Dumping data for table `inventory`
--

INSERT INTO `inventory` (`item_id`, `amount_remaining`, `last_updated`, `max_stock_level`, `buffer_stock_level`, `reorder_level`, `lead_time`) VALUES
(2, 40, '2023-03-19 06:44:48', 60, 20, 30, 2),
(3, 60, '2023-02-28 06:44:48', 100, 20, 50, 2),
(7, 25, '2023-03-18 06:44:48', 100, 20, 50, 2),
(9, 59.9433, '2023-02-28 06:44:48', 100, 25, 46, 2),
(10, 90, '2023-02-28 06:44:48', 100, 11, 40, 3),
(11, 68, '2023-02-28 06:44:48', 70, 30, 50, 2),
(12, 60, '2023-02-28 06:44:48', 81, 20, 53, 2),
(13, 87, '2023-02-28 06:44:48', 100, 35, 50, 2),
(14, 78.9999, '2023-03-20 01:46:17', 101, 40, 63, 2),
(15, 63, '2023-02-28 06:44:48', 100, 25, 60, 2),
(16, 90, '2023-02-28 06:44:48', 100, 30, 50, 2),
(17, 40, '2023-03-20 01:50:01', 80, 30, 60, 2),
(19, 60, '2023-02-28 06:44:48', 100, 25, 66, 2),
(23, 62, '2023-03-19 18:20:10', 100, 20, 50, 2),
(24, 100, '2023-03-19 18:26:35', 100, 20, 50, 2),
(25, 10, '2023-03-19 18:26:35', 100, 20, 50, 2),
(26, 40, '2023-03-19 18:26:35', 100, 20, 50, 2),
(27, 70, '2023-03-19 18:26:35', 100, 20, 50, 2),
(28, 60, '2023-03-20 01:43:08', 100, 20, 50, 2),
(29, 30, '2023-03-20 01:43:20', 100, 20, 50, 2),
(30, 10, '2023-03-19 18:26:35', 100, 20, 50, 2),
(31, 45, '2023-03-20 01:43:28', 100, 20, 50, 2),
(32, 70, '2023-03-19 18:26:35', 100, 20, 50, 2),
(33, 62, '2023-03-19 18:26:35', 100, 20, 50, 2),
(44, 75, '2023-05-04 07:12:06', 100, 20, 50, 2),
(45, 0, '2023-05-09 03:25:38', 100, 25, 50, 0),
(46, 44, '2023-05-09 03:33:03', 100, 25, 50, 0);

-- --------------------------------------------------------

--
-- Table structure for table `inventory2`
--

CREATE TABLE `inventory2` (
  `pid` int(11) DEFAULT NULL,
  `item_id` int(11) DEFAULT NULL,
  `amount_remaining` float DEFAULT NULL,
  `special_notes` varchar(500) DEFAULT NULL,
  `expiry_risk` smallint(6) DEFAULT 0,
  `last_used` timestamp NOT NULL DEFAULT current_timestamp()
) ENGINE=InnoDB DEFAULT CHARSET=utf8mb4;

--
-- Dumping data for table `inventory2`
--

INSERT INTO `inventory2` (`pid`, `item_id`, `amount_remaining`, `special_notes`, `expiry_risk`, `last_used`) VALUES
(71, 15, 43, NULL, 0, '2023-02-28 06:44:48'),
(72, 13, 43, NULL, 0, '2023-02-28 12:45:47'),
(73, 14, 28.9999, NULL, 0, '2023-05-03 08:48:00'),
(74, 15, 10, NULL, 0, '2023-02-28 06:44:48'),
(75, 16, 50, NULL, 0, '2023-02-28 06:44:48'),
(76, 17, 20, NULL, 0, '2023-03-20 01:50:01'),
(78, 19, 20, NULL, 0, '2023-02-28 06:44:48'),
(79, 13, 43, NULL, 0, '2023-02-28 06:44:48'),
(80, 11, 5, NULL, 0, '2023-03-05 06:51:11'),
(81, 12, 10, NULL, 0, '2023-03-05 06:50:16'),
(82, 13, 1, NULL, 0, '2023-03-09 07:49:38'),
(83, 14, 50, NULL, 0, '2023-02-28 06:44:48'),
(84, 15, 10, NULL, 0, '2023-02-28 06:44:48'),
(85, 16, 40, NULL, 0, '2023-02-28 06:44:48'),
(86, 17, 20, '1', 1, '2023-02-28 06:44:48'),
(88, 3, 10, NULL, 0, '2023-03-15 17:10:52'),
(89, 7, 2, 'Don\'t let it get smashed', 0, '2023-04-20 13:32:48'),
(90, 9, 9.9433, NULL, 0, '2023-05-03 08:48:04'),
(91, 10, 10, NULL, 0, '2023-02-28 06:44:48'),
(95, 23, 12, NULL, 0, '2023-04-28 17:43:04'),
(116, 24, 10, NULL, 0, '2023-03-19 18:26:35'),
(117, 25, 10, NULL, 0, '2023-03-19 18:26:35'),
(118, 26, 10, NULL, 0, '2023-03-19 18:26:35'),
(119, 27, 10, NULL, 0, '2023-03-19 18:26:35'),
(120, 28, 60, NULL, 0, '2023-03-20 01:43:08'),
(121, 29, 30, NULL, 0, '2023-03-20 01:43:20'),
(122, 30, 10, '1', 1, '2023-03-19 18:26:35'),
(123, 31, 45, NULL, 0, '2023-04-28 17:43:26'),
(124, 32, 10, NULL, 0, '2023-03-19 18:26:35'),
(125, 33, 2, NULL, 0, '2023-04-18 14:38:54'),
(126, 7, 3, NULL, 0, '2023-04-18 14:38:03'),
(127, 11, 3, NULL, 0, '2023-04-18 15:08:19'),
(129, 44, 50, NULL, 0, '2023-05-04 07:12:06'),
(131, 46, 44, '', 0, '2023-05-09 04:15:24'),
(132, 19, 40, '', 0, '2023-05-09 04:22:22'),
(133, 10, 80, '', 0, '2023-05-09 04:23:13'),
(134, 2, 40, '', 0, '2023-05-09 04:24:44'),
(135, 32, 60, '', 0, '2023-05-09 04:25:36'),
(136, 3, 50, '', 0, '2023-05-09 04:26:35'),
(137, 44, 25, '', 0, '2023-05-09 04:27:58'),
(138, 27, 60, '', 0, '2023-05-09 04:29:46'),
(139, 24, 90, '', 0, '2023-05-09 04:30:38'),
(140, 26, 30, '', 0, '2023-05-09 04:31:39'),
(141, 23, 50, '', 0, '2023-05-09 04:32:28'),
(142, 9, 50, '', 0, '2023-05-09 04:33:35'),
(143, 33, 60, '', 0, '2023-05-09 04:34:18'),
(144, 12, 50, '', 0, '2023-05-09 04:35:07'),
(145, 11, 60, '', 0, '2023-05-09 04:35:51');

--
-- Triggers `inventory2`
--
DELIMITER $$
CREATE TRIGGER `update_last_used` BEFORE UPDATE ON `inventory2` FOR EACH ROW BEGIN
    IF NEW.amount_remaining <> OLD.amount_remaining THEN
        SET NEW.last_used = NOW();
    END IF;
END
$$
DELIMITER ;

-- --------------------------------------------------------

--
-- Table structure for table `items`
--

CREATE TABLE `items` (
  `item_id` int(11) NOT NULL,
  `item_name` varchar(256) NOT NULL,
  `description` text DEFAULT NULL,
  `unit` int(11) NOT NULL,
  `category` int(11) DEFAULT NULL,
  `image_url` varchar(100) DEFAULT NULL,
  `deleted` tinyint(1) NOT NULL DEFAULT 0
) ENGINE=InnoDB DEFAULT CHARSET=utf8mb4;

--
-- Dumping data for table `items`
--

INSERT INTO `items` (`item_id`, `item_name`, `description`, `unit`, `category`, `image_url`, `deleted`) VALUES
(2, 'Dhal', 'Dried, split pulses', 1, 3, 'dhal.jpg', 0),
(3, 'Carrots', 'Root vegetable that grows low to the ground', 1, 4, 'carrots.svg', 0),
(7, 'Banana', 'Tropical fruit', 1, 5, 'banana.svg', 0),
(9, 'Sugar', 'Crystalized, caloric, sweet-tasting compound', 1, 2, 'sugar.svg', 0),
(10, 'Salt', 'Powdered', 1, 2, 'salt.svg', 0),
(11, 'Milk', 'Cow\'s milk', 4, 7, 'milk.svg', 0),
(12, 'Bread', 'A staple food', 1, 6, 'bread.svg', 0),
(13, 'Cheese', 'A dairy product', 1, 7, 'cheese.svg', 0),
(14, 'Lemon', 'A citrus fruit', 1, 5, 'lemon.svg', 0),
(15, 'Wine', 'Alcoholic beverage', 4, 1, 'wine.svg', 0),
(16, 'Rice', 'Long grain Basmati Rice', 1, 3, 'rice.svg', 0),
(17, 'Tomatoes', 'Sweet, acidy fruit', 1, 4, 'tomatoes.svg', 0),
(19, 'Coffee', 'Arabica coffee beans', 1, 1, 'coffee.svg', 0),
(20, 'Tea', 'Black tea leaves', 1, 1, 'tea.svg', 0),
(23, 'Potatoes', 'Starchy, edible tubers', 1, 4, 'potatoes.svg', 0),
(24, 'Onions', 'Edible, rounded bulb', 1, 4, 'big_onions.svg', 0),
(25, 'Bell Pepper', 'Loaded with various vitamins and minerals', 2, 4, 'bell_pepper.svg', 0),
(26, 'Garlic', 'Plant growing from a bulb', 2, 4, 'garlic.svg', 0),
(27, 'Cabbage', 'Leafy plant', 1, 4, 'cabbage.svg', 0),
(28, 'Chillies', 'Very hot, pungent peppers', 2, 4, 'chillies.svg', 0),
(29, 'Lettuce', 'Leafy vegetable', 1, 4, 'lettuce.svg', 0),
(30, 'Radish', 'Root vegetable with light coloured crunchy flesh', 1, 4, 'radish.svg', 0),
(31, 'Okra', 'Green, tube-like fruit with a mild grassy flavour', 1, 4, 'okra.svg', 0),
(32, 'Button Mushrooms', 'Small mushroom with a round top', 1, 4, 'button_mushroom.svg', 0),
(33, 'Strawberries', 'Bright red and sweet fruit', 1, 5, 'strawberries.svg', 0),
(34, 'Pumpkin', 'Nutritious, plump, orange vegetable', 1, 4, 'pumpkin.svg', 0),
(35, 'Leeks', 'Edible bulb and leaves', 1, 4, 'leeks.svg', 0),
(36, 'Beans', 'Type of legume', 1, 4, 'beans.svg', 0),
(37, 'Sweet Potatoes', 'Sugary taste with starch', 1, 4, 'sweet_potatoes.svg', 0),
(38, 'Broccoli', 'Form of cabbage', 1, 4, 'broccoli.svg', 0),
(39, 'Corn', 'Starchy vegetable', 1, 4, 'corn.svg', 0),
(40, 'Spinach', 'Leafy, green vegetable', 1, 3, 'spinach.svg', 0),
(41, 'Beetroot', 'Root vegetable', 1, 4, 'beetroot.svg', 0),
(44, 'Olive Oil', 'Extracted from olives', 4, 16, 'OliveOil12_40_12.jpeg', 0),
(45, 'Frozen Chicken', '', 1, 12, 'FrozenChicken08_54_40.jpg', 1),
(46, 'Frozen Chicken', 'Type of poultry', 1, 12, 'FrozenChicken09_02_13.jpg', 0),
(47, 'Flour', 'Finely ground cereal grains', 9, 3, 'Flour09_14_13.jpg', 0),
(48, 'Chocolate', 'Made from cocoa beans', 2, 13, 'Chocolate09_16_54.jpg', 0),
(49, 'Butter', 'Produced by churning the cream from cows’ milk', 2, 6, 'Butter09_21_58.jpg', 0),
(50, 'Ice cream', 'Sweet, smooth frozen dessert', 9, 7, 'Icecream09_27_31.jpg', 0),
(51, 'Ginger', 'Used as a spice', 2, 2, 'Ginger09_37_02.jpg', 0);

-- --------------------------------------------------------

--
-- Table structure for table `menus`
--

CREATE TABLE `menus` (
  `menu_id` int(11) NOT NULL,
  `menu_name` varchar(255) NOT NULL,
  `description` varchar(200) NOT NULL,
  `start_time` time DEFAULT NULL,
  `end_time` time DEFAULT NULL,
  `image_url` varchar(200) DEFAULT NULL,
  `all_day` tinyint(1) NOT NULL DEFAULT 0
) ENGINE=InnoDB DEFAULT CHARSET=utf8mb4;

--
-- Dumping data for table `menus`
--

INSERT INTO `menus` (`menu_id`, `menu_name`, `description`, `start_time`, `end_time`, `image_url`, `all_day`) VALUES
(1, 'Indian', 'Savory Indian food', NULL, NULL, 'indianmenu.jpg', 1),
(2, 'Desserts', '', NULL, NULL, 'dessertmenu.jpeg', 1),
(3, 'European', 'Le Fromag', '00:00:00', '00:55:00', 'euromenu.jpg', 1),
(4, 'Local', '', NULL, NULL, 'localmenu.jpg', 1),
(5, 'Beverages', 'Quench that thirst', '00:00:00', '00:00:00', 'beveragemenu.jpeg', 1);

-- --------------------------------------------------------

--
-- Table structure for table `menu_dishes`
--

CREATE TABLE `menu_dishes` (
  `menu_id` int(11) NOT NULL,
  `dish_id` int(11) NOT NULL
) ENGINE=InnoDB DEFAULT CHARSET=utf8mb4;

--
-- Dumping data for table `menu_dishes`
--

INSERT INTO `menu_dishes` (`menu_id`, `dish_id`) VALUES
(1, 37),
(1, 38),
(1, 39),
(1, 40),
(1, 50),
(1, 62),
(2, 35),
(2, 36),
(2, 43),
(2, 52),
(2, 53),
(2, 55),
(2, 56),
(3, 33),
(3, 42),
(3, 54),
(3, 56),
(4, 46),
(4, 51),
(4, 57),
(5, 50),
(5, 51),
(5, 54),
(5, 59);

-- --------------------------------------------------------

--
-- Table structure for table `menu_statistics`
--

CREATE TABLE `menu_statistics` (
  `id` int(11) NOT NULL,
  `menu_id` int(11) NOT NULL,
  `date` date NOT NULL,
  `mcount` int(11) NOT NULL DEFAULT 0
) ENGINE=InnoDB DEFAULT CHARSET=utf8mb4;

--
-- Dumping data for table `menu_statistics`
--

INSERT INTO `menu_statistics` (`id`, `menu_id`, `date`, `mcount`) VALUES
(1, 5, '2022-09-08', 9),
(2, 4, '2022-08-27', 14),
(3, 1, '2022-08-19', 25),
(4, 2, '2022-08-13', 23),
(5, 5, '2022-03-25', 23),
(6, 1, '2022-05-10', 20),
(7, 4, '2022-05-16', 12),
(8, 2, '2022-06-16', 11),
(9, 5, '2022-06-18', 18),
(10, 4, '2022-07-03', 9),
(11, 3, '2022-07-25', 19),
(12, 5, '2022-04-12', 12),
(13, 2, '2022-04-23', 23),
(14, 3, '2022-06-11', 18),
(15, 5, '2022-06-16', 5),
(16, 5, '2022-04-06', 16),
(17, 4, '2022-04-02', 18),
(18, 3, '2022-07-14', 14),
(19, 2, '2022-06-06', 24),
(20, 1, '2022-07-30', 15),
(21, 2, '2022-06-08', 24),
(22, 3, '2022-06-25', 16),
(23, 5, '2022-07-09', 9),
(24, 4, '2022-04-11', 16),
(25, 1, '2022-06-15', 18),
(26, 3, '2022-07-06', 18),
(27, 1, '2022-04-30', 24),
(28, 5, '2022-07-02', 21),
(29, 1, '2022-07-07', 19),
(30, 4, '2022-04-10', 16),
(31, 4, '2022-08-04', 23),
(32, 5, '2022-04-08', 21),
(33, 1, '2022-04-13', 9),
(34, 5, '2022-07-17', 15),
(35, 1, '2022-04-23', 6),
(36, 4, '2022-08-14', 11),
(37, 1, '2022-04-16', 9),
(38, 1, '2022-08-11', 17),
(39, 4, '2022-04-24', 10),
(40, 4, '2022-09-07', 5),
(41, 3, '2022-08-09', 9),
(42, 1, '2022-06-04', 8),
(43, 5, '2022-07-12', 25),
(44, 2, '2022-05-29', 6),
(45, 4, '2022-08-26', 15),
(46, 2, '2022-08-04', 14),
(47, 3, '2022-06-09', 11),
(48, 1, '2022-09-10', 13),
(49, 5, '2022-08-07', 13),
(50, 1, '2022-08-06', 8),
(53, 1, '2022-07-13', 16),
(54, 4, '2022-08-09', 11),
(55, 1, '2022-08-07', 11),
(56, 3, '2022-04-17', 6),
(57, 1, '2022-09-09', 10),
(58, 4, '2022-07-08', 21),
(59, 4, '2022-03-23', 8),
(60, 2, '2022-06-04', 6),
(61, 2, '2022-06-27', 9),
(62, 2, '2022-04-17', 20),
(63, 4, '2022-06-30', 15),
(64, 4, '2022-07-19', 21),
(65, 2, '2022-06-24', 21),
(67, 5, '2022-07-19', 5),
(68, 1, '2022-04-14', 22),
(70, 4, '2022-04-19', 13),
(71, 5, '2022-05-12', 6),
(72, 5, '2022-04-20', 21),
(73, 2, '2022-05-17', 10),
(74, 3, '2022-05-05', 16),
(75, 5, '2022-03-14', 6),
(76, 1, '2022-03-29', 13),
(77, 5, '2022-06-30', 9),
(78, 4, '2022-04-21', 19),
(79, 4, '2022-05-14', 25),
(80, 5, '2022-04-15', 20),
(81, 4, '2022-08-16', 25),
(82, 5, '2022-08-13', 6),
(83, 4, '2022-08-30', 13),
(84, 5, '2022-06-28', 24),
(85, 1, '2022-04-19', 7),
(86, 2, '2022-06-01', 23),
(88, 4, '2022-06-02', 15),
(89, 2, '2022-09-09', 10),
(90, 3, '2022-04-24', 7),
(91, 5, '2022-05-14', 19),
(93, 3, '2022-06-01', 6),
(95, 5, '2022-08-05', 8),
(96, 1, '2022-04-28', 20),
(97, 3, '2022-07-22', 9),
(99, 1, '2022-07-15', 22),
(100, 2, '2022-04-19', 21),
(101, 2, '2022-06-26', 22),
(102, 4, '2022-07-23', 21),
(103, 2, '2022-04-18', 23),
(104, 3, '2022-03-18', 20),
(106, 4, '2022-08-18', 19),
(107, 2, '2022-08-22', 23),
(109, 1, '2022-03-22', 17),
(110, 4, '2022-05-30', 17),
(111, 3, '2022-04-04', 17),
(112, 3, '2022-06-18', 9),
(113, 5, '2022-08-23', 10),
(114, 3, '2022-05-07', 8),
(115, 3, '2022-04-06', 20),
(117, 4, '2022-04-25', 8),
(118, 4, '2022-07-13', 17),
(120, 1, '2022-06-28', 22),
(121, 5, '2022-05-02', 21),
(122, 4, '2022-07-22', 15),
(123, 4, '2022-04-08', 11),
(124, 3, '2022-04-05', 14),
(125, 5, '2022-08-18', 16),
(126, 3, '2022-03-30', 7),
(127, 3, '2022-08-03', 6),
(128, 3, '2022-08-17', 19),
(129, 2, '2022-08-20', 24),
(130, 1, '2022-05-01', 8),
(131, 5, '2022-06-23', 14),
(132, 3, '2022-06-26', 17),
(134, 5, '2022-03-31', 18),
(135, 1, '2022-06-30', 10),
(137, 5, '2022-07-18', 25),
(138, 2, '2022-07-31', 11),
(139, 2, '2022-04-09', 24),
(140, 5, '2022-07-11', 10),
(141, 5, '2022-04-18', 6),
(142, 2, '2022-05-12', 13),
(143, 5, '2022-04-22', 19),
(144, 5, '2022-09-06', 20),
(145, 2, '2022-05-31', 23),
(147, 5, '2022-05-24', 10),
(148, 5, '2022-04-25', 22),
(149, 5, '2022-05-06', 9),
(150, 3, '2022-06-06', 21),
(151, 2, '2022-07-22', 20),
(152, 1, '2022-05-05', 9),
(153, 2, '2022-07-03', 12),
(154, 1, '2022-05-03', 15),
(155, 5, '2022-06-13', 24),
(156, 1, '2022-05-26', 21),
(157, 2, '2022-07-05', 20),
(158, 2, '2022-06-11', 10),
(159, 5, '2022-07-27', 7),
(160, 5, '2022-06-03', 6),
(161, 3, '2022-05-24', 17),
(162, 3, '2022-07-19', 6),
(163, 2, '2022-03-20', 7),
(164, 5, '2022-08-02', 17),
(165, 5, '2022-03-27', 17),
(166, 1, '2022-08-24', 13),
(167, 4, '2022-06-01', 10),
(169, 1, '2022-07-05', 7),
(170, 2, '2022-08-05', 23),
(172, 5, '2022-04-04', 22),
(173, 1, '2022-04-26', 7),
(175, 1, '2022-07-04', 9),
(176, 4, '2022-08-06', 17),
(178, 3, '2022-04-02', 7),
(179, 5, '2022-05-03', 10),
(180, 2, '2022-07-19', 10),
(182, 3, '2022-07-01', 13),
(183, 2, '2022-08-28', 17),
(184, 4, '2022-08-03', 17),
(186, 4, '2022-06-23', 17),
(188, 2, '2022-07-18', 23),
(190, 4, '2022-06-18', 7),
(191, 2, '2022-06-21', 7),
(193, 2, '2022-04-25', 15),
(194, 1, '2022-03-18', 15),
(195, 4, '2022-03-18', 6),
(197, 3, '2022-05-23', 5),
(198, 2, '2022-03-19', 5),
(199, 1, '2022-03-15', 21),
(200, 3, '2022-07-09', 6),
(201, 4, '2022-05-26', 20),
(203, 2, '2022-04-29', 8),
(206, 2, '2022-05-22', 9),
(207, 3, '2022-06-28', 10),
(210, 4, '2022-04-16', 14),
(212, 3, '2022-06-27', 11),
(213, 1, '2022-04-07', 16),
(214, 1, '2022-08-27', 20),
(215, 3, '2022-06-02', 7),
(217, 4, '2022-03-28', 20),
(220, 4, '2022-09-11', 13),
(222, 5, '2022-06-05', 17),
(223, 1, '2022-05-19', 21),
(225, 1, '2022-09-03', 6),
(226, 5, '2022-07-03', 10),
(228, 1, '2022-07-11', 19),
(229, 3, '2022-07-24', 17),
(230, 4, '2022-07-25', 25),
(231, 2, '2022-07-29', 17),
(232, 3, '2022-09-08', 19),
(233, 5, '2022-08-29', 21),
(235, 2, '2022-03-16', 23),
(236, 4, '2022-08-22', 5),
(237, 1, '2022-05-28', 23),
(239, 5, '2022-03-20', 15),
(241, 3, '2022-04-27', 6),
(242, 3, '2022-08-30', 15),
(243, 5, '2022-07-10', 23),
(244, 5, '2022-08-25', 20),
(245, 4, '2022-07-07', 10),
(246, 4, '2022-06-17', 18),
(247, 4, '2022-09-05', 22),
(248, 3, '2022-06-03', 16),
(250, 1, '2022-08-21', 17),
(251, 5, '2022-08-30', 15),
(253, 4, '2022-05-25', 6),
(254, 2, '2022-09-05', 11),
(256, 1, '2022-09-07', 20),
(257, 2, '2022-08-29', 18),
(261, 3, '2022-06-23', 10),
(263, 3, '2022-05-21', 11),
(264, 5, '2022-09-05', 18),
(265, 5, '2022-07-05', 10),
(267, 5, '2022-05-07', 20),
(268, 3, '2022-07-18', 15),
(269, 3, '2022-06-20', 9),
(270, 1, '2022-04-12', 17),
(272, 4, '2022-05-03', 7),
(273, 5, '2022-05-13', 19),
(274, 1, '2022-07-18', 10),
(275, 2, '2022-05-24', 10),
(276, 5, '2022-04-02', 18),
(278, 2, '2022-04-11', 22),
(279, 5, '2022-04-10', 18),
(280, 2, '2022-03-25', 21),
(283, 3, '2022-03-27', 11),
(284, 5, '2022-07-07', 11),
(286, 5, '2022-07-21', 14),
(287, 4, '2022-08-01', 6),
(288, 1, '2022-03-19', 9),
(289, 1, '2022-04-06', 15),
(290, 4, '2022-06-16', 10),
(291, 5, '2022-04-16', 11),
(293, 1, '2022-05-08', 7),
(295, 4, '2022-06-12', 22),
(296, 3, '2022-08-22', 21),
(298, 2, '2022-04-21', 7),
(300, 3, '2022-09-12', 20),
(303, 5, '2022-07-13', 18),
(305, 5, '2022-03-21', 11),
(306, 3, '2022-04-08', 6),
(307, 1, '2022-08-30', 25),
(308, 1, '2022-06-20', 16),
(309, 2, '2022-04-13', 9),
(310, 5, '2022-07-30', 22),
(311, 3, '2022-05-04', 12),
(312, 3, '2022-08-27', 7),
(317, 5, '2022-03-17', 11),
(319, 1, '2022-08-28', 7),
(320, 5, '2022-07-14', 23),
(322, 1, '2022-06-23', 25),
(323, 2, '2022-04-20', 24),
(324, 3, '2022-05-01', 22),
(326, 1, '2022-08-18', 21),
(327, 2, '2022-08-15', 8),
(328, 3, '2022-04-26', 15),
(330, 3, '2022-07-12', 23),
(331, 2, '2022-04-04', 19),
(332, 1, '2022-08-29', 20),
(333, 5, '2022-06-11', 16),
(334, 1, '2022-05-11', 9),
(335, 5, '2022-09-01', 16),
(336, 5, '2022-05-18', 15),
(338, 5, '2022-05-05', 9),
(339, 5, '2022-03-23', 23),
(340, 3, '2022-07-26', 8),
(342, 1, '2022-05-24', 23),
(343, 1, '2022-03-25', 10),
(344, 2, '2022-06-02', 13),
(345, 4, '2022-06-28', 6),
(346, 5, '2022-07-20', 13),
(347, 4, '2022-08-13', 16),
(349, 4, '2022-07-26', 14),
(350, 2, '2022-05-25', 12),
(352, 5, '2022-07-25', 9),
(353, 3, '2022-05-02', 24),
(354, 3, '2022-09-13', 7),
(355, 5, '2022-08-03', 13),
(356, 1, '2022-07-25', 17),
(357, 1, '2022-05-04', 16),
(360, 3, '2022-03-20', 6),
(363, 5, '2022-08-12', 8),
(365, 3, '2022-06-30', 21),
(366, 4, '2022-04-28', 21),
(367, 4, '2022-07-11', 12),
(368, 3, '2022-08-05', 17),
(369, 3, '2022-09-10', 11),
(371, 1, '2022-04-25', 10),
(372, 5, '2022-04-19', 5),
(373, 1, '2022-05-20', 24),
(375, 2, '2022-06-14', 7),
(376, 5, '2022-09-11', 22),
(377, 2, '2022-03-26', 15),
(378, 3, '2022-07-31', 22),
(379, 5, '2022-06-06', 6),
(380, 1, '2022-05-18', 19),
(381, 5, '2022-09-04', 25),
(382, 3, '2022-07-02', 10),
(385, 4, '2022-03-16', 14),
(386, 2, '2022-06-17', 8),
(388, 4, '2022-08-10', 22),
(389, 2, '2022-05-21', 6),
(390, 4, '2022-07-21', 10),
(392, 2, '2022-07-06', 16),
(393, 4, '2022-06-20', 16),
(395, 4, '2022-05-15', 21),
(398, 3, '2022-03-31', 8),
(399, 2, '2022-07-23', 15),
(400, 3, '2022-08-28', 22),
(401, 3, '2022-07-16', 8),
(404, 3, '2022-05-13', 7),
(405, 2, '2022-06-20', 23),
(408, 1, '2022-05-13', 23),
(409, 4, '2022-08-23', 18),
(410, 1, '2022-03-16', 19),
(411, 5, '2022-05-26', 22),
(412, 2, '2022-08-21', 9),
(414, 1, '2022-06-01', 7),
(415, 5, '2022-04-11', 9),
(416, 2, '2022-05-06', 18),
(418, 4, '2022-04-09', 12),
(419, 4, '2022-08-05', 15),
(420, 5, '2022-06-02', 10),
(421, 1, '2022-07-12', 14),
(422, 4, '2022-08-21', 17),
(423, 3, '2022-04-10', 14),
(424, 5, '2022-06-07', 14),
(425, 2, '2022-04-05', 15),
(426, 4, '2022-03-29', 7),
(429, 1, '2022-07-26', 15),
(430, 5, '2022-04-17', 7),
(431, 3, '2022-09-04', 19),
(434, 3, '2022-07-13', 16),
(435, 5, '2022-06-20', 21),
(437, 2, '2022-07-16', 13),
(438, 1, '2022-07-31', 23),
(441, 1, '2022-07-03', 11),
(442, 2, '2022-09-11', 23),
(444, 5, '2022-08-20', 24),
(445, 5, '2022-03-30', 25),
(446, 5, '2022-05-11', 24),
(447, 4, '2022-05-17', 5),
(449, 3, '2022-05-20', 19),
(452, 5, '2022-06-22', 14),
(453, 3, '2022-03-29', 23),
(456, 4, '2022-05-07', 9),
(457, 5, '2022-05-27', 9),
(458, 5, '2022-04-26', 16),
(460, 2, '2022-08-02', 19),
(461, 4, '2022-07-30', 25),
(462, 5, '2022-07-23', 8),
(467, 3, '2022-05-27', 12),
(468, 4, '2022-04-13', 13),
(469, 5, '2022-07-16', 18),
(470, 5, '2022-05-08', 7),
(471, 3, '2022-07-15', 9),
(473, 5, '2022-08-22', 21),
(474, 1, '2022-07-21', 15),
(475, 3, '2022-03-28', 13),
(476, 5, '2022-09-13', 11),
(478, 4, '2022-08-25', 16),
(480, 4, '2022-05-20', 13),
(481, 2, '2022-06-18', 25),
(482, 1, '2022-06-10', 7),
(483, 3, '2022-07-03', 19),
(485, 3, '2022-05-18', 6),
(486, 1, '2022-07-08', 20),
(487, 3, '2022-07-07', 22),
(489, 2, '2022-04-01', 9),
(490, 3, '2022-05-29', 7),
(491, 1, '2022-08-23', 5),
(492, 4, '2022-06-25', 5),
(496, 3, '2022-04-01', 21),
(499, 2, '2022-04-22', 24),
(501, 5, '2022-08-11', 13),
(505, 1, '2022-04-08', 17),
(508, 5, '2022-06-17', 25),
(509, 3, '2022-09-01', 10),
(510, 1, '2022-05-31', 16),
(512, 3, '2022-04-25', 25),
(513, 3, '2022-05-09', 6),
(514, 2, '2022-04-30', 11),
(515, 4, '2022-09-06', 14),
(516, 2, '2022-05-20', 5),
(517, 3, '2022-08-07', 20),
(521, 1, '2022-04-04', 8),
(522, 5, '2022-04-03', 23),
(524, 5, '2022-08-28', 14),
(525, 1, '2022-05-16', 10),
(527, 2, '2022-04-06', 11),
(529, 2, '2022-08-16', 6),
(530, 3, '2022-04-03', 16),
(531, 3, '2022-09-09', 16),
(534, 4, '2022-08-17', 22),
(536, 3, '2022-06-16', 21),
(537, 3, '2022-05-14', 11),
(538, 4, '2022-08-20', 5),
(539, 2, '2022-03-22', 6),
(541, 4, '2022-04-18', 22),
(542, 2, '2022-07-21', 19),
(543, 3, '2022-05-17', 14),
(545, 3, '2022-03-19', 12),
(546, 4, '2022-07-28', 19),
(548, 1, '2022-06-03', 13),
(549, 2, '2022-08-06', 17),
(550, 5, '2022-05-21', 17),
(552, 3, '2022-04-09', 9),
(553, 3, '2022-08-18', 16),
(554, 2, '2022-04-27', 24),
(555, 2, '2022-03-17', 16),
(557, 2, '2022-07-13', 15),
(559, 1, '2022-06-22', 14),
(560, 4, '2022-06-14', 13),
(561, 1, '2022-03-14', 14),
(563, 3, '2022-05-16', 5),
(564, 2, '2022-05-14', 23),
(567, 1, '2022-06-13', 16),
(569, 3, '2022-07-20', 18),
(570, 4, '2022-06-06', 7),
(571, 3, '2022-07-29', 15),
(572, 1, '2022-09-02', 24),
(573, 4, '2022-06-07', 14),
(576, 3, '2022-06-15', 9),
(578, 2, '2022-08-25', 23),
(579, 4, '2022-05-19', 15),
(580, 2, '2022-06-19', 16),
(582, 4, '2022-03-15', 16),
(583, 5, '2022-08-14', 6),
(585, 1, '2022-05-06', 21),
(591, 1, '2022-04-27', 13),
(592, 4, '2022-04-29', 13),
(593, 2, '2022-06-12', 20),
(596, 4, '2022-05-05', 24),
(598, 4, '2022-09-09', 16),
(600, 1, '2022-04-29', 23),
(601, 4, '2022-05-06', 5),
(603, 1, '2022-03-26', 11),
(605, 4, '2022-05-18', 8),
(606, 2, '2022-07-11', 13),
(608, 1, '2022-03-24', 20),
(609, 3, '2022-06-12', 7),
(613, 3, '2022-08-26', 14),
(614, 4, '2022-07-29', 13),
(617, 4, '2022-08-11', 15),
(622, 5, '2022-03-24', 15),
(626, 4, '2022-05-08', 5),
(627, 3, '2022-05-31', 23),
(628, 5, '2022-05-09', 16),
(630, 3, '2022-09-02', 11),
(632, 5, '2022-05-23', 11),
(634, 2, '2022-06-09', 16),
(635, 3, '2022-04-20', 9),
(640, 5, '2022-06-10', 10),
(641, 2, '2022-04-28', 12),
(642, 4, '2022-04-12', 23),
(643, 1, '2022-08-31', 12),
(645, 4, '2022-04-14', 5),
(646, 5, '2022-04-09', 8),
(647, 5, '2022-06-27', 9),
(653, 5, '2022-08-17', 23),
(655, 3, '2022-07-28', 13),
(657, 3, '2022-06-19', 15),
(659, 4, '2022-03-31', 17),
(662, 2, '2022-08-08', 12),
(664, 2, '2022-08-24', 14),
(665, 1, '2022-05-15', 13),
(666, 5, '2022-09-09', 23),
(667, 5, '2022-09-07', 16),
(672, 5, '2022-09-02', 14),
(673, 3, '2022-04-22', 19),
(675, 5, '2022-07-26', 12),
(676, 5, '2022-04-01', 12),
(680, 3, '2022-03-24', 5),
(686, 1, '2022-09-01', 7),
(688, 5, '2022-03-22', 9),
(689, 3, '2022-04-11', 7),
(692, 2, '2022-06-22', 6),
(693, 2, '2022-04-24', 5),
(697, 2, '2022-04-26', 8),
(700, 5, '2022-08-21', 10),
(706, 4, '2022-07-05', 25),
(707, 4, '2022-06-27', 6),
(708, 5, '2022-05-30', 24),
(714, 3, '2022-07-11', 17),
(718, 2, '2022-05-10', 9),
(719, 4, '2022-05-29', 14),
(721, 2, '2022-07-09', 10),
(722, 4, '2022-06-26', 9),
(725, 1, '2022-05-12', 15),
(726, 5, '2022-08-06', 12),
(730, 2, '2022-05-15', 10),
(731, 3, '2022-08-21', 17),
(732, 4, '2022-06-19', 23),
(734, 1, '2022-07-20', 9),
(735, 3, '2022-05-26', 8),
(737, 1, '2022-06-11', 21),
(743, 3, '2022-07-23', 10),
(747, 1, '2022-07-27', 15),
(748, 4, '2022-03-30', 9),
(752, 1, '2022-06-17', 16),
(755, 5, '2022-07-24', 17),
(759, 1, '2022-08-01', 11),
(760, 2, '2022-05-08', 6),
(761, 4, '2022-05-02', 9),
(762, 1, '2022-04-18', 19),
(763, 1, '2022-05-27', 23),
(765, 2, '2022-05-26', 21),
(766, 1, '2022-04-24', 16),
(772, 5, '2022-05-01', 11),
(773, 3, '2022-09-05', 7),
(775, 3, '2022-06-07', 18),
(777, 2, '2022-03-30', 21),
(780, 1, '2022-05-22', 16),
(781, 4, '2022-08-24', 7),
(782, 3, '2022-05-30', 13),
(786, 4, '2022-07-06', 7),
(788, 2, '2022-07-25', 11),
(789, 5, '2022-07-29', 13),
(791, 1, '2022-04-01', 21),
(794, 1, '2022-03-30', 13),
(801, 5, '2022-03-26', 6),
(804, 5, '2022-05-19', 11),
(806, 3, '2022-06-04', 16),
(807, 4, '2022-04-15', 23),
(813, 4, '2022-04-22', 19),
(817, 1, '2022-08-08', 20),
(819, 1, '2022-04-22', 22),
(820, 1, '2022-08-10', 9),
(821, 1, '2022-08-04', 6),
(822, 3, '2022-09-03', 10),
(827, 2, '2022-07-20', 22),
(828, 2, '2022-08-11', 18),
(829, 3, '2022-08-10', 12),
(832, 3, '2022-04-21', 15),
(834, 1, '2022-09-06', 18),
(837, 4, '2022-04-26', 19),
(852, 2, '2022-09-04', 15),
(854, 3, '2022-03-23', 12),
(855, 1, '2022-06-16', 24),
(856, 2, '2022-08-07', 8),
(861, 3, '2022-03-16', 7),
(862, 3, '2022-04-07', 24),
(863, 2, '2022-08-01', 17),
(866, 5, '2022-08-10', 15),
(867, 5, '2022-08-15', 17),
(869, 3, '2022-03-21', 6),
(873, 4, '2022-08-29', 25),
(875, 4, '2022-07-12', 16),
(880, 4, '2022-04-17', 20),
(884, 1, '2022-04-05', 8),
(885, 1, '2022-05-07', 16),
(895, 2, '2022-03-21', 17),
(896, 4, '2022-05-10', 19),
(897, 3, '2022-07-10', 10),
(898, 3, '2022-04-15', 20),
(907, 2, '2022-04-03', 20),
(909, 4, '2022-04-01', 5),
(913, 4, '2022-04-07', 13),
(918, 1, '2022-07-06', 19),
(919, 1, '2022-06-06', 13),
(925, 2, '2022-09-12', 24),
(931, 2, '2022-05-09', 19),
(933, 5, '2022-03-15', 21),
(935, 4, '2022-03-25', 17),
(937, 1, '2022-07-14', 8),
(938, 4, '2022-07-20', 24),
(940, 2, '2022-03-15', 14),
(941, 3, '2022-07-08', 8),
(943, 1, '2022-03-20', 9),
(948, 3, '2022-04-12', 20),
(961, 4, '2022-08-07', 18),
(962, 3, '2022-07-05', 8),
(964, 4, '2022-06-04', 20),
(966, 3, '2022-06-10', 10),
(968, 5, '2022-06-24', 20),
(969, 1, '2022-07-29', 9),
(970, 2, '2022-06-15', 5),
(973, 1, '2022-09-08', 21),
(976, 5, '2022-05-17', 14),
(979, 3, '2022-05-03', 17),
(980, 1, '2022-06-07', 15),
(984, 1, '2022-07-09', 10),
(985, 2, '2022-04-07', 25),
(986, 3, '2022-04-13', 17),
(987, 3, '2022-05-22', 15),
(988, 4, '2022-06-29', 13),
(996, 2, '2022-05-30', 12),
(1000, 4, '2022-09-04', 14),
(1001, 1, '2022-12-03', 7),
(1002, 4, '2022-11-19', 9),
(1003, 1, '2023-01-25', 9),
(1004, 2, '2023-01-11', 23),
(1005, 2, '2022-11-22', 11),
(1006, 2, '2022-11-26', 20),
(1007, 3, '2023-01-20', 17),
(1008, 3, '2023-01-17', 24),
(1009, 4, '2023-01-28', 13),
(1010, 3, '2022-12-23', 22),
(1011, 2, '2023-03-07', 11),
(1012, 1, '2022-09-23', 8),
(1013, 1, '2023-02-16', 10),
(1014, 4, '2023-02-11', 12),
(1015, 5, '2022-12-11', 15),
(1016, 1, '2022-12-02', 23),
(1017, 2, '2022-12-17', 17),
(1018, 3, '2022-11-29', 23),
(1019, 3, '2022-09-22', 13),
(1021, 1, '2023-01-28', 21),
(1022, 1, '2023-01-06', 6),
(1023, 2, '2022-11-13', 6),
(1024, 5, '2023-03-12', 21),
(1025, 5, '2022-12-15', 5),
(1026, 5, '2022-11-11', 24),
(1027, 2, '2022-12-30', 17),
(1028, 1, '2023-01-15', 6),
(1029, 1, '2023-02-17', 10),
(1030, 2, '2022-12-27', 11),
(1031, 5, '2022-10-09', 13),
(1032, 1, '2023-02-22', 20),
(1033, 5, '2023-01-30', 12),
(1034, 2, '2022-12-05', 21),
(1035, 1, '2022-12-18', 25),
(1036, 4, '2023-02-26', 25),
(1037, 4, '2023-01-06', 18),
(1038, 3, '2022-10-17', 21),
(1039, 5, '2023-02-18', 6),
(1041, 2, '2022-09-29', 13),
(1042, 4, '2023-02-16', 15),
(1044, 2, '2022-10-13', 12),
(1045, 1, '2022-10-23', 24),
(1046, 4, '2022-11-14', 12),
(1047, 5, '2022-11-19', 16),
(1048, 1, '2023-01-09', 24),
(1049, 3, '2023-02-15', 16),
(1051, 4, '2022-10-30', 12),
(1052, 3, '2023-01-16', 15),
(1053, 3, '2022-09-20', 18),
(1054, 1, '2022-10-01', 23),
(1055, 4, '2023-02-03', 6),
(1056, 1, '2022-12-24', 12),
(1057, 3, '2022-12-26', 5),
(1058, 1, '2022-12-21', 5),
(1059, 5, '2022-12-02', 24),
(1060, 2, '2023-01-10', 24),
(1061, 1, '2022-09-22', 13),
(1062, 2, '2023-02-08', 13),
(1063, 1, '2023-03-12', 19),
(1064, 1, '2022-09-29', 8),
(1065, 4, '2022-11-10', 19),
(1066, 4, '2023-02-05', 5),
(1067, 1, '2022-12-16', 22),
(1068, 5, '2023-03-07', 5),
(1069, 4, '2022-10-21', 13),
(1071, 2, '2023-03-08', 20),
(1072, 1, '2023-02-06', 12),
(1073, 2, '2022-11-30', 5),
(1074, 2, '2023-01-04', 19),
(1075, 1, '2022-12-25', 23),
(1076, 4, '2023-03-12', 12),
(1077, 1, '2023-01-23', 7),
(1078, 1, '2023-02-08', 23),
(1079, 5, '2022-11-25', 8),
(1080, 3, '2022-09-17', 14),
(1081, 1, '2023-02-13', 24),
(1082, 5, '2022-11-15', 13),
(1083, 3, '2023-03-09', 5),
(1084, 3, '2022-12-31', 19),
(1085, 4, '2022-10-23', 9),
(1086, 4, '2022-12-08', 5),
(1087, 2, '2022-12-23', 24),
(1088, 3, '2022-09-29', 20),
(1089, 2, '2023-02-09', 8),
(1090, 2, '2023-02-28', 11),
(1091, 1, '2022-12-27', 17),
(1092, 1, '2023-02-21', 13),
(1093, 1, '2023-02-15', 23),
(1094, 1, '2022-10-26', 24),
(1095, 1, '2022-11-23', 22),
(1097, 4, '2023-02-02', 20),
(1098, 5, '2022-12-31', 22),
(1099, 1, '2023-01-10', 7),
(1100, 3, '2023-03-13', 8),
(1101, 3, '2022-10-18', 11),
(1102, 2, '2023-01-29', 11),
(1103, 5, '2022-11-02', 18),
(1104, 5, '2022-12-17', 8),
(1105, 2, '2023-01-28', 21),
(1106, 3, '2023-02-06', 10),
(1107, 5, '2023-03-06', 18),
(1109, 3, '2023-01-15', 22),
(1110, 5, '2023-03-03', 10),
(1112, 1, '2023-03-10', 19),
(1113, 5, '2022-10-17', 23),
(1115, 1, '2022-10-08', 13),
(1116, 5, '2022-11-08', 16),
(1117, 4, '2023-03-13', 15),
(1118, 5, '2022-12-03', 24),
(1119, 4, '2022-12-23', 13),
(1120, 2, '2022-11-06', 16),
(1121, 2, '2023-02-19', 25),
(1122, 2, '2023-01-23', 14),
(1123, 2, '2023-01-13', 15),
(1125, 4, '2023-02-04', 16),
(1126, 3, '2022-10-11', 8),
(1127, 1, '2023-02-02', 6),
(1128, 3, '2022-11-07', 16),
(1129, 4, '2022-10-05', 14),
(1132, 2, '2022-12-20', 13),
(1133, 4, '2022-11-09', 14),
(1134, 5, '2023-02-06', 20),
(1135, 2, '2022-09-20', 25),
(1136, 4, '2022-09-25', 14),
(1137, 2, '2022-11-01', 21),
(1138, 4, '2022-10-27', 19),
(1139, 5, '2022-10-22', 6),
(1140, 5, '2022-10-19', 14),
(1141, 1, '2023-02-14', 17),
(1142, 4, '2022-12-16', 12),
(1143, 4, '2023-02-28', 24),
(1144, 3, '2022-09-18', 8),
(1145, 4, '2022-10-31', 19),
(1146, 1, '2023-02-12', 23),
(1147, 3, '2023-01-18', 7),
(1148, 3, '2023-03-07', 11),
(1150, 1, '2022-12-29', 11),
(1151, 1, '2023-02-24', 7),
(1153, 4, '2022-12-14', 9),
(1154, 5, '2022-12-29', 21),
(1155, 3, '2022-10-27', 14),
(1156, 5, '2022-10-12', 22),
(1158, 4, '2022-09-23', 25),
(1159, 4, '2023-02-23', 19),
(1160, 5, '2022-09-16', 16),
(1162, 2, '2022-10-06', 6),
(1164, 2, '2022-10-26', 8),
(1165, 3, '2022-10-04', 18),
(1166, 1, '2022-12-14', 13),
(1167, 3, '2022-11-22', 25),
(1168, 3, '2022-10-01', 9),
(1169, 2, '2022-12-01', 5),
(1170, 2, '2022-10-16', 10),
(1171, 3, '2022-11-25', 18),
(1172, 5, '2022-12-19', 16),
(1173, 4, '2023-01-09', 10),
(1174, 4, '2022-10-19', 13),
(1175, 4, '2022-11-26', 14),
(1176, 3, '2022-12-08', 17),
(1177, 2, '2022-12-15', 10),
(1179, 3, '2022-09-28', 22),
(1180, 3, '2022-12-07', 6),
(1181, 1, '2022-10-30', 20),
(1182, 2, '2023-02-04', 17),
(1183, 1, '2023-01-02', 14),
(1184, 3, '2023-03-02', 15),
(1185, 5, '2023-03-10', 21),
(1186, 2, '2022-12-04', 20),
(1188, 2, '2023-02-07', 13),
(1189, 4, '2022-11-25', 15),
(1190, 5, '2023-01-04', 19),
(1191, 2, '2022-11-20', 19),
(1192, 4, '2022-12-10', 6),
(1193, 4, '2022-11-22', 8),
(1194, 2, '2022-11-05', 6),
(1195, 1, '2023-01-21', 22),
(1196, 3, '2022-09-16', 23),
(1198, 3, '2022-11-06', 9),
(1199, 4, '2022-12-26', 24),
(1200, 4, '2023-01-23', 18),
(1203, 1, '2022-11-19', 8),
(1204, 2, '2022-10-28', 22),
(1205, 1, '2023-02-11', 16),
(1206, 1, '2023-02-20', 6),
(1207, 3, '2022-12-15', 17),
(1210, 4, '2022-09-18', 20),
(1211, 2, '2023-02-12', 16),
(1212, 1, '2022-10-03', 22),
(1213, 1, '2023-01-31', 13),
(1214, 2, '2022-12-08', 5),
(1216, 4, '2022-10-25', 7),
(1219, 1, '2022-12-26', 18),
(1220, 5, '2023-01-13', 18),
(1221, 4, '2022-10-11', 9),
(1223, 3, '2023-02-21', 21),
(1224, 2, '2022-12-13', 25),
(1226, 3, '2023-02-25', 5),
(1227, 2, '2022-09-21', 23),
(1228, 1, '2022-10-07', 6),
(1229, 5, '2022-09-30', 14),
(1230, 5, '2022-09-15', 21),
(1231, 5, '2022-10-29', 25),
(1232, 3, '2022-09-30', 14),
(1233, 1, '2023-03-09', 19),
(1234, 3, '2022-10-05', 15),
(1235, 4, '2022-11-17', 7),
(1236, 3, '2022-11-01', 11),
(1237, 2, '2022-12-24', 19),
(1238, 4, '2023-03-03', 13),
(1239, 2, '2023-03-02', 20),
(1240, 1, '2022-10-02', 12),
(1241, 4, '2023-01-31', 23),
(1242, 1, '2022-09-20', 25),
(1243, 1, '2022-09-26', 5),
(1245, 1, '2022-09-21', 13),
(1246, 3, '2022-10-22', 6),
(1247, 2, '2023-02-26', 11),
(1248, 5, '2023-03-01', 12),
(1249, 1, '2022-11-05', 21),
(1250, 4, '2022-11-15', 14),
(1254, 1, '2023-01-24', 8),
(1255, 3, '2022-10-16', 20),
(1256, 1, '2023-02-10', 5),
(1257, 2, '2022-10-17', 25),
(1258, 4, '2022-10-14', 16),
(1259, 3, '2022-11-08', 21),
(1260, 4, '2022-11-21', 11),
(1261, 4, '2023-01-15', 24),
(1263, 5, '2023-02-21', 5),
(1265, 4, '2022-12-12', 14),
(1266, 1, '2022-10-12', 15),
(1267, 5, '2023-02-04', 19),
(1269, 4, '2022-10-15', 14),
(1270, 2, '2023-02-23', 24),
(1271, 3, '2022-12-20', 20),
(1273, 3, '2023-01-24', 11),
(1275, 2, '2023-01-21', 25),
(1277, 1, '2022-10-18', 18),
(1278, 5, '2023-01-21', 5),
(1279, 3, '2023-01-19', 16),
(1281, 5, '2023-03-04', 20),
(1283, 1, '2023-01-30', 10),
(1286, 5, '2022-09-29', 17),
(1287, 3, '2022-12-29', 17),
(1290, 5, '2023-03-08', 21),
(1291, 3, '2023-02-10', 16),
(1292, 3, '2023-03-10', 9),
(1293, 4, '2022-09-28', 17),
(1294, 1, '2022-11-10', 16),
(1296, 1, '2022-12-28', 9),
(1297, 3, '2022-10-31', 19),
(1298, 4, '2023-02-24', 18),
(1299, 5, '2022-09-22', 10),
(1301, 1, '2022-11-20', 21),
(1302, 2, '2022-10-27', 25),
(1303, 4, '2022-10-12', 18),
(1307, 2, '2022-11-23', 18),
(1308, 2, '2022-11-10', 10),
(1311, 5, '2022-11-04', 24),
(1312, 5, '2023-02-01', 11),
(1313, 4, '2022-12-06', 5),
(1314, 4, '2022-11-04', 8),
(1315, 2, '2022-11-11', 6),
(1317, 2, '2023-02-17', 24),
(1319, 3, '2022-09-21', 8),
(1320, 2, '2023-02-25', 20),
(1321, 1, '2023-01-14', 24),
(1322, 4, '2022-09-20', 19),
(1323, 5, '2023-02-05', 25),
(1325, 3, '2022-12-06', 7),
(1327, 3, '2022-12-01', 8),
(1328, 1, '2023-03-07', 6),
(1330, 1, '2022-12-15', 7),
(1331, 2, '2023-02-18', 25),
(1332, 5, '2022-09-20', 12),
(1333, 5, '2022-10-11', 10),
(1334, 4, '2022-10-08', 14),
(1335, 3, '2023-02-23', 12),
(1336, 2, '2023-01-14', 8),
(1337, 2, '2023-01-09', 22),
(1338, 3, '2022-10-15', 6),
(1339, 1, '2022-12-11', 7),
(1340, 2, '2022-10-30', 19),
(1342, 1, '2023-03-13', 25),
(1344, 3, '2022-09-23', 15),
(1346, 4, '2022-10-22', 16),
(1348, 2, '2022-10-18', 15),
(1349, 2, '2022-10-15', 23),
(1351, 3, '2023-02-26', 20),
(1353, 2, '2023-02-03', 16),
(1354, 2, '2022-12-06', 7),
(1356, 3, '2022-10-23', 18),
(1358, 2, '2023-01-18', 12),
(1359, 1, '2022-11-28', 13),
(1360, 1, '2022-10-04', 13),
(1363, 1, '2022-12-04', 8),
(1365, 3, '2022-12-18', 13),
(1366, 1, '2023-01-08', 10),
(1367, 2, '2023-01-20', 9),
(1369, 2, '2022-09-19', 8),
(1370, 2, '2022-10-12', 21),
(1372, 4, '2023-01-30', 11),
(1373, 4, '2023-02-20', 23),
(1374, 1, '2022-10-15', 16),
(1375, 2, '2022-10-01', 22),
(1376, 2, '2023-01-26', 22),
(1377, 1, '2022-12-31', 9),
(1379, 4, '2023-03-06', 17),
(1380, 5, '2022-10-25', 5),
(1381, 1, '2023-02-18', 7),
(1382, 5, '2022-12-21', 23),
(1383, 4, '2022-11-08', 15),
(1385, 1, '2022-12-20', 14),
(1387, 5, '2023-02-17', 16),
(1388, 3, '2022-12-11', 21),
(1389, 4, '2022-11-12', 15),
(1391, 5, '2022-10-26', 15),
(1393, 5, '2022-11-18', 23),
(1394, 1, '2022-12-17', 11),
(1395, 5, '2023-01-29', 22),
(1397, 4, '2022-10-20', 10),
(1402, 2, '2023-03-05', 9),
(1403, 1, '2022-10-09', 11),
(1404, 2, '2023-03-06', 23),
(1405, 4, '2022-11-11', 15),
(1406, 4, '2023-02-21', 21),
(1409, 4, '2023-03-01', 10),
(1410, 2, '2022-11-21', 19),
(1411, 4, '2022-11-29', 14),
(1412, 2, '2022-11-07', 13),
(1414, 5, '2022-12-01', 9),
(1416, 5, '2022-12-28', 23),
(1417, 2, '2022-11-08', 17),
(1418, 4, '2022-12-20', 5),
(1421, 4, '2022-11-07', 14),
(1422, 2, '2022-12-07', 5),
(1423, 4, '2023-02-27', 24),
(1427, 2, '2022-11-12', 9),
(1430, 4, '2023-02-18', 17),
(1431, 5, '2022-11-09', 16),
(1435, 4, '2023-02-08', 6),
(1436, 5, '2023-01-16', 23),
(1437, 4, '2022-12-03', 13),
(1438, 3, '2022-11-09', 8),
(1440, 1, '2022-11-02', 10),
(1441, 3, '2023-02-28', 5),
(1443, 4, '2023-03-07', 10),
(1445, 4, '2023-02-10', 12),
(1446, 4, '2022-11-05', 22),
(1448, 5, '2022-11-01', 15),
(1450, 4, '2022-12-22', 20),
(1451, 4, '2023-01-04', 21),
(1453, 1, '2023-03-06', 18),
(1454, 3, '2022-12-03', 21),
(1456, 1, '2022-12-30', 11),
(1457, 1, '2022-11-29', 22),
(1460, 1, '2022-12-23', 24),
(1461, 5, '2022-11-16', 22),
(1463, 2, '2023-02-01', 10),
(1464, 1, '2022-09-28', 5),
(1465, 5, '2022-10-08', 7),
(1466, 5, '2023-03-13', 22),
(1467, 3, '2022-11-13', 15),
(1469, 5, '2023-01-27', 7),
(1470, 3, '2023-03-12', 5),
(1471, 5, '2023-01-02', 10),
(1472, 2, '2022-12-11', 22),
(1473, 2, '2023-01-24', 9),
(1476, 2, '2023-02-22', 9),
(1477, 2, '2022-12-09', 13),
(1479, 4, '2023-02-13', 7),
(1480, 2, '2023-02-27', 24),
(1482, 3, '2022-11-18', 12),
(1484, 4, '2022-12-27', 6),
(1485, 5, '2023-01-26', 19),
(1486, 5, '2022-11-03', 25),
(1487, 2, '2023-03-09', 16),
(1488, 1, '2022-11-01', 9),
(1489, 3, '2022-11-20', 7),
(1492, 3, '2022-10-10', 7),
(1494, 1, '2022-11-04', 11),
(1495, 4, '2022-09-27', 5),
(1500, 1, '2022-09-24', 7),
(1501, 3, '2023-03-06', 24),
(1503, 2, '2023-02-10', 25),
(1506, 4, '2023-01-21', 7),
(1507, 4, '2022-10-29', 6),
(1509, 5, '2022-11-27', 8),
(1510, 5, '2022-10-06', 18),
(1511, 1, '2023-01-18', 23),
(1512, 1, '2023-01-01', 17),
(1517, 3, '2023-01-06', 19),
(1518, 2, '2022-10-19', 21),
(1519, 5, '2023-02-03', 13),
(1520, 3, '2022-11-02', 17),
(1521, 2, '2022-10-04', 20),
(1522, 4, '2022-10-07', 10),
(1523, 4, '2023-02-19', 15),
(1525, 3, '2022-09-15', 23),
(1526, 4, '2022-10-24', 18),
(1528, 5, '2023-01-06', 14),
(1530, 3, '2023-02-16', 20),
(1533, 4, '2022-11-03', 5),
(1534, 4, '2023-01-10', 18),
(1535, 3, '2023-01-11', 20),
(1536, 1, '2023-01-29', 11),
(1537, 5, '2022-12-30', 11),
(1538, 4, '2022-11-24', 11),
(1539, 2, '2022-11-19', 17),
(1540, 3, '2023-01-05', 15),
(1541, 1, '2022-11-03', 25),
(1542, 3, '2023-02-17', 18),
(1543, 4, '2022-12-15', 12),
(1545, 4, '2023-01-25', 12),
(1546, 2, '2022-10-20', 21),
(1548, 1, '2023-02-09', 25),
(1552, 3, '2022-12-24', 17),
(1558, 5, '2022-10-18', 24),
(1559, 3, '2023-02-04', 17),
(1560, 3, '2022-10-02', 23),
(1562, 2, '2022-09-15', 18),
(1563, 3, '2022-12-13', 11),
(1564, 4, '2022-12-04', 12),
(1565, 3, '2022-10-14', 19),
(1566, 2, '2023-01-07', 7),
(1567, 2, '2023-02-14', 15),
(1570, 4, '2022-12-17', 23),
(1573, 2, '2023-01-12', 25),
(1578, 4, '2023-01-14', 18),
(1585, 3, '2023-01-29', 11),
(1587, 5, '2022-12-07', 10),
(1588, 5, '2023-02-23', 9),
(1591, 5, '2023-02-07', 21),
(1592, 3, '2022-10-06', 21),
(1594, 4, '2022-11-13', 19),
(1595, 3, '2023-02-14', 17),
(1596, 2, '2022-09-16', 15),
(1598, 1, '2022-12-08', 14),
(1599, 5, '2022-12-04', 17),
(1600, 4, '2022-10-17', 7),
(1602, 4, '2022-09-22', 13),
(1603, 2, '2022-12-03', 15),
(1605, 5, '2022-10-03', 23),
(1607, 1, '2022-10-21', 22),
(1610, 5, '2023-02-08', 20),
(1611, 5, '2022-09-27', 16),
(1615, 5, '2022-10-27', 10),
(1619, 1, '2023-03-01', 11),
(1620, 3, '2023-01-08', 23),
(1621, 2, '2023-02-06', 12),
(1623, 2, '2023-01-27', 18),
(1624, 1, '2022-12-09', 7),
(1629, 1, '2022-10-20', 25),
(1632, 3, '2022-11-04', 25),
(1633, 5, '2023-02-26', 12),
(1634, 5, '2022-09-26', 18),
(1637, 4, '2022-12-01', 12),
(1639, 1, '2023-02-27', 15),
(1642, 5, '2023-01-11', 13),
(1643, 5, '2023-01-08', 16),
(1646, 2, '2022-10-21', 15),
(1647, 4, '2023-02-01', 12),
(1648, 3, '2022-10-28', 9),
(1649, 2, '2022-11-27', 20),
(1650, 5, '2022-09-24', 14),
(1652, 5, '2022-12-10', 24),
(1654, 2, '2023-01-05', 21),
(1658, 1, '2022-09-15', 20),
(1662, 2, '2023-01-19', 14),
(1663, 1, '2022-11-22', 17),
(1665, 2, '2022-11-16', 8),
(1668, 3, '2022-09-26', 17),
(1669, 2, '2022-12-18', 9),
(1671, 1, '2022-10-11', 11),
(1673, 2, '2022-09-17', 22),
(1674, 1, '2022-12-10', 12),
(1675, 3, '2022-09-19', 20),
(1677, 3, '2023-01-22', 6),
(1678, 1, '2023-02-23', 9),
(1680, 4, '2023-01-19', 17),
(1682, 1, '2023-01-05', 10),
(1687, 5, '2023-02-20', 7),
(1688, 4, '2023-01-12', 13),
(1689, 5, '2023-01-22', 18),
(1690, 1, '2023-01-19', 9),
(1691, 1, '2022-10-25', 9),
(1694, 5, '2022-10-20', 17),
(1697, 3, '2022-11-27', 6),
(1700, 1, '2022-12-22', 25),
(1706, 1, '2022-10-19', 25),
(1708, 2, '2022-10-14', 23),
(1710, 2, '2022-09-27', 16),
(1711, 3, '2023-03-05', 13),
(1714, 4, '2023-01-01', 14),
(1718, 4, '2022-12-31', 6),
(1720, 2, '2022-10-03', 6),
(1724, 3, '2022-11-10', 21),
(1727, 2, '2022-10-10', 13),
(1729, 4, '2023-03-02', 6),
(1730, 4, '2022-09-24', 21),
(1735, 1, '2022-10-28', 19),
(1737, 4, '2022-12-29', 25),
(1739, 5, '2023-01-09', 7),
(1740, 4, '2022-12-09', 23),
(1741, 5, '2022-11-30', 19),
(1742, 1, '2022-12-01', 13),
(1747, 5, '2022-11-29', 19),
(1750, 2, '2022-11-25', 14),
(1752, 3, '2023-02-22', 20),
(1753, 1, '2023-01-16', 21),
(1755, 4, '2022-12-02', 7),
(1756, 1, '2022-11-12', 16),
(1762, 5, '2022-11-10', 16),
(1763, 5, '2022-12-08', 13),
(1765, 4, '2022-11-23', 19),
(1766, 4, '2022-11-18', 23),
(1768, 4, '2022-09-16', 18),
(1771, 2, '2023-03-13', 17),
(1772, 3, '2022-11-14', 10),
(1773, 4, '2022-12-18', 13),
(1774, 5, '2023-02-24', 20),
(1775, 3, '2022-10-08', 6),
(1777, 1, '2022-11-24', 23),
(1778, 2, '2022-11-02', 18),
(1783, 5, '2022-11-28', 22),
(1786, 3, '2022-11-15', 23),
(1790, 4, '2023-01-17', 13),
(1791, 3, '2023-02-02', 7),
(1792, 4, '2022-12-28', 18),
(1799, 2, '2022-11-09', 21),
(1800, 4, '2023-01-20', 10),
(1803, 2, '2022-11-28', 15),
(1804, 3, '2023-03-11', 10),
(1805, 3, '2022-09-24', 13),
(1806, 4, '2023-03-11', 20),
(1807, 2, '2022-09-26', 9),
(1810, 5, '2022-11-14', 9),
(1818, 1, '2022-11-27', 13),
(1821, 3, '2023-01-12', 6),
(1829, 3, '2023-01-26', 25),
(1832, 1, '2022-11-17', 5),
(1833, 5, '2023-01-24', 25),
(1837, 1, '2023-03-11', 24),
(1840, 3, '2022-10-29', 18),
(1843, 5, '2022-10-15', 16),
(1844, 3, '2023-03-08', 6),
(1847, 5, '2022-12-26', 13),
(1850, 1, '2022-10-17', 5),
(1853, 3, '2022-11-28', 22),
(1856, 2, '2023-03-12', 18),
(1860, 5, '2023-02-25', 20),
(1862, 4, '2022-10-02', 18),
(1863, 2, '2022-10-29', 15),
(1865, 2, '2023-01-22', 22),
(1868, 3, '2022-09-25', 5),
(1869, 2, '2022-11-14', 25),
(1870, 2, '2022-10-24', 21),
(1871, 2, '2022-12-02', 10),
(1872, 3, '2023-01-21', 19),
(1874, 3, '2022-10-09', 16),
(1875, 1, '2022-09-19', 15),
(1876, 1, '2022-12-19', 20),
(1878, 3, '2023-02-20', 16),
(1881, 5, '2022-12-27', 11),
(1882, 5, '2023-01-12', 23),
(1884, 4, '2023-01-07', 22),
(1886, 3, '2022-11-23', 6),
(1889, 5, '2023-02-11', 20),
(1891, 2, '2022-11-29', 12),
(1893, 3, '2023-01-28', 9),
(1897, 2, '2022-12-12', 23),
(1898, 5, '2022-11-23', 10),
(1902, 5, '2022-12-20', 13),
(1903, 5, '2022-10-21', 19),
(1904, 3, '2023-02-08', 8),
(1905, 2, '2022-12-19', 11),
(1906, 2, '2022-09-23', 7),
(1907, 4, '2022-11-06', 9),
(1908, 4, '2022-10-09', 23),
(1910, 2, '2023-02-02', 25),
(1916, 4, '2022-10-18', 5),
(1918, 4, '2023-01-26', 23),
(1920, 4, '2023-01-27', 14),
(1921, 4, '2022-10-01', 25),
(1922, 5, '2022-12-16', 6),
(1924, 1, '2023-01-20', 12),
(1925, 2, '2023-01-03', 14),
(1928, 4, '2022-11-20', 12),
(1932, 5, '2022-11-05', 12),
(1936, 4, '2023-01-03', 11),
(1941, 5, '2023-03-05', 10),
(1942, 5, '2022-09-17', 5),
(1944, 1, '2022-11-06', 12),
(1946, 1, '2022-11-18', 21),
(1948, 2, '2022-10-25', 6),
(1950, 5, '2022-10-05', 15),
(1955, 3, '2022-10-25', 10),
(1956, 3, '2022-09-27', 14),
(1957, 2, '2022-09-25', 9),
(1958, 4, '2023-03-09', 13),
(1960, 2, '2023-01-16', 13),
(1961, 1, '2022-10-10', 15),
(1962, 4, '2022-12-30', 13),
(1963, 4, '2023-02-09', 12),
(1970, 5, '2023-02-22', 8),
(1971, 3, '2023-01-25', 16),
(1972, 5, '2022-12-09', 5),
(1974, 2, '2023-01-01', 22),
(1977, 4, '2023-03-10', 22),
(1984, 5, '2023-02-15', 25),
(1985, 3, '2022-12-14', 9),
(1988, 5, '2022-12-13', 23),
(1989, 2, '2022-10-02', 5),
(1990, 5, '2023-01-17', 19),
(1997, 1, '2022-10-16', 6),
(4003, 3, '2023-01-27', 17),
(4004, 3, '2023-02-13', 12),
(4010, 5, '2023-03-11', 9),
(4012, 5, '2023-02-28', 20),
(4015, 3, '2023-02-09', 25),
(4017, 2, '2023-03-03', 5),
(4019, 1, '2023-02-25', 24),
(4023, 4, '2023-02-07', 5),
(4024, 3, '2023-01-23', 6),
(4026, 3, '2023-02-12', 20),
(4028, 4, '2023-02-12', 21),
(4032, 1, '2023-02-01', 14),
(4035, 4, '2023-01-16', 25),
(4040, 3, '2023-01-14', 7),
(4042, 3, '2023-02-03', 24),
(4056, 2, '2023-01-30', 25),
(4057, 5, '2023-02-27', 23),
(4060, 3, '2023-02-05', 5),
(4061, 5, '2023-01-25', 6),
(4062, 3, '2023-01-30', 6),
(4065, 4, '2023-01-24', 22),
(4067, 5, '2023-03-09', 22),
(4072, 3, '2023-01-31', 13),
(4077, 1, '2023-02-26', 25),
(4079, 3, '2023-02-18', 16),
(4083, 3, '2023-02-19', 19),
(4085, 2, '2023-01-17', 24),
(4087, 2, '2023-02-20', 23),
(4089, 5, '2023-01-14', 10),
(4092, 1, '2023-01-12', 18),
(4099, 1, '2023-02-04', 24),
(4102, 1, '2023-03-08', 23),
(4103, 4, '2023-02-17', 20),
(4108, 1, '2023-02-05', 16),
(4112, 4, '2023-01-22', 10),
(4113, 3, '2023-03-04', 14),
(4121, 2, '2023-01-25', 19),
(4122, 1, '2023-03-05', 23),
(4126, 2, '2023-01-15', 20),
(4128, 5, '2023-01-20', 20),
(4132, 2, '2023-02-24', 8),
(4144, 5, '2023-02-14', 6),
(4146, 2, '2023-01-31', 8),
(4149, 4, '2023-01-18', 9),
(4152, 3, '2023-03-01', 16),
(4155, 2, '2023-02-05', 23),
(4172, 2, '2023-02-21', 19),
(4180, 1, '2023-01-27', 25),
(4182, 5, '2023-02-19', 21),
(4186, 2, '2023-02-11', 10),
(4191, 2, '2023-03-04', 11),
(4202, 4, '2023-02-22', 12),
(4208, 3, '2023-02-11', 14),
(4211, 1, '2023-02-07', 17),
(4215, 2, '2023-03-01', 14),
(4227, 2, '2023-02-16', 5),
(4238, 3, '2023-02-27', 25),
(4249, 5, '2023-02-02', 21),
(4251, 3, '2023-02-24', 18),
(4258, 4, '2023-02-15', 7),
(4264, 1, '2023-01-13', 24),
(4269, 5, '2023-02-09', 8),
(4276, 4, '2023-02-25', 16),
(4283, 4, '2023-03-08', 19),
(4284, 1, '2023-02-19', 6),
(4303, 5, '2023-02-12', 22),
(4324, 1, '2023-03-04', 19),
(4325, 1, '2023-02-03', 20),
(4327, 2, '2023-03-10', 19),
(4348, 5, '2023-02-13', 23),
(4360, 4, '2023-01-29', 21),
(4368, 1, '2023-01-17', 20),
(4371, 5, '2023-02-16', 18),
(4378, 3, '2023-02-07', 16),
(4388, 5, '2023-02-10', 14),
(4395, 5, '2023-01-15', 14),
(4411, 4, '2023-03-04', 12),
(4442, 5, '2023-01-28', 10),
(4443, 2, '2023-02-15', 15),
(4474, 1, '2023-01-22', 21),
(4482, 5, '2023-01-19', 5),
(4496, 3, '2023-03-03', 12),
(4507, 1, '2023-03-03', 18),
(4552, 2, '2023-03-11', 17),
(4558, 3, '2023-02-01', 17),
(4610, 4, '2023-01-13', 22),
(4621, 5, '2023-01-18', 25),
(4650, 5, '2023-01-23', 14),
(4651, 1, '2023-01-26', 18),
(4663, 4, '2023-02-06', 7),
(4719, 4, '2023-03-05', 24),
(4738, 1, '2023-02-28', 14),
(4876, 2, '2023-02-13', 12),
(5004, 5, '2022-11-07', 10),
(5005, 3, '2022-10-12', 6),
(5008, 1, '2022-11-08', 24),
(5010, 3, '2022-12-05', 22),
(5015, 5, '2022-12-14', 23),
(5016, 4, '2022-10-13', 9),
(5018, 3, '2022-12-12', 6),
(5021, 3, '2022-10-26', 12),
(5022, 2, '2022-11-15', 19),
(5023, 3, '2022-10-20', 19),
(5028, 4, '2022-09-14', 9),
(5029, 1, '2022-12-07', 15),
(5031, 3, '2022-12-16', 18),
(5032, 1, '2022-10-22', 11),
(5036, 3, '2022-10-30', 16),
(5037, 5, '2022-11-12', 13),
(5038, 5, '2022-09-25', 21),
(5042, 2, '2022-12-25', 12),
(5044, 3, '2022-11-19', 16),
(5053, 2, '2022-12-10', 24),
(5059, 2, '2022-09-28', 18),
(5063, 3, '2022-12-21', 20),
(5064, 2, '2022-10-08', 14),
(5068, 5, '2022-12-06', 8),
(5069, 5, '2022-10-30', 22),
(5071, 3, '2022-10-21', 5),
(5072, 1, '2022-09-14', 12),
(5082, 3, '2022-12-04', 22),
(5084, 1, '2022-12-12', 13),
(5087, 5, '2022-10-07', 15),
(5092, 4, '2022-09-15', 6),
(5099, 5, '2022-12-23', 15),
(5100, 5, '2022-10-01', 24),
(5102, 5, '2022-09-28', 18),
(5104, 2, '2022-12-26', 17),
(5106, 4, '2022-10-04', 15),
(5107, 5, '2022-11-26', 5),
(5110, 4, '2022-12-19', 14),
(5112, 3, '2022-12-09', 9),
(5116, 1, '2022-11-09', 17),
(5119, 4, '2022-11-16', 11),
(5120, 4, '2022-09-19', 8),
(5124, 1, '2022-09-17', 19),
(5128, 5, '2022-12-05', 14),
(5135, 4, '2022-09-30', 6),
(5136, 4, '2022-11-01', 21),
(5139, 1, '2022-11-14', 6),
(5141, 5, '2022-09-21', 22),
(5148, 5, '2022-11-17', 16),
(5166, 2, '2022-11-04', 25),
(5170, 2, '2022-12-29', 9),
(5181, 3, '2022-11-26', 11),
(5185, 1, '2022-10-31', 14),
(5190, 1, '2022-12-13', 6),
(5194, 4, '2022-12-11', 9),
(5199, 3, '2022-09-14', 13),
(5200, 2, '2022-10-31', 25),
(5202, 3, '2022-11-03', 15),
(5211, 2, '2022-10-09', 11),
(5227, 3, '2022-12-22', 12),
(5235, 1, '2022-09-27', 6),
(5236, 2, '2022-12-21', 17),
(5239, 3, '2022-12-10', 11),
(5251, 1, '2022-11-26', 12),
(5257, 1, '2022-10-27', 15),
(5263, 3, '2022-10-03', 9),
(5265, 5, '2022-10-10', 8),
(5269, 2, '2022-12-14', 21),
(5270, 1, '2022-10-06', 6),
(5273, 3, '2022-11-05', 22),
(5275, 4, '2022-10-10', 6),
(5277, 3, '2022-12-17', 11),
(5282, 2, '2022-11-03', 20),
(5284, 5, '2022-11-22', 22),
(5287, 5, '2022-10-13', 19),
(5288, 5, '2022-12-18', 10),
(5294, 5, '2022-09-19', 14),
(5307, 2, '2022-12-31', 24),
(5308, 4, '2022-10-16', 17),
(5310, 2, '2022-09-30', 5),
(5320, 4, '2022-11-27', 18),
(5328, 5, '2022-10-02', 18),
(5337, 2, '2022-09-22', 14),
(5341, 1, '2022-09-25', 10),
(5349, 3, '2022-12-19', 24),
(5354, 4, '2022-11-28', 6),
(5364, 3, '2022-12-27', 8),
(5383, 2, '2022-11-18', 21),
(5387, 1, '2022-12-06', 24),
(5396, 1, '2022-12-05', 25),
(5397, 5, '2022-10-16', 24),
(5398, 4, '2022-12-05', 11),
(5406, 2, '2022-10-11', 14),
(5408, 3, '2022-12-30', 12),
(5414, 4, '2022-09-29', 16),
(5415, 4, '2022-12-25', 5),
(5439, 3, '2022-11-12', 5),
(5451, 1, '2022-11-11', 22),
(5455, 4, '2022-09-21', 15),
(5459, 4, '2022-12-24', 20),
(5466, 4, '2022-11-30', 11),
(5470, 2, '2022-10-23', 5),
(5472, 3, '2022-12-02', 6),
(5485, 5, '2022-10-28', 25),
(5488, 4, '2022-10-28', 11),
(5499, 2, '2022-10-05', 23),
(5500, 3, '2022-11-17', 7),
(5504, 2, '2022-09-24', 8),
(5506, 1, '2022-11-16', 23),
(5508, 5, '2022-09-14', 6),
(5509, 5, '2022-10-31', 25),
(5513, 1, '2022-10-14', 10),
(5518, 5, '2022-10-14', 19),
(5520, 1, '2022-11-13', 11),
(5530, 1, '2022-09-18', 8),
(5538, 5, '2022-11-20', 8),
(5539, 2, '2022-12-22', 5),
(5547, 5, '2022-09-23', 21),
(5586, 2, '2022-12-28', 6),
(5601, 1, '2022-09-16', 14),
(5616, 1, '2022-11-07', 6),
(5618, 3, '2022-10-24', 13),
(5635, 1, '2022-11-15', 25),
(5656, 3, '2022-11-16', 20),
(5703, 5, '2022-12-22', 25),
(5705, 4, '2022-09-17', 23),
(5718, 5, '2022-09-18', 25),
(5737, 5, '2022-10-24', 10),
(5758, 2, '2022-10-07', 15),
(5770, 2, '2022-11-24', 6),
(5804, 5, '2022-11-24', 9),
(5808, 2, '2022-09-18', 16),
(5810, 4, '2022-10-26', 23),
(5816, 4, '2022-09-26', 14),
(5848, 4, '2022-11-02', 15),
(5881, 3, '2022-11-24', 22),
(5914, 4, '2022-10-03', 9),
(5920, 2, '2022-10-22', 13),
(5940, 5, '2022-12-25', 14),
(5967, 1, '2022-10-13', 13),
(6002, 1, '2022-04-03', 1),
(6004, 5, '2023-03-17', 23),
(6005, 2, '2023-04-30', 11),
(6011, 5, '2023-04-27', 24),
(6014, 2, '2022-08-27', 5),
(6020, 3, '2022-05-06', 6),
(6022, 5, '2022-06-04', 14),
(6024, 4, '2023-05-06', 9),
(6031, 1, '2023-04-12', 21),
(6032, 4, '2022-04-03', 22),
(6035, 1, '2022-11-30', 13),
(6039, 4, '2023-04-20', 23),
(6040, 5, '2023-01-10', 8),
(6043, 5, '2023-03-14', 19),
(6048, 3, '2023-03-21', 9),
(6054, 4, '2022-09-02', 19),
(6055, 2, '2022-05-16', 16),
(6057, 3, '2022-04-16', 12),
(6059, 2, '2022-06-03', 25),
(6067, 1, '2023-04-11', 5),
(6068, 2, '2022-08-12', 7),
(6070, 1, '2023-04-10', 14),
(6076, 1, '2022-07-16', 21),
(6088, 4, '2023-04-21', 19),
(6092, 2, '2022-05-05', 11),
(6093, 1, '2022-09-11', 21),
(6101, 3, '2023-04-23', 12),
(6102, 1, '2022-09-05', 19),
(6106, 5, '2022-07-01', 21),
(6110, 4, '2023-03-27', 22),
(6112, 4, '2023-02-14', 17),
(6115, 1, '2023-05-02', 22),
(6116, 2, '2022-09-01', 18),
(6119, 3, '2022-12-28', 5),
(6122, 3, '2023-03-15', 7),
(6131, 2, '2023-04-09', 13),
(6135, 2, '2022-08-18', 18),
(6140, 3, '2023-03-28', 14),
(6144, 4, '2023-05-03', 5),
(6145, 2, '2023-03-20', 18),
(6152, 3, '2023-03-24', 23),
(6154, 5, '2023-03-28', 19),
(6155, 2, '2023-04-10', 16),
(6160, 1, '2022-07-01', 9),
(6166, 1, '2023-03-22', 23),
(6167, 4, '2023-03-15', 9),
(6168, 1, '2022-06-12', 18),
(6173, 3, '2022-05-15', 7),
(6174, 4, '2023-04-03', 16),
(6177, 2, '2023-03-18', 5),
(6179, 3, '2023-04-13', 20),
(6183, 1, '2023-04-14', 22),
(6191, 2, '2023-04-04', 7),
(6194, 4, '2022-05-04', 25),
(6198, 1, '2022-06-26', 20),
(6201, 3, '2022-05-19', 18),
(6206, 2, '2022-07-17', 9),
(6208, 1, '2022-09-04', 11),
(6211, 5, '2022-07-06', 24),
(6212, 3, '2022-11-21', 9),
(6218, 2, '2023-04-03', 13),
(6226, 3, '2022-11-11', 5),
(6228, 2, '2023-04-06', 10),
(6234, 4, '2022-07-02', 11),
(6236, 2, '2022-09-13', 19),
(6237, 5, '2023-01-05', 14),
(6238, 4, '2022-08-12', 15),
(6239, 3, '2022-04-28', 17),
(6244, 3, '2022-09-06', 18),
(6247, 3, '2022-09-07', 12),
(6250, 4, '2022-06-13', 17),
(6251, 1, '2022-04-10', 22),
(6256, 4, '2023-01-05', 15),
(6257, 1, '2022-03-28', 6),
(6258, 4, '2023-03-26', 6),
(6261, 2, '2022-07-12', 12),
(6262, 3, '2023-04-24', 25),
(6264, 3, '2023-04-27', 13),
(6266, 5, '2023-04-18', 20),
(6267, 5, '2023-04-22', 14),
(6269, 2, '2022-04-10', 8),
(6271, 5, '2023-04-28', 19),
(6272, 3, '2022-10-07', 10),
(6277, 4, '2022-05-24', 12),
(6279, 4, '2023-03-29', 5),
(6281, 2, '2022-03-18', 5),
(6283, 4, '2022-07-09', 7),
(6285, 1, '2022-04-09', 12),
(6288, 3, '2022-08-04', 9),
(6291, 4, '2023-04-28', 9),
(6293, 2, '2022-05-01', 19),
(6297, 4, '2023-03-25', 20),
(6300, 3, '2023-04-14', 25),
(6304, 4, '2022-08-31', 18),
(6305, 1, '2022-08-16', 6),
(6307, 5, '2022-03-18', 12),
(6311, 2, '2023-04-24', 18),
(6314, 5, '2023-03-29', 25),
(6315, 1, '2023-03-16', 23),
(6320, 1, '2022-05-14', 16),
(6324, 1, '2022-08-12', 25),
(6330, 4, '2022-07-31', 21),
(6332, 2, '2022-03-27', 22),
(6336, 2, '2022-07-14', 21),
(6338, 3, '2022-08-16', 25),
(6345, 2, '2023-05-07', 25),
(6347, 5, '2022-10-04', 7),
(6350, 2, '2022-08-19', 21),
(6352, 5, '2023-05-04', 23),
(6356, 2, '2022-09-10', 18),
(6359, 1, '2023-04-20', 23),
(6364, 4, '2023-03-16', 11),
(6366, 3, '2022-05-12', 17),
(6375, 2, '2022-08-30', 8),
(6376, 5, '2022-09-03', 13),
(6381, 1, '2022-05-29', 11),
(6383, 5, '2023-03-30', 12),
(6386, 5, '2023-04-15', 20),
(6389, 2, '2023-03-27', 11),
(6390, 2, '2023-03-22', 23),
(6395, 5, '2023-04-06', 15),
(6397, 2, '2022-07-08', 15),
(6401, 4, '2023-04-24', 5),
(6402, 4, '2023-04-06', 5),
(6404, 3, '2023-04-22', 6),
(6405, 3, '2023-04-18', 5),
(6406, 3, '2023-05-24', 20),
(6409, 2, '2023-05-23', 11),
(6410, 4, '2023-04-01', 10),
(6411, 5, '2023-05-11', 13),
(6412, 3, '2023-03-16', 7),
(6413, 2, '2023-04-28', 20),
(6415, 3, '2023-05-10', 14),
(6417, 3, '2023-03-17', 12),
(6419, 5, '2023-05-06', 10),
(6422, 1, '2023-05-19', 24),
(6423, 5, '2023-05-09', 15),
(6428, 2, '2023-05-24', 9),
(6431, 5, '2023-05-19', 12),
(6434, 5, '2023-05-30', 10),
(6435, 4, '2023-05-13', 5),
(6438, 2, '2023-05-12', 22),
(6442, 2, '2023-03-19', 15),
(6444, 3, '2023-05-27', 9),
(6445, 2, '2023-05-11', 20),
(6446, 4, '2023-03-23', 7),
(6447, 3, '2023-04-01', 18),
(6450, 3, '2023-04-08', 19),
(6451, 3, '2023-04-07', 11),
(6454, 4, '2023-05-01', 13),
(6455, 2, '2023-05-13', 7),
(6456, 1, '2023-03-19', 24),
(6457, 5, '2023-05-18', 21),
(6458, 2, '2023-04-17', 12),
(6459, 4, '2023-05-30', 20),
(6462, 3, '2023-04-02', 23),
(6465, 2, '2023-05-10', 16),
(6466, 2, '2023-05-08', 20),
(6469, 2, '2023-04-29', 7),
(6470, 1, '2023-05-09', 13),
(6471, 1, '2023-04-27', 7),
(6476, 4, '2023-05-11', 14),
(6478, 3, '2023-04-11', 19),
(6479, 1, '2023-04-03', 20),
(6480, 5, '2023-04-09', 24),
(6484, 1, '2023-04-29', 6),
(6485, 3, '2023-05-06', 16),
(6490, 4, '2023-05-28', 18),
(6491, 4, '2023-04-04', 22),
(6492, 3, '2023-05-29', 12),
(6493, 5, '2023-05-12', 7),
(6494, 5, '2023-05-10', 9),
(6497, 5, '2023-05-07', 9),
(6501, 1, '2023-04-25', 17),
(6505, 4, '2023-04-14', 5),
(6507, 2, '2023-05-16', 21),
(6510, 4, '2023-03-30', 19),
(6512, 2, '2023-04-19', 6),
(6513, 4, '2023-03-21', 10),
(6514, 1, '2023-04-05', 17),
(6515, 2, '2023-05-20', 20),
(6518, 3, '2023-03-29', 16),
(6520, 3, '2023-04-06', 25),
(6521, 3, '2023-04-16', 15),
(6523, 3, '2023-03-27', 11),
(6524, 3, '2023-05-09', 19),
(6525, 2, '2023-03-26', 24),
(6527, 2, '2023-05-19', 6),
(6528, 5, '2023-04-07', 21),
(6530, 5, '2023-04-05', 24),
(6532, 5, '2023-03-16', 24),
(6535, 2, '2023-03-28', 7),
(6536, 5, '2023-05-02', 14),
(6539, 4, '2023-05-25', 15),
(6540, 3, '2023-03-23', 13),
(6541, 1, '2023-05-30', 13),
(6542, 1, '2023-04-30', 25),
(6544, 3, '2023-05-02', 5),
(6545, 2, '2023-05-15', 18),
(6549, 2, '2023-04-02', 14),
(6550, 4, '2023-03-22', 8),
(6552, 1, '2023-03-28', 19),
(6553, 3, '2023-04-25', 11),
(6555, 2, '2023-05-27', 19),
(6556, 4, '2023-04-09', 13),
(6557, 1, '2023-03-21', 9),
(6558, 3, '2023-05-16', 16),
(6560, 1, '2023-05-16', 22),
(6561, 3, '2023-04-17', 23),
(6563, 1, '2023-05-01', 15),
(6565, 3, '2023-05-25', 14),
(6566, 5, '2023-05-08', 19),
(6570, 5, '2023-05-17', 20),
(6572, 5, '2023-03-23', 9),
(6578, 2, '2023-04-25', 12),
(6583, 4, '2023-05-09', 23),
(6585, 4, '2023-04-11', 25),
(6587, 4, '2023-05-10', 24),
(6592, 1, '2023-05-03', 10),
(6594, 3, '2023-03-18', 23),
(6595, 1, '2023-04-22', 16),
(6597, 5, '2023-03-20', 19),
(6599, 4, '2023-04-13', 17),
(6601, 3, '2023-04-10', 5),
(6604, 1, '2023-03-23', 16),
(6607, 5, '2023-04-14', 13),
(6609, 4, '2023-05-17', 25),
(6614, 1, '2023-05-11', 11),
(6617, 2, '2023-03-21', 19),
(6619, 1, '2023-04-18', 9),
(6621, 4, '2023-05-12', 9),
(6625, 4, '2023-05-07', 13),
(6628, 2, '2023-05-22', 17),
(6629, 1, '2023-03-18', 21),
(6630, 2, '2023-05-26', 11),
(6631, 1, '2023-04-26', 22),
(6633, 3, '2023-05-12', 10),
(6636, 3, '2023-05-19', 11),
(6638, 1, '2023-03-20', 14),
(6643, 5, '2023-03-31', 14),
(6645, 2, '2023-05-03', 18),
(6646, 3, '2023-05-22', 17),
(6648, 3, '2023-03-26', 14),
(6649, 2, '2023-04-23', 18),
(6652, 5, '2023-05-24', 24),
(6654, 4, '2023-05-27', 9),
(6656, 1, '2023-04-06', 15),
(6657, 2, '2023-03-15', 21),
(6662, 1, '2023-04-01', 22),
(6664, 1, '2023-05-26', 22),
(6665, 4, '2023-04-15', 6),
(6666, 4, '2023-03-17', 6),
(6668, 4, '2023-03-28', 21),
(6669, 5, '2023-05-01', 25),
(6672, 2, '2023-04-13', 5),
(6677, 3, '2023-05-20', 15),
(6679, 5, '2023-04-16', 16),
(6683, 1, '2023-05-28', 14),
(6684, 2, '2023-04-05', 24),
(6686, 4, '2023-04-19', 11),
(6689, 5, '2023-03-27', 16),
(6695, 4, '2023-05-14', 5),
(6696, 3, '2023-05-13', 13),
(6697, 4, '2023-03-24', 16),
(6698, 1, '2023-05-10', 9),
(6703, 2, '2023-03-25', 11),
(6704, 2, '2023-03-16', 22),
(6710, 3, '2023-04-03', 15),
(6712, 4, '2023-04-17', 5),
(6715, 4, '2023-03-31', 16),
(6723, 5, '2023-03-02', 18),
(6724, 4, '2023-04-18', 22),
(6726, 3, '2023-05-03', 21),
(6734, 1, '2023-05-05', 17),
(6737, 3, '2023-04-19', 21),
(6740, 2, '2023-05-17', 9),
(6743, 4, '2023-05-15', 14),
(6746, 3, '2023-05-17', 6),
(6750, 2, '2023-04-18', 24),
(6751, 2, '2023-03-30', 20),
(6753, 4, '2023-04-10', 25),
(6754, 2, '2023-05-09', 9),
(6756, 3, '2023-04-05', 24),
(6759, 1, '2023-03-17', 7),
(6760, 5, '2023-05-13', 22),
(6761, 1, '2023-04-02', 14),
(6772, 4, '2023-05-23', 14),
(6777, 1, '2023-04-19', 19),
(6785, 1, '2023-04-08', 10),
(6786, 3, '2023-05-23', 5),
(6787, 5, '2023-03-18', 24),
(6797, 2, '2023-04-26', 5),
(6799, 3, '2023-05-18', 20),
(6802, 3, '2023-03-30', 6),
(6805, 3, '2023-03-19', 10),
(6807, 4, '2023-03-14', 8),
(6808, 1, '2023-05-20', 15),
(6809, 5, '2023-04-24', 13),
(6811, 2, '2023-05-01', 12),
(6814, 5, '2023-03-21', 15),
(6817, 4, '2023-05-02', 9),
(6823, 1, '2023-05-13', 13),
(6829, 5, '2023-05-29', 10),
(6830, 1, '2023-04-15', 13),
(6832, 2, '2023-04-11', 5),
(6840, 2, '2023-04-22', 5),
(6843, 1, '2023-05-21', 17),
(6844, 1, '2023-04-04', 24),
(6848, 3, '2023-05-01', 9),
(6856, 5, '2023-04-21', 6),
(6857, 4, '2023-05-26', 25),
(6859, 2, '2023-05-30', 8),
(6861, 1, '2023-05-17', 21),
(6865, 3, '2023-05-26', 19),
(6867, 4, '2023-05-05', 22),
(6868, 3, '2023-05-04', 15),
(6873, 1, '2023-05-15', 25),
(6888, 1, '2023-03-24', 24),
(6892, 5, '2023-04-03', 21),
(6895, 5, '2023-04-10', 5),
(6900, 1, '2023-03-26', 6),
(6906, 3, '2023-05-14', 25),
(6908, 1, '2023-03-14', 25),
(6912, 5, '2023-05-25', 11),
(6915, 5, '2023-04-29', 19),
(6916, 4, '2023-05-21', 25),
(6917, 1, '2023-05-18', 9),
(6922, 2, '2023-03-14', 22),
(6926, 4, '2023-05-16', 12),
(6927, 2, '2023-05-28', 6),
(6929, 3, '2023-05-15', 23),
(6934, 5, '2023-03-26', 14),
(6937, 4, '2023-03-18', 11),
(6939, 5, '2023-05-27', 19),
(6941, 2, '2023-04-01', 21),
(6949, 5, '2023-04-20', 17),
(6961, 1, '2023-05-12', 9),
(6965, 2, '2023-04-21', 19),
(6981, 2, '2023-04-07', 11),
(6996, 1, '2023-03-29', 17),
(6997, 2, '2023-05-05', 20),
(6998, 4, '2023-04-16', 10),
(7021, 4, '2023-04-05', 18),
(7027, 5, '2023-04-04', 23),
(7029, 1, '2023-05-23', 5),
(7031, 2, '2023-05-21', 25),
(7046, 4, '2023-04-26', 22),
(7047, 1, '2023-04-28', 21),
(7051, 1, '2023-05-27', 21),
(7057, 5, '2023-05-14', 22),
(7061, 5, '2023-04-30', 12),
(7064, 4, '2023-04-22', 18),
(7068, 2, '2023-04-08', 21),
(7087, 5, '2023-03-15', 21),
(7088, 5, '2023-03-22', 14),
(7092, 4, '2023-04-02', 11),
(7101, 5, '2023-04-01', 9),
(7103, 5, '2023-05-16', 5),
(7104, 1, '2023-03-31', 17),
(7109, 5, '2023-05-22', 17),
(7111, 1, '2023-05-04', 8),
(7113, 2, '2023-05-29', 5),
(7125, 3, '2023-03-22', 15),
(7128, 4, '2023-04-07', 13),
(7136, 5, '2023-04-26', 22),
(7138, 4, '2023-04-27', 24),
(7163, 3, '2023-04-21', 21),
(7172, 4, '2023-05-19', 11),
(7189, 3, '2023-05-21', 7),
(7197, 2, '2023-05-18', 16),
(7212, 3, '2023-04-28', 21),
(7216, 5, '2023-03-19', 9),
(7217, 1, '2023-04-09', 5),
(7224, 3, '2023-05-28', 11),
(7238, 2, '2023-04-20', 19),
(7245, 1, '2023-03-30', 8),
(7251, 2, '2023-04-12', 14),
(7257, 5, '2023-04-13', 20),
(7261, 3, '2023-04-30', 5),
(7263, 1, '2023-05-29', 22),
(7270, 1, '2023-05-08', 11),
(7273, 5, '2023-04-23', 6),
(7276, 4, '2023-04-30', 23),
(7283, 3, '2023-03-31', 21),
(7298, 1, '2023-05-25', 23),
(7305, 5, '2023-03-25', 11),
(7308, 1, '2023-04-24', 15),
(7310, 1, '2023-04-21', 19),
(7314, 1, '2023-04-16', 23),
(7318, 5, '2023-05-28', 12),
(7327, 4, '2023-05-22', 15),
(7337, 1, '2023-03-27', 11),
(7343, 4, '2023-05-29', 10),
(7380, 2, '2023-03-24', 25),
(7389, 5, '2023-04-02', 23),
(7390, 2, '2023-05-14', 13);

-- --------------------------------------------------------

--
-- Table structure for table `orders`
--

CREATE TABLE `orders` (
  `order_id` int(11) NOT NULL,
  `reg_customer_id` int(11) DEFAULT NULL,
  `guest_id` int(11) DEFAULT NULL,
  `request` varchar(500) DEFAULT NULL,
  `time_placed` timestamp NOT NULL DEFAULT current_timestamp(),
  `type` varchar(50) NOT NULL,
  `status` varchar(50) NOT NULL,
  `scheduled_time` datetime DEFAULT NULL,
  `table_id` int(11) DEFAULT NULL,
  `time_completed` timestamp NULL DEFAULT NULL,
  `promo` int(11) DEFAULT 1,
  `service_charge` float NOT NULL DEFAULT 0,
  `tip` float NOT NULL DEFAULT 0,
  `total_cost` float NOT NULL DEFAULT 0,
  `paid` tinyint(1) NOT NULL DEFAULT 0,
  `collected` tinyint(1) NOT NULL DEFAULT 0
) ENGINE=InnoDB DEFAULT CHARSET=utf8mb4;

--
-- Dumping data for table `orders`
--

INSERT INTO `orders` (`order_id`, `reg_customer_id`, `guest_id`, `request`, `time_placed`, `type`, `status`, `scheduled_time`, `table_id`, `time_completed`, `promo`, `service_charge`, `tip`, `total_cost`, `paid`, `collected`) VALUES
(1, 2, NULL, 'Get rid of the Rasam', '2022-01-15 13:00:54', 'dine-in', 'completed', NULL, 5, '2022-01-15 15:31:25', 1, 0, 0, 2000, 1, 1),
(2, 2, NULL, 'Chill', '2023-02-15 07:39:17', 'takeaway', 'completed', NULL, NULL, '2023-02-15 10:45:18', 1, 0, 0, 6100, 1, 1),
(3, 2, NULL, 'Need lots of food', '2022-07-03 04:43:42', 'bulk', 'completed', '2022-07-13 13:16:38', NULL, '2022-07-13 15:41:27', 1, 0, 0, 4800, 1, 1),
(4, 6, NULL, 'Need the food to be ready by 1 PM', '2022-09-27 19:30:42', 'takeaway', 'completed', NULL, NULL, '2023-04-11 18:36:53', 1, 0, 0, 2100, 1, 1),
(5, 1, NULL, 'No dairy products', '2022-10-17 06:12:28', 'dine-in', 'completed', '2023-03-01 15:00:00', 2, '2023-04-11 18:36:53', 1, 0, 0, 2400, 1, 1),
(6, 1, NULL, 'Need the food to be extra hot', '2022-05-07 15:20:14', 'takeaway', 'completed', NULL, NULL, '2023-04-11 18:36:53', 1, 0, 0, 2400, 1, 1),
(7, 2, NULL, 'Allergic to nuts', '2022-10-04 02:13:48', 'dine-in', 'completed', '2023-03-16 12:00:00', 1, '2023-04-11 18:36:53', 1, 0, 0, 2400, 1, 1),
(8, 3, NULL, 'Need separate containers for sauces', '2023-01-06 07:58:21', 'bulk', 'completed', NULL, NULL, '2023-04-11 18:36:53', 1, 0, 0, 4500, 1, 1),
(9, 1, NULL, 'Don\'t make the food too spicy', '2022-04-03 06:40:23', 'dine-in', 'completed', NULL, 5, '2023-04-11 18:36:53', 1, 0, 0, 15200, 1, 1),
(11, 3, NULL, 'Don\'t use meat', '2022-10-19 09:33:19', 'bulk', 'completed', NULL, NULL, '2023-04-11 18:36:53', 1, 0, 0, 9600, 1, 1),
(12, 6, NULL, '', '2023-02-06 19:05:55', 'dine-in', 'completed', NULL, 3, '2023-04-11 18:36:53', 1, 0, 0, 3500, 1, 1),
(13, 11, NULL, '', '2022-04-25 02:59:42', 'takeaway', 'completed', NULL, NULL, '2023-04-11 18:36:53', 1, 0, 0, 3300, 1, 1),
(14, 1, NULL, 'Don\'t make the food too spicy', '2023-01-22 08:30:45', 'bulk', 'completed', NULL, NULL, '2023-04-11 18:36:53', 1, 0, 0, 4600, 1, 1),
(15, 3, NULL, 'Don\'t use spinach', '2022-02-28 07:04:42', 'dine-in', 'completed', NULL, 9, '2023-04-11 18:36:53', 1, 0, 0, 3100, 1, 1),
(16, 2, NULL, 'Don\'t make the food too spicy', '2022-06-03 12:41:18', 'takeaway', 'completed', NULL, NULL, '2023-04-11 18:36:53', 1, 0, 0, 6200, 1, 1),
(17, 6, NULL, '', '2022-03-24 13:02:26', 'bulk', 'completed', NULL, NULL, '2023-04-11 18:36:53', 1, 0, 0, 4200, 1, 1),
(18, 11, NULL, '', '2023-01-08 19:18:17', 'dine-in', 'completed', NULL, 1, '2023-04-11 18:36:53', 1, 0, 0, 7900, 1, 1),
(19, 2, NULL, 'I have a nut allergy please avoid nuts in my food', '2022-01-25 20:14:11', 'takeaway', 'completed', NULL, NULL, '2023-04-11 18:36:53', 1, 0, 0, 2400, 1, 1),
(20, 6, NULL, 'Can I have extra cheese on my pizza, please?', '2022-09-25 08:46:04', 'dine-in', 'completed', NULL, 6, '2023-04-11 18:36:53', 1, 0, 0, 5500, 1, 1),
(21, 3, NULL, '', '2022-08-30 15:17:47', 'takeaway', 'completed', NULL, NULL, '2023-04-11 18:36:53', 1, 0, 0, 9200, 1, 1),
(22, 11, NULL, 'I would like my steak well-done, please', '2023-02-11 07:40:48', 'dine-in', 'completed', NULL, 2, '2023-04-11 18:36:53', 1, 0, 0, 4400, 1, 1),
(23, 1, NULL, 'Can you add some extra spice to my curry?', '2022-10-14 00:40:39', 'takeaway', 'completed', NULL, NULL, '2023-04-11 18:36:53', 1, 0, 0, 3600, 1, 1),
(24, 6, NULL, 'I don\'t want any onions in my burger', '2022-07-31 09:50:55', 'dine-in', 'completed', NULL, 7, '2023-04-11 18:36:53', 1, 0, 0, 2800, 1, 1),
(25, 2, NULL, '', '2022-07-19 04:42:38', 'takeaway', 'completed', NULL, NULL, '2023-04-11 18:36:53', 1, 0, 0, 4700, 1, 1),
(26, 11, NULL, 'Can I have a vegetarian option, please?', '2022-12-28 23:30:29', 'dine-in', 'completed', NULL, 4, '2023-04-11 18:36:53', 1, 0, 0, 8200, 1, 1),
(27, 3, NULL, 'I am allergic to gluten, please avoid it in my food', '2022-07-11 15:34:34', 'takeaway', 'completed', NULL, NULL, '2023-04-11 18:36:53', 1, 0, 0, 4100, 1, 1),
(28, 1, NULL, 'Can I have some ketchup on the side, please?', '2023-01-18 23:31:21', 'dine-in', 'completed', NULL, 10, '2023-04-11 18:36:53', 1, 0, 0, 5600, 1, 1),
(29, 2, NULL, 'Can you make my sandwich without mayonnaise?', '2022-11-16 07:03:07', 'takeaway', 'completed', NULL, NULL, '2023-04-11 18:36:53', 1, 0, 0, 2500, 1, 1),
(30, 6, NULL, 'I would like my pasta with extra garlic', '2023-01-24 18:11:35', 'dine-in', 'completed', NULL, 9, '2023-04-11 18:36:53', 1, 0, 0, 5500, 1, 1),
(31, 3, NULL, '', '2022-09-18 05:58:34', 'takeaway', 'completed', NULL, NULL, '2023-04-11 18:36:53', 1, 0, 0, 5500, 1, 1),
(32, 11, NULL, 'Can I have my drink with no ice, please?', '2023-01-14 15:28:05', 'dine-in', 'completed', NULL, 3, '2023-01-15 10:47:09', 1, 0, 0, 4900, 1, 1),
(33, 1, NULL, 'I am in a hurry, can you make my order quickly?', '2022-02-01 08:54:48', 'takeaway', 'completed', NULL, NULL, '2023-04-11 18:36:53', 1, 0, 0, 2700, 1, 1),
(34, 6, NULL, 'I don\'t want any coriander in my soup', '2022-10-10 11:39:47', 'dine-in', 'completed', NULL, 5, '2023-04-11 18:36:53', 1, 0, 0, 6600, 1, 1),
(35, 2, NULL, 'Can I have a side salad instead of fries, please?', '2022-10-25 15:44:30', 'takeaway', 'completed', NULL, NULL, '2023-04-11 18:36:53', 1, 0, 0, 5900, 1, 1),
(36, 11, NULL, 'I am allergic to shellfish, please avoid it in my order', '2022-05-11 14:33:14', 'dine-in', 'completed', NULL, 8, '2023-04-11 18:36:53', 1, 0, 0, 6400, 1, 1),
(37, 3, NULL, 'Can you make my order a bit spicier than usual?', '2022-09-28 17:42:39', 'takeaway', 'completed', NULL, NULL, '2023-04-11 18:36:53', 1, 0, 0, 5600, 1, 1),
(38, 1, NULL, 'I would like my steak medium-rare, please', '2023-01-28 15:43:34', 'dine-in', 'completed', NULL, 1, '2023-04-11 18:36:53', 1, 0, 0, 3600, 1, 1),
(39, 13, NULL, NULL, '2023-04-04 02:11:43', 'dine-in', 'completed', NULL, NULL, '2023-04-11 18:36:53', 1, 0, 0, 3300, 1, 1),
(40, 13, NULL, NULL, '2022-11-25 14:24:43', 'dine-in', 'completed', NULL, NULL, '2023-04-11 18:36:53', 1, 0, 0, 6000, 1, 1),
(41, 3, NULL, NULL, '2022-11-22 20:58:49', 'dine-in', 'completed', NULL, NULL, '2023-04-11 18:36:53', 1, 0, 0, 800, 1, 1),
(42, 1, NULL, NULL, '2022-05-12 21:18:10', 'dine-in', 'completed', NULL, NULL, '2023-04-11 18:36:53', 1, 0, 0, 1000, 1, 1),
(43, 1, NULL, NULL, '2022-03-29 19:35:14', 'takeaway', 'completed', NULL, NULL, '2023-04-11 18:36:53', 1, 0, 0, 8000, 1, 1),
(44, 3, NULL, NULL, '2022-10-29 22:47:36', 'bulk', 'completed', NULL, NULL, '2023-04-11 18:36:53', 1, 0, 0, 600, 1, 1),
(45, 13, NULL, NULL, '2022-07-17 19:16:35', 'dine-in', 'completed', NULL, NULL, '2023-04-11 18:36:53', 1, 0, 0, 9400, 1, 1),
(46, 2, NULL, NULL, '2022-07-17 11:24:39', 'dine-in', 'completed', NULL, NULL, '2023-04-11 18:36:53', 1, 0, 0, 2800, 1, 1),
(47, 2, NULL, NULL, '2023-04-07 08:41:59', 'dine-in', 'completed', NULL, NULL, '2023-04-11 18:36:53', 1, 0, 0, 9500, 1, 1),
(48, 6, NULL, NULL, '2023-03-08 00:25:45', 'takeaway', 'completed', NULL, NULL, '2023-04-11 18:36:53', 1, 0, 0, 900, 1, 1),
(49, 1, NULL, NULL, '2022-12-03 19:18:05', 'dine-in', 'completed', NULL, NULL, '2023-04-11 18:36:53', 1, 0, 0, 3900, 1, 1),
(50, 6, NULL, NULL, '2022-09-08 17:24:22', 'takeaway', 'completed', NULL, NULL, '2023-04-11 18:36:53', 1, 0, 0, 4800, 1, 1),
(51, 13, NULL, NULL, '2022-03-19 13:39:23', 'takeaway', 'completed', NULL, NULL, '2023-04-11 18:36:53', 1, 0, 0, 5400, 1, 1),
(52, 1, NULL, NULL, '2023-01-23 07:40:26', 'dine-in', 'completed', NULL, NULL, '2023-04-11 18:36:53', 1, 0, 0, 0, 1, 1),
(53, 3, NULL, NULL, '2023-04-22 02:29:27', 'dine-in', 'completed', NULL, NULL, '2023-05-08 12:47:28', 1, 0, 0, 0, 1, 1),
(54, 10, NULL, NULL, '2022-04-14 05:57:48', 'dine-in', 'completed', NULL, NULL, '2023-04-11 18:36:53', 1, 0, 0, 6800, 1, 1),
(55, 1, NULL, NULL, '2022-06-08 15:13:11', 'takeaway', 'completed', NULL, NULL, '2023-04-11 18:36:53', 1, 0, 0, 3200, 1, 1),
(56, 13, NULL, NULL, '2022-08-05 09:05:11', 'takeaway', 'completed', NULL, NULL, '2023-04-11 18:36:53', 1, 0, 0, 9400, 1, 1),
(57, 1, NULL, NULL, '2022-06-03 20:33:38', 'takeaway', 'completed', NULL, NULL, '2023-04-11 18:36:53', 1, 0, 0, 2500, 1, 1),
(58, 10, NULL, NULL, '2023-03-17 09:16:24', 'dine-in', 'completed', NULL, NULL, '2023-04-11 18:36:53', 1, 0, 0, 5100, 1, 1),
(59, 1, NULL, NULL, '2023-04-29 19:06:00', 'takeaway', 'completed', NULL, NULL, '2023-05-08 12:47:28', 1, 0, 0, 2100, 1, 1),
(60, 1, NULL, NULL, '2022-07-28 07:00:11', 'bulk', 'completed', NULL, NULL, '2023-04-11 18:36:53', 1, 0, 0, 900, 1, 1),
(61, 10, NULL, NULL, '2022-06-07 13:31:52', 'dine-in', 'completed', NULL, NULL, '2023-04-11 18:36:53', 1, 0, 0, 600, 1, 1),
(62, 13, NULL, NULL, '2022-05-24 21:30:47', 'dine-in', 'completed', NULL, NULL, '2023-04-11 18:36:53', 1, 0, 0, 1800, 1, 1),
(63, 3, NULL, NULL, '2022-09-09 23:53:41', 'dine-in', 'completed', NULL, NULL, '2023-04-11 18:36:53', 1, 0, 0, 2000, 1, 1),
(64, 6, NULL, NULL, '2022-10-21 03:28:49', 'dine-in', 'completed', NULL, NULL, '2023-04-11 18:36:53', 1, 0, 0, 1200, 1, 1),
(65, 3, NULL, NULL, '2022-08-08 02:53:35', 'dine-in', 'completed', NULL, NULL, '2023-04-11 18:36:53', 1, 0, 0, 8100, 1, 1),
(66, 2, NULL, NULL, '2022-07-05 05:33:03', 'dine-in', 'completed', NULL, NULL, '2023-04-11 18:36:53', 1, 0, 0, 0, 1, 1),
(67, 1, NULL, NULL, '2022-06-18 10:55:23', 'dine-in', 'completed', NULL, NULL, '2023-04-11 18:36:53', 1, 0, 0, 1800, 1, 1),
(68, 6, NULL, NULL, '2023-01-10 10:37:16', 'dine-in', 'completed', NULL, NULL, '2023-04-11 18:36:53', 1, 0, 0, 5000, 1, 1),
(69, 2, NULL, NULL, '2022-11-19 06:20:19', 'takeaway', 'completed', NULL, NULL, '2023-04-11 18:36:53', 1, 0, 0, 600, 1, 1),
(70, 10, NULL, NULL, '2022-10-14 06:42:46', 'takeaway', 'completed', NULL, NULL, '2023-04-11 18:36:53', 1, 0, 0, 2000, 1, 1),
(71, 1, NULL, NULL, '2022-08-06 12:32:53', 'dine-in', 'completed', NULL, NULL, '2023-04-11 18:36:53', 1, 0, 0, 1200, 1, 1),
(72, 10, NULL, NULL, '2022-04-14 05:43:18', 'dine-in', 'completed', NULL, NULL, '2023-04-11 18:36:53', 1, 0, 0, 6200, 1, 1),
(73, 13, NULL, NULL, '2023-04-11 16:47:49', 'takeaway', 'completed', NULL, NULL, '2023-04-11 18:36:53', 1, 0, 0, 2000, 1, 1),
(74, 10, NULL, NULL, '2022-11-06 08:41:29', 'takeaway', 'completed', NULL, NULL, '2023-04-11 18:36:53', 1, 0, 0, 6400, 1, 1),
(75, 1, NULL, NULL, '2022-05-05 14:26:52', 'takeaway', 'completed', NULL, NULL, '2023-04-11 18:36:53', 1, 0, 0, 1600, 1, 1),
(76, 1, NULL, NULL, '2022-10-02 02:17:56', 'dine-in', 'completed', NULL, NULL, '2023-04-11 18:36:53', 1, 0, 0, 1200, 1, 1),
(77, 13, NULL, NULL, '2022-03-29 21:14:54', 'dine-in', 'completed', NULL, NULL, '2023-04-11 18:36:53', 1, 0, 0, 4100, 1, 1),
(78, 2, NULL, NULL, '2022-06-25 03:31:48', 'dine-in', 'completed', NULL, NULL, '2023-04-11 18:36:53', 1, 0, 0, 2500, 1, 1),
(79, 1, NULL, NULL, '2022-04-18 02:42:21', 'bulk', 'completed', NULL, NULL, '2023-04-11 18:36:53', 1, 0, 0, 5800, 1, 1),
(80, 1, NULL, NULL, '2023-05-01 00:47:57', 'takeaway', 'completed', NULL, NULL, '2023-05-08 12:47:28', 1, 0, 0, 2800, 1, 1),
(81, 3, NULL, NULL, '2022-12-23 18:09:48', 'dine-in', 'completed', NULL, NULL, '2023-04-11 18:36:53', 1, 0, 0, 0, 1, 1),
(82, 3, NULL, NULL, '2023-01-09 09:58:47', 'dine-in', 'completed', NULL, NULL, '2023-04-11 18:36:53', 1, 0, 0, 3500, 1, 1),
(83, 1, NULL, NULL, '2022-09-19 09:39:00', 'takeaway', 'completed', NULL, NULL, '2023-04-11 18:36:53', 1, 0, 0, 3000, 1, 1),
(84, 1, NULL, NULL, '2023-05-07 20:52:01', 'dine-in', 'completed', NULL, NULL, '2023-05-09 03:37:05', 1, 0, 0, 2400, 0, 0),
(85, 3, NULL, NULL, '2023-03-27 10:37:52', 'takeaway', 'completed', NULL, NULL, '2023-04-11 18:36:53', 1, 0, 0, 1200, 1, 1),
(86, 2, NULL, NULL, '2022-06-03 19:23:48', 'takeaway', 'completed', NULL, NULL, '2023-04-11 18:36:53', 1, 0, 0, 900, 1, 1),
(87, 13, NULL, NULL, '2022-06-27 10:53:41', 'dine-in', 'completed', NULL, NULL, '2023-04-11 18:36:53', 1, 0, 0, 1600, 1, 1),
(88, 3, NULL, NULL, '2022-12-14 12:35:38', 'takeaway', 'completed', NULL, NULL, '2023-04-11 18:36:53', 1, 0, 0, 1500, 1, 1),
(89, 2, NULL, NULL, '2022-07-08 08:34:56', 'dine-in', 'completed', NULL, NULL, '2023-04-11 18:36:53', 1, 0, 0, 1400, 1, 1),
(90, 3, NULL, NULL, '2022-09-29 03:11:17', 'takeaway', 'completed', NULL, NULL, '2023-04-11 18:36:53', 1, 0, 0, 500, 1, 1),
(91, 2, NULL, NULL, '2022-06-01 14:22:20', 'dine-in', 'completed', NULL, NULL, '2023-04-11 18:36:53', 1, 0, 0, 4900, 1, 1),
(92, 13, NULL, NULL, '2022-07-15 12:15:49', 'takeaway', 'completed', NULL, NULL, '2023-04-11 18:36:53', 1, 0, 0, 3200, 1, 1),
(93, 13, NULL, NULL, '2022-07-07 17:36:41', 'dine-in', 'completed', NULL, NULL, '2023-04-11 18:36:53', 1, 0, 0, 4500, 1, 1),
(94, 13, NULL, NULL, '2023-03-11 09:33:30', 'takeaway', 'completed', NULL, NULL, '2023-04-11 18:36:53', 1, 0, 0, 2000, 1, 1),
(95, 10, NULL, NULL, '2023-03-10 06:31:53', 'takeaway', 'completed', NULL, NULL, '2023-04-11 18:36:53', 1, 0, 0, 3200, 1, 1),
(96, 2, NULL, NULL, '2022-10-01 19:23:33', 'takeaway', 'completed', NULL, NULL, '2023-04-11 18:36:53', 1, 0, 0, 0, 1, 1),
(97, 6, NULL, NULL, '2022-07-05 23:15:09', 'dine-in', 'completed', NULL, NULL, '2023-04-11 18:36:53', 1, 0, 0, 600, 1, 1),
(98, 2, NULL, NULL, '2022-05-14 18:59:07', 'takeaway', 'completed', NULL, NULL, '2023-04-11 18:36:53', 1, 0, 0, 4000, 1, 1),
(99, 6, NULL, NULL, '2022-10-23 18:23:04', 'dine-in', 'completed', NULL, NULL, '2023-04-11 18:36:53', 1, 0, 0, 1000, 1, 1),
(100, 10, NULL, NULL, '2022-09-17 17:40:28', 'dine-in', 'completed', NULL, NULL, '2023-04-11 18:36:53', 1, 0, 0, 6900, 1, 1),
(101, 13, NULL, NULL, '2023-01-11 03:59:36', 'bulk', 'completed', NULL, NULL, '2023-04-11 18:36:53', 1, 0, 0, 8200, 1, 1),
(102, 1, NULL, NULL, '2022-06-02 21:03:34', 'takeaway', 'completed', NULL, NULL, '2023-04-11 18:36:53', 1, 0, 0, 3300, 1, 1),
(103, 13, NULL, NULL, '2022-12-08 20:33:40', 'dine-in', 'completed', NULL, NULL, '2023-04-11 18:36:53', 1, 0, 0, 1000, 1, 1),
(104, 13, NULL, NULL, '2022-07-17 13:12:07', 'dine-in', 'completed', NULL, NULL, '2023-04-11 18:36:53', 1, 0, 0, 2800, 1, 1),
(105, 1, NULL, NULL, '2022-09-28 03:46:58', 'bulk', 'completed', NULL, NULL, '2023-04-11 18:36:53', 1, 0, 0, 600, 1, 1),
(106, 2, NULL, NULL, '2023-04-02 15:54:05', 'dine-in', 'completed', NULL, NULL, '2023-04-11 18:36:53', 1, 0, 0, 900, 1, 1),
(107, 1, NULL, NULL, '2022-08-27 23:57:08', 'takeaway', 'completed', NULL, NULL, '2023-04-11 18:36:53', 1, 0, 0, 1500, 1, 1),
(108, 3, NULL, NULL, '2022-12-01 09:37:42', 'takeaway', 'completed', NULL, NULL, '2023-04-11 18:36:53', 1, 0, 0, 1500, 1, 1),
(109, 3, NULL, NULL, '2022-06-04 09:14:30', 'takeaway', 'completed', NULL, NULL, '2023-04-11 18:36:53', 1, 0, 0, 5300, 1, 1),
(110, 1, NULL, NULL, '2023-04-28 18:19:16', 'takeaway', 'completed', NULL, NULL, '2023-05-08 12:47:28', 1, 0, 0, 1500, 1, 1),
(111, 2, NULL, NULL, '2022-05-22 14:50:56', 'takeaway', 'completed', NULL, NULL, '2023-04-11 18:36:53', 1, 0, 0, 400, 1, 1),
(112, 13, NULL, NULL, '2022-11-08 10:18:41', 'dine-in', 'completed', NULL, NULL, '2023-04-11 18:36:53', 1, 0, 0, 1400, 1, 1),
(113, 13, NULL, NULL, '2022-03-24 20:29:47', 'takeaway', 'completed', NULL, NULL, '2023-04-11 18:36:53', 1, 0, 0, 1000, 1, 1),
(114, 10, NULL, NULL, '2023-02-23 18:43:27', 'takeaway', 'completed', NULL, NULL, '2023-04-11 18:36:53', 1, 0, 0, 2000, 1, 1),
(115, 1, NULL, NULL, '2022-11-30 04:28:28', 'takeaway', 'completed', NULL, NULL, '2023-04-11 18:36:53', 1, 0, 0, 1600, 1, 1),
(116, 3, NULL, NULL, '2023-04-15 04:35:56', 'takeaway', 'completed', NULL, NULL, '2023-05-08 12:47:28', 1, 0, 0, 3600, 1, 1),
(117, 10, NULL, NULL, '2022-10-13 09:39:02', 'dine-in', 'completed', NULL, NULL, '2023-04-11 18:36:53', 1, 0, 0, 2900, 1, 1),
(118, 10, NULL, NULL, '2022-07-05 15:02:02', 'dine-in', 'completed', NULL, NULL, '2023-04-11 18:36:53', 1, 0, 0, 5300, 1, 1),
(119, 10, NULL, NULL, '2023-04-25 08:38:10', 'takeaway', 'completed', NULL, NULL, '2023-05-08 12:47:28', 1, 0, 0, 4600, 1, 1),
(120, 3, NULL, NULL, '2022-09-06 00:05:30', 'takeaway', 'completed', NULL, NULL, '2023-04-11 18:36:53', 1, 0, 0, 1200, 1, 1),
(121, 13, NULL, NULL, '2022-08-04 10:04:04', 'takeaway', 'completed', NULL, NULL, '2023-04-11 18:36:53', 1, 0, 0, 1900, 1, 1),
(122, 13, NULL, NULL, '2022-05-23 15:40:29', 'takeaway', 'completed', NULL, NULL, '2023-04-11 18:36:53', 1, 0, 0, 5200, 1, 1),
(123, 10, NULL, NULL, '2023-03-06 11:41:14', 'dine-in', 'completed', NULL, NULL, '2023-04-11 18:36:53', 1, 0, 0, 2400, 1, 1),
(124, 3, NULL, NULL, '2022-06-13 23:43:50', 'dine-in', 'completed', NULL, NULL, '2023-04-11 18:36:53', 1, 0, 0, 1600, 1, 1),
(125, 3, NULL, NULL, '2023-02-20 15:17:23', 'takeaway', 'completed', NULL, NULL, '2023-04-11 18:36:53', 1, 0, 0, 0, 1, 1),
(126, 13, NULL, NULL, '2022-09-27 02:48:16', 'dine-in', 'completed', NULL, NULL, '2023-04-11 18:36:53', 1, 0, 0, 8400, 1, 1),
(127, 2, NULL, NULL, '2022-08-07 11:05:17', 'takeaway', 'completed', NULL, NULL, '2023-04-11 18:36:53', 1, 0, 0, 400, 1, 1),
(128, 2, NULL, NULL, '2022-07-24 11:35:58', 'takeaway', 'completed', NULL, NULL, '2023-04-11 18:36:53', 1, 0, 0, 5800, 1, 1),
(129, 2, NULL, NULL, '2022-06-15 07:24:11', 'takeaway', 'completed', NULL, NULL, '2023-04-11 18:36:53', 1, 0, 0, 5000, 1, 1),
(130, 3, NULL, NULL, '2023-02-14 04:34:54', 'dine-in', 'completed', NULL, NULL, '2023-04-11 18:36:53', 1, 0, 0, 0, 1, 1),
(131, 2, NULL, NULL, '2022-08-02 15:03:08', 'takeaway', 'completed', NULL, NULL, '2023-04-11 18:36:53', 1, 0, 0, 3100, 1, 1),
(132, 3, NULL, NULL, '2023-01-16 00:25:51', 'dine-in', 'completed', NULL, NULL, '2023-04-11 18:36:53', 1, 0, 0, 5400, 1, 1),
(133, 3, NULL, NULL, '2023-01-20 12:42:47', 'dine-in', 'completed', NULL, NULL, '2023-04-11 18:36:53', 1, 0, 0, 2500, 1, 1),
(134, 2, NULL, NULL, '2022-08-02 03:15:31', 'takeaway', 'completed', NULL, NULL, '2023-04-11 18:36:53', 1, 0, 0, 2200, 1, 1),
(135, 3, NULL, NULL, '2022-09-12 19:47:14', 'dine-in', 'completed', NULL, NULL, '2023-04-11 18:36:53', 1, 0, 0, 1500, 1, 1),
(136, 1, NULL, NULL, '2023-01-15 02:44:05', 'takeaway', 'completed', NULL, NULL, '2023-04-11 18:36:53', 1, 0, 0, 0, 1, 1),
(137, 13, NULL, NULL, '2022-12-18 21:04:52', 'takeaway', 'completed', NULL, NULL, '2023-04-11 18:36:53', 1, 0, 0, 800, 1, 1),
(138, 2, NULL, NULL, '2022-03-24 09:32:12', 'takeaway', 'completed', NULL, NULL, '2023-04-11 18:36:53', 1, 0, 0, 7700, 1, 1),
(139, 10, NULL, NULL, '2022-11-25 12:59:41', 'dine-in', 'completed', NULL, NULL, '2023-04-11 18:36:53', 1, 0, 0, 0, 1, 1),
(140, 13, NULL, NULL, '2023-03-20 20:10:18', 'dine-in', 'completed', NULL, NULL, '2023-04-11 18:36:53', 1, 0, 0, 2000, 1, 1),
(141, 13, NULL, NULL, '2022-09-28 15:40:20', 'takeaway', 'completed', NULL, NULL, '2023-04-11 18:36:53', 1, 0, 0, 10100, 1, 1),
(142, 3, NULL, NULL, '2022-12-14 19:17:26', 'takeaway', 'completed', NULL, NULL, '2023-04-11 18:36:53', 1, 0, 0, 1800, 1, 1),
(143, 1, NULL, NULL, '2022-09-15 20:46:19', 'takeaway', 'completed', NULL, NULL, '2023-04-11 18:36:53', 1, 0, 0, 2300, 1, 1),
(144, 10, NULL, NULL, '2022-05-09 16:11:22', 'dine-in', 'completed', NULL, NULL, '2023-04-11 18:36:53', 1, 0, 0, 0, 1, 1),
(145, 3, NULL, NULL, '2022-12-24 06:51:23', 'dine-in', 'completed', NULL, NULL, '2023-04-11 18:36:53', 1, 0, 0, 4400, 1, 1),
(146, 3, NULL, NULL, '2022-04-01 17:44:15', 'takeaway', 'completed', NULL, NULL, '2023-04-11 18:36:53', 1, 0, 0, 2700, 1, 1),
(147, 1, NULL, NULL, '2022-07-02 10:25:57', 'bulk', 'completed', NULL, NULL, '2023-04-11 18:36:53', 1, 0, 0, 2200, 1, 1),
(148, 1, NULL, NULL, '2022-07-05 03:27:41', 'bulk', 'completed', NULL, NULL, '2023-04-11 18:36:53', 1, 0, 0, 2000, 1, 1),
(149, 13, NULL, NULL, '2023-03-12 08:36:50', 'dine-in', 'completed', NULL, NULL, '2023-04-11 18:36:53', 1, 0, 0, 5400, 1, 1),
(150, 13, NULL, NULL, '2022-10-29 14:24:57', 'dine-in', 'completed', NULL, NULL, '2023-04-11 18:36:53', 1, 0, 0, 1200, 1, 1),
(151, 10, NULL, NULL, '2022-07-22 09:51:08', 'dine-in', 'completed', NULL, NULL, '2023-04-11 18:36:53', 1, 0, 0, 8800, 1, 1),
(152, 10, NULL, NULL, '2023-02-24 19:52:04', 'takeaway', 'completed', NULL, NULL, '2023-04-11 18:36:53', 1, 0, 0, 0, 1, 1),
(153, 2, NULL, NULL, '2022-05-21 12:28:34', 'takeaway', 'completed', NULL, NULL, '2023-04-11 18:36:53', 1, 0, 0, 2700, 1, 1),
(154, 3, NULL, NULL, '2022-10-10 15:54:14', 'dine-in', 'completed', NULL, NULL, '2023-04-11 18:36:53', 1, 0, 0, 5300, 1, 1),
(155, 13, NULL, NULL, '2022-05-02 19:38:14', 'dine-in', 'completed', NULL, NULL, '2023-04-11 18:36:53', 1, 0, 0, 300, 1, 1),
(156, 10, NULL, NULL, '2022-07-20 21:47:49', 'takeaway', 'completed', NULL, NULL, '2023-04-11 18:36:53', 1, 0, 0, 800, 1, 1),
(157, 3, NULL, NULL, '2022-04-13 22:07:20', 'dine-in', 'completed', NULL, NULL, '2023-04-11 18:36:53', 1, 0, 0, 10200, 1, 1),
(158, 1, NULL, NULL, '2023-03-11 12:07:44', 'dine-in', 'completed', NULL, NULL, '2023-04-11 18:36:53', 1, 0, 0, 2500, 1, 1),
(159, 1, NULL, NULL, '2022-12-30 21:01:52', 'takeaway', 'completed', NULL, NULL, '2023-04-11 18:36:53', 1, 0, 0, 7800, 1, 1),
(160, 6, NULL, NULL, '2023-04-27 23:42:19', 'takeaway', 'completed', NULL, NULL, '2023-05-08 12:47:28', 1, 0, 0, 3000, 1, 1),
(161, 10, NULL, NULL, '2022-03-27 07:04:02', 'dine-in', 'completed', NULL, NULL, '2023-04-11 18:36:53', 1, 0, 0, 1500, 1, 1),
(162, 2, NULL, NULL, '2022-03-15 17:03:16', 'takeaway', 'completed', NULL, NULL, '2023-04-11 18:36:53', 1, 0, 0, 1400, 1, 1),
(163, 1, NULL, NULL, '2022-04-30 16:22:20', 'takeaway', 'completed', NULL, NULL, '2023-04-11 18:36:53', 1, 0, 0, 2000, 1, 1),
(164, 3, NULL, NULL, '2022-10-25 21:10:31', 'takeaway', 'completed', NULL, NULL, '2023-04-11 18:36:53', 1, 0, 0, 1566, 1, 1),
(165, 13, NULL, NULL, '2022-05-21 12:26:36', 'takeaway', 'completed', NULL, NULL, '2023-04-11 18:36:53', 1, 0, 0, 2188, 1, 1),
(166, 13, NULL, NULL, '2022-04-20 04:42:52', 'dine-in', 'completed', NULL, NULL, '2023-04-11 18:36:53', 1, 0, 0, 3900, 1, 1),
(167, 2, NULL, NULL, '2022-06-30 15:15:57', 'dine-in', 'completed', NULL, NULL, '2023-04-11 18:36:53', 1, 0, 0, 1327, 1, 1),
(168, 1, NULL, NULL, '2022-11-06 02:43:33', 'takeaway', 'completed', NULL, NULL, '2023-04-11 18:36:53', 1, 0, 0, 2363, 1, 1),
(169, 10, NULL, NULL, '2022-12-27 01:52:11', 'dine-in', 'completed', NULL, NULL, '2023-04-11 18:36:53', 1, 0, 0, 0, 1, 1),
(170, 13, NULL, NULL, '2023-04-22 18:03:11', 'dine-in', 'completed', NULL, NULL, '2023-05-08 12:47:28', 1, 0, 0, 4300, 1, 1),
(171, 6, NULL, NULL, '2022-08-16 16:51:26', 'takeaway', 'completed', NULL, NULL, '2023-04-11 18:36:53', 1, 0, 0, 2496, 1, 1),
(172, 1, NULL, NULL, '2022-08-22 13:37:26', 'dine-in', 'completed', NULL, NULL, '2023-04-11 18:36:53', 1, 0, 0, 1832, 1, 1),
(173, 13, NULL, NULL, '2022-08-17 15:12:49', 'dine-in', 'completed', NULL, NULL, '2023-04-11 18:36:53', 1, 0, 0, 2208, 1, 1),
(174, 3, NULL, NULL, '2022-06-09 17:41:53', 'dine-in', 'completed', NULL, NULL, '2023-04-11 18:36:53', 1, 0, 0, 1048, 1, 1),
(175, 6, NULL, NULL, '2022-12-18 08:46:37', 'takeaway', 'completed', NULL, NULL, '2023-04-11 18:36:53', 1, 0, 0, 2733, 1, 1),
(176, 1, NULL, NULL, '2022-12-18 11:33:19', 'bulk', 'completed', NULL, NULL, '2023-04-11 18:36:53', 1, 0, 0, 2608, 1, 1),
(177, 10, NULL, NULL, '2023-02-21 13:52:49', 'dine-in', 'completed', NULL, NULL, '2023-04-11 18:36:53', 1, 0, 0, 1300, 1, 1),
(178, 2, NULL, NULL, '2022-09-09 04:30:14', 'takeaway', 'completed', NULL, NULL, '2023-04-11 18:36:53', 1, 0, 0, 2028, 1, 1),
(179, 1, NULL, NULL, '2022-06-21 08:08:29', 'dine-in', 'completed', NULL, NULL, '2023-04-11 18:36:53', 1, 0, 0, 1608, 1, 1),
(180, 10, NULL, NULL, '2022-04-28 08:54:12', 'dine-in', 'completed', NULL, NULL, '2023-04-11 18:36:53', 1, 0, 0, 300, 1, 1),
(181, 3, NULL, NULL, '2023-02-13 19:54:23', 'dine-in', 'completed', NULL, NULL, '2023-04-11 18:36:53', 1, 0, 0, 4800, 1, 1),
(182, 6, NULL, NULL, '2022-11-06 03:16:55', 'dine-in', 'completed', NULL, NULL, '2023-04-11 18:36:53', 1, 0, 0, 1235, 1, 1),
(183, 6, NULL, NULL, '2023-01-18 16:10:47', 'takeaway', 'completed', NULL, NULL, '2023-04-11 18:36:53', 1, 0, 0, 2200, 1, 1),
(184, 13, NULL, NULL, '2022-12-27 01:16:16', 'dine-in', 'completed', NULL, NULL, '2023-04-11 18:36:53', 1, 0, 0, 4200, 1, 1),
(185, 1, NULL, NULL, '2023-01-29 13:28:48', 'takeaway', 'completed', NULL, NULL, '2023-04-11 18:36:53', 1, 0, 0, 4200, 1, 1),
(186, 2, NULL, NULL, '2022-05-14 22:57:09', 'dine-in', 'completed', NULL, NULL, '2023-04-11 18:36:53', 1, 0, 0, 1984, 1, 1),
(187, 3, NULL, NULL, '2022-04-27 20:38:09', 'takeaway', 'completed', NULL, NULL, '2023-04-11 18:36:53', 1, 0, 0, 2100, 1, 1),
(188, 6, NULL, NULL, '2022-05-13 10:08:44', 'takeaway', 'completed', NULL, NULL, '2023-04-11 18:36:53', 1, 0, 0, 1621, 1, 1),
(189, 2, NULL, NULL, '2022-09-07 04:30:38', 'takeaway', 'completed', NULL, NULL, '2023-04-11 18:36:53', 1, 0, 0, 1082, 1, 1),
(190, 3, NULL, NULL, '2022-12-28 08:35:02', 'bulk', 'completed', NULL, NULL, '2023-04-11 18:36:53', 1, 0, 0, 3300, 1, 1),
(191, 10, NULL, 'No Gluten', '2023-04-12 02:31:21', 'dine-in', 'completed', NULL, NULL, '2023-04-15 04:36:57', 1, 0, 0, 5600, 1, 1),
(192, 10, NULL, NULL, '2023-01-17 10:03:07', 'takeaway', 'completed', NULL, NULL, '2023-04-11 18:36:53', 1, 0, 0, 5200, 1, 1),
(193, 6, NULL, NULL, '2023-05-03 00:11:36', 'dine-in', 'completed', NULL, NULL, '2023-05-08 12:47:28', 1, 0, 0, 1600, 1, 1),
(194, 2, NULL, NULL, '2022-04-28 20:27:08', 'takeaway', 'completed', NULL, NULL, '2023-04-11 18:36:53', 1, 0, 0, 2000, 1, 1),
(195, 2, NULL, NULL, '2023-03-23 13:27:46', 'takeaway', 'completed', NULL, NULL, '2023-04-11 18:36:53', 1, 0, 0, 7900, 1, 1),
(196, 13, NULL, NULL, '2023-03-27 04:39:56', 'takeaway', 'completed', NULL, NULL, '2023-04-11 18:36:53', 1, 0, 0, 2100, 1, 1),
(197, 2, NULL, NULL, '2022-09-12 06:40:17', 'takeaway', 'completed', NULL, NULL, '2023-04-11 18:36:53', 1, 0, 0, 1550, 1, 1),
(198, 2, NULL, NULL, '2022-05-21 05:59:07', 'takeaway', 'completed', NULL, NULL, '2023-04-11 18:36:53', 1, 0, 0, 2815, 1, 1),
(199, 10, NULL, NULL, '2022-06-04 20:20:37', 'dine-in', 'completed', NULL, NULL, '2023-04-11 18:36:53', 1, 0, 0, 1917, 1, 1),
(200, 13, NULL, NULL, '2023-05-02 13:11:57', 'takeaway', 'completed', NULL, NULL, '2023-05-08 12:47:28', 1, 0, 0, 4000, 1, 1),
(201, 13, NULL, NULL, '2022-04-20 19:47:57', 'takeaway', 'completed', NULL, NULL, '2023-04-11 18:36:53', 1, 0, 0, 1500, 1, 1),
(202, 2, NULL, NULL, '2022-05-05 16:25:21', 'dine-in', 'completed', NULL, NULL, '2023-04-11 18:36:53', 1, 0, 0, 2955, 1, 1),
(203, 6, NULL, NULL, '2023-01-04 21:51:01', 'dine-in', 'completed', NULL, NULL, '2023-04-11 18:36:53', 1, 0, 0, 400, 1, 1),
(204, 3, NULL, NULL, '2023-01-17 12:06:13', 'bulk', 'completed', NULL, NULL, '2023-04-11 18:36:53', 1, 0, 0, 2400, 1, 1),
(205, 3, NULL, NULL, '2022-08-08 13:25:48', 'takeaway', 'completed', NULL, NULL, '2023-04-11 18:36:53', 1, 0, 0, 2218, 1, 1),
(206, 3, NULL, NULL, '2022-09-20 21:50:32', 'dine-in', 'completed', NULL, NULL, '2023-04-11 18:36:53', 1, 0, 0, 2900, 1, 1),
(207, 3, NULL, NULL, '2022-09-14 22:56:58', 'dine-in', 'completed', NULL, NULL, '2023-04-11 18:36:53', 1, 0, 0, 1250, 1, 1),
(208, 13, NULL, NULL, '2022-07-25 06:30:52', 'dine-in', 'completed', NULL, NULL, '2023-04-11 18:36:53', 1, 0, 0, 1460, 1, 1),
(209, 10, NULL, NULL, '2022-10-09 17:45:08', 'dine-in', 'completed', NULL, NULL, '2023-04-11 18:36:53', 1, 0, 0, 2714, 1, 1),
(210, 6, NULL, NULL, '2022-09-11 03:20:45', 'takeaway', 'completed', NULL, NULL, '2023-04-11 18:36:53', 1, 0, 0, 2460, 1, 1),
(211, 6, NULL, NULL, '2023-02-13 16:38:37', 'takeaway', 'completed', NULL, NULL, '2023-04-11 18:36:53', 1, 0, 0, 0, 1, 1),
(213, 3, NULL, NULL, '2022-10-17 09:17:03', 'takeaway', 'completed', NULL, NULL, '2023-04-11 18:36:53', 1, 0, 0, 1391, 1, 1),
(214, 2, NULL, NULL, '2023-02-18 02:05:02', 'takeaway', 'completed', NULL, NULL, '2023-04-11 18:36:53', 1, 0, 0, 1500, 1, 1),
(215, 6, NULL, NULL, '2023-02-27 19:57:48', 'takeaway', 'completed', NULL, NULL, '2023-04-11 18:36:53', 1, 0, 0, 7900, 1, 1),
(216, 1, NULL, NULL, '2022-06-18 20:21:22', 'dine-in', 'completed', NULL, NULL, '2023-04-11 18:36:53', 1, 0, 0, 2507, 1, 1),
(217, 10, NULL, NULL, '2022-05-23 20:54:32', 'takeaway', 'completed', NULL, NULL, '2023-04-11 18:36:53', 1, 0, 0, 2297, 1, 1),
(218, 6, NULL, NULL, '2022-03-17 22:38:30', 'dine-in', 'completed', NULL, NULL, '2023-04-11 18:36:53', 1, 0, 0, 5800, 1, 1),
(219, 6, NULL, NULL, '2022-10-01 12:41:33', 'bulk', 'completed', NULL, NULL, '2023-04-11 18:36:53', 1, 0, 0, 1972, 1, 1),
(220, 3, NULL, NULL, '2023-01-18 08:21:07', 'bulk', 'completed', NULL, NULL, '2023-04-11 18:36:53', 1, 0, 0, 3300, 1, 1),
(221, 6, NULL, NULL, '2022-08-11 19:35:10', 'dine-in', 'completed', NULL, NULL, '2023-04-11 18:36:53', 1, 0, 0, 2068, 1, 1),
(222, 3, NULL, NULL, '2022-06-28 07:06:15', 'takeaway', 'completed', NULL, NULL, '2023-04-11 18:36:53', 1, 0, 0, 2488, 1, 1),
(223, 13, NULL, NULL, '2022-11-30 06:04:13', 'dine-in', 'completed', NULL, NULL, '2023-04-11 18:36:53', 1, 0, 0, 1430, 1, 1),
(224, 2, NULL, NULL, '2022-06-10 01:10:22', 'dine-in', 'completed', NULL, NULL, '2023-04-11 18:36:53', 1, 0, 0, 2177, 1, 1),
(225, 3, NULL, NULL, '2022-05-07 05:00:37', 'takeaway', 'completed', NULL, NULL, '2023-04-11 18:36:53', 1, 0, 0, 2449, 1, 1),
(226, 2, NULL, NULL, '2023-02-27 12:30:02', 'dine-in', 'completed', NULL, NULL, '2023-04-11 18:36:53', 1, 0, 0, 2000, 1, 1),
(227, 2, NULL, NULL, '2023-03-24 04:43:00', 'takeaway', 'completed', NULL, NULL, '2023-04-11 18:36:53', 1, 0, 0, 2800, 1, 1),
(228, 1, NULL, NULL, '2022-06-22 08:53:38', 'dine-in', 'completed', NULL, NULL, '2023-04-11 18:36:53', 1, 0, 0, 2432, 1, 1),
(229, 1, NULL, NULL, '2023-03-23 08:19:48', 'dine-in', 'completed', NULL, NULL, '2023-04-11 18:36:53', 1, 0, 0, 2000, 1, 1),
(230, 10, NULL, NULL, '2022-05-25 01:51:10', 'takeaway', 'completed', NULL, NULL, '2023-04-11 18:36:53', 1, 0, 0, 2519, 1, 1),
(231, 2, NULL, NULL, '2023-03-04 19:56:21', 'dine-in', 'completed', NULL, NULL, '2023-04-11 18:36:53', 1, 0, 0, 0, 1, 1),
(232, 2, NULL, NULL, '2022-11-06 06:26:51', 'takeaway', 'completed', NULL, NULL, '2023-04-11 18:36:53', 1, 0, 0, 1599, 1, 1),
(233, 3, NULL, NULL, '2022-05-18 23:27:49', 'dine-in', 'completed', NULL, NULL, '2023-04-11 18:36:53', 1, 0, 0, 1990, 1, 1),
(234, 6, NULL, NULL, '2022-12-25 22:14:29', 'dine-in', 'completed', NULL, NULL, '2023-04-11 18:36:53', 1, 0, 0, 2400, 1, 1),
(235, 10, NULL, NULL, '2022-08-20 10:27:07', 'takeaway', 'completed', NULL, NULL, '2023-04-11 18:36:53', 1, 0, 0, 1616, 1, 1),
(236, 10, NULL, NULL, '2023-02-03 05:29:50', 'bulk', 'completed', NULL, NULL, '2023-04-11 18:36:53', 1, 0, 0, 1800, 1, 1),
(237, 3, NULL, NULL, '2023-04-28 12:17:34', 'takeaway', 'completed', NULL, NULL, '2023-05-08 12:47:28', 1, 0, 0, 0, 1, 1),
(238, 3, NULL, NULL, '2023-01-29 05:33:53', 'takeaway', 'completed', NULL, NULL, '2023-04-11 18:36:53', 1, 0, 0, 7400, 1, 1),
(239, 6, NULL, NULL, '2023-03-15 06:55:07', 'takeaway', 'completed', NULL, NULL, '2023-04-11 18:36:53', 1, 0, 0, 0, 1, 1),
(240, 1, NULL, 'Hello', '2023-04-16 08:58:20', 'dine-in', 'completed', '2023-04-18 10:41:43', NULL, '2023-05-08 12:47:28', 1, 0, 0, 2800, 1, 1),
(241, 6, NULL, NULL, '2022-07-16 17:55:30', 'takeaway', 'completed', NULL, NULL, '2023-04-11 18:36:53', 1, 0, 0, 2824, 1, 1),
(242, 3, NULL, NULL, '2022-09-04 23:23:30', 'dine-in', 'completed', NULL, NULL, '2023-04-11 18:36:53', 1, 0, 0, 2250, 1, 1),
(244, 2, NULL, NULL, '2022-11-22 18:08:45', 'takeaway', 'completed', NULL, NULL, '2023-04-11 18:36:53', 1, 0, 0, 1114, 1, 1),
(245, 2, NULL, NULL, '2022-11-14 14:57:29', 'takeaway', 'completed', NULL, NULL, '2023-04-11 18:36:53', 1, 0, 0, 1147, 1, 1),
(246, 1, NULL, NULL, '2022-11-25 00:23:18', 'bulk', 'completed', NULL, NULL, '2023-04-11 18:36:53', 1, 0, 0, 2425, 1, 1),
(247, 13, NULL, NULL, '2022-10-01 19:21:15', 'takeaway', 'completed', NULL, NULL, '2023-04-11 18:36:53', 1, 0, 0, 1269, 1, 1),
(248, 1, NULL, NULL, '2023-01-20 11:40:18', 'takeaway', 'completed', NULL, NULL, '2023-04-11 18:36:53', 1, 0, 0, 1800, 1, 1),
(249, 6, NULL, NULL, '2022-06-29 06:40:53', 'takeaway', 'completed', NULL, NULL, '2023-04-11 18:36:53', 1, 0, 0, 1597, 1, 1),
(250, 2, NULL, NULL, '2022-11-17 23:16:09', 'dine-in', 'completed', NULL, NULL, '2023-04-11 18:36:53', 1, 0, 0, 1065, 1, 1),
(251, 6, NULL, NULL, '2023-04-22 03:29:44', 'bulk', 'completed', NULL, NULL, '2023-05-08 12:47:28', 1, 0, 0, 1200, 1, 1),
(253, 13, NULL, NULL, '2022-10-04 23:17:36', 'dine-in', 'completed', NULL, NULL, '2023-04-11 18:36:53', 1, 0, 0, 2252, 1, 1),
(254, 2, NULL, NULL, '2023-01-06 21:15:44', 'bulk', 'completed', NULL, NULL, '2023-04-11 18:36:53', 1, 0, 0, 2300, 1, 1),
(255, 6, NULL, NULL, '2022-10-18 22:06:21', 'takeaway', 'completed', NULL, NULL, '2023-04-11 18:36:53', 1, 0, 0, 3000, 1, 1),
(256, 10, NULL, NULL, '2022-08-15 03:55:29', 'takeaway', 'completed', NULL, NULL, '2023-04-11 18:36:53', 1, 0, 0, 1765, 1, 1),
(257, 3, NULL, NULL, '2022-09-26 15:21:34', 'bulk', 'completed', NULL, NULL, '2023-04-11 18:36:53', 1, 0, 0, 2680, 1, 1),
(258, 2, NULL, NULL, '2022-07-05 21:53:38', 'dine-in', 'completed', NULL, NULL, '2023-04-11 18:36:53', 1, 0, 0, 2362, 1, 1),
(259, 1, NULL, NULL, '2022-10-08 05:02:30', 'takeaway', 'completed', NULL, NULL, '2023-04-11 18:36:53', 1, 0, 0, 1646, 1, 1),
(260, 3, NULL, NULL, '2022-09-25 05:15:58', 'dine-in', 'completed', NULL, NULL, '2023-04-11 18:36:53', 1, 0, 0, 1555, 1, 1),
(261, 3, NULL, NULL, '2022-11-10 16:21:46', 'takeaway', 'completed', NULL, NULL, '2023-04-11 18:36:53', 1, 0, 0, 1447, 1, 1),
(262, 1, NULL, NULL, '2023-02-10 18:04:35', 'takeaway', 'completed', NULL, NULL, '2023-04-11 18:36:53', 1, 0, 0, 2400, 1, 1),
(263, 1, NULL, NULL, '2023-04-23 09:24:10', 'takeaway', 'completed', NULL, NULL, '2023-05-08 12:47:28', 1, 0, 0, 6400, 1, 1),
(264, 1, NULL, NULL, '2022-09-23 08:06:45', 'dine-in', 'completed', NULL, NULL, '2023-04-11 18:36:53', 1, 0, 0, 2370, 1, 1),
(265, 3, NULL, NULL, '2022-06-03 07:46:53', 'dine-in', 'completed', NULL, NULL, '2023-04-11 18:36:53', 1, 0, 0, 1839, 1, 1),
(266, 2, NULL, NULL, '2022-12-31 14:51:29', 'dine-in', 'completed', NULL, NULL, '2023-04-11 18:36:53', 1, 0, 0, 5200, 1, 1),
(267, 6, NULL, NULL, '2023-01-03 08:25:17', 'takeaway', 'completed', NULL, NULL, '2023-04-11 18:36:53', 1, 0, 0, 2700, 1, 1),
(268, 13, NULL, NULL, '2022-08-16 01:48:36', 'takeaway', 'completed', NULL, NULL, '2023-04-11 18:36:53', 1, 0, 0, 2491, 1, 1),
(269, 13, NULL, '', '2023-04-18 16:00:28', 'dine-in', 'completed', NULL, NULL, '2023-05-08 12:47:28', 1, 0, 0, 1600, 1, 1),
(270, 10, NULL, NULL, '2022-10-03 02:43:41', 'dine-in', 'completed', NULL, NULL, '2023-04-11 18:36:53', 1, 0, 0, 2001, 1, 1),
(271, 6, NULL, NULL, '2022-08-15 01:47:21', 'takeaway', 'completed', NULL, NULL, '2023-04-11 18:36:53', 1, 0, 0, 2350, 1, 1),
(272, 2, NULL, NULL, '2023-05-06 07:13:13', 'takeaway', 'completed', NULL, NULL, '2023-05-08 12:47:28', 1, 0, 0, 4900, 1, 1),
(273, 10, NULL, NULL, '2023-01-25 21:59:01', 'dine-in', 'completed', NULL, NULL, '2023-04-11 18:36:53', 1, 0, 0, 2100, 1, 1),
(274, 6, NULL, NULL, '2022-10-29 21:05:55', 'dine-in', 'completed', NULL, NULL, '2023-04-11 18:36:53', 1, 0, 0, 2557, 1, 1),
(275, 2, NULL, NULL, '2022-11-25 16:06:14', 'dine-in', 'completed', NULL, NULL, '2023-04-11 18:36:53', 1, 0, 0, 1697, 1, 1),
(276, 10, NULL, NULL, '2022-05-20 23:23:58', 'dine-in', 'completed', NULL, NULL, '2023-04-11 18:36:53', 1, 0, 0, 1485, 1, 1),
(277, 10, NULL, NULL, '2023-03-03 01:37:57', 'takeaway', 'completed', NULL, NULL, '2023-04-11 18:36:53', 1, 0, 0, 4200, 1, 1),
(278, 3, NULL, NULL, '2022-10-01 10:50:33', 'dine-in', 'completed', NULL, NULL, '2023-04-11 18:36:53', 1, 0, 0, 2176, 1, 1),
(279, 3, NULL, NULL, '2023-01-07 19:33:15', 'dine-in', 'completed', NULL, NULL, '2023-04-11 18:36:53', 1, 0, 0, 7900, 1, 1),
(280, 2, NULL, NULL, '2022-05-06 18:00:03', 'takeaway', 'completed', NULL, NULL, '2023-04-11 18:36:53', 1, 0, 0, 1981, 1, 1),
(281, 2, NULL, NULL, '2022-05-23 07:37:58', 'dine-in', 'completed', NULL, NULL, '2023-04-11 18:36:53', 1, 0, 0, 2630, 1, 1),
(282, 6, NULL, NULL, '2022-05-19 20:16:10', 'dine-in', 'completed', NULL, NULL, '2023-04-11 18:36:53', 1, 0, 0, 2714, 1, 1),
(283, 3, NULL, NULL, '2022-08-29 07:33:35', 'takeaway', 'completed', NULL, NULL, '2023-04-11 18:36:53', 1, 0, 0, 1104, 1, 1),
(284, 3, NULL, NULL, '2022-04-20 13:27:40', 'dine-in', 'completed', NULL, NULL, '2023-04-11 18:36:53', 1, 0, 0, 6200, 1, 1),
(285, 3, NULL, NULL, '2023-04-03 21:17:06', 'dine-in', 'completed', NULL, NULL, '2023-04-11 18:36:53', 1, 0, 0, 2400, 1, 1),
(286, 13, NULL, NULL, '2022-12-07 22:31:43', 'takeaway', 'completed', NULL, NULL, '2023-04-11 18:36:53', 1, 0, 0, 1634, 1, 1),
(287, 6, NULL, NULL, '2022-09-27 16:40:17', 'dine-in', 'completed', NULL, NULL, '2023-04-11 18:36:53', 1, 0, 0, 1694, 1, 1),
(288, 10, NULL, NULL, '2023-02-10 18:31:52', 'takeaway', 'completed', NULL, NULL, '2023-04-11 18:36:53', 1, 0, 0, 2000, 1, 1),
(289, 3, NULL, NULL, '2022-03-28 01:13:41', 'dine-in', 'completed', NULL, NULL, '2023-04-11 18:36:53', 1, 0, 0, 800, 1, 1),
(290, 6, NULL, NULL, '2022-10-28 01:44:11', 'takeaway', 'completed', NULL, NULL, '2023-04-11 18:36:53', 1, 0, 0, 2743, 1, 1),
(291, 3, NULL, NULL, '2022-05-23 12:42:21', 'dine-in', 'completed', NULL, NULL, '2023-04-11 18:36:53', 1, 0, 0, 1631, 1, 1),
(292, 1, NULL, NULL, '2022-03-16 13:17:29', 'takeaway', 'completed', NULL, NULL, '2023-04-11 18:36:53', 1, 0, 0, 1200, 1, 1),
(293, 1, NULL, NULL, '2022-04-30 20:28:25', 'dine-in', 'completed', NULL, NULL, '2023-04-11 18:36:53', 1, 0, 0, 3200, 1, 1),
(294, 3, NULL, NULL, '2022-06-05 01:14:35', 'dine-in', 'completed', NULL, NULL, '2023-04-11 18:36:53', 1, 0, 0, 2058, 1, 1),
(295, 10, NULL, NULL, '2022-10-08 12:23:21', 'dine-in', 'completed', NULL, NULL, '2023-04-11 18:36:53', 1, 0, 0, 2357, 1, 1),
(296, 6, NULL, NULL, '2023-03-09 22:42:40', 'dine-in', 'completed', NULL, NULL, '2023-04-11 18:36:53', 1, 0, 0, 2100, 1, 1),
(297, 2, NULL, NULL, '2023-01-18 20:42:53', 'dine-in', 'completed', NULL, NULL, '2023-04-11 18:36:53', 1, 0, 0, 1100, 1, 1),
(298, 2, NULL, NULL, '2022-09-07 12:46:11', 'bulk', 'completed', NULL, NULL, '2023-04-11 18:36:53', 1, 0, 0, 2034, 1, 1),
(299, 10, NULL, NULL, '2023-02-19 15:22:49', 'bulk', 'completed', NULL, NULL, '2023-04-11 18:36:53', 1, 0, 0, 3900, 1, 1),
(300, 6, NULL, NULL, '2022-07-08 19:01:46', 'takeaway', 'completed', NULL, NULL, '2023-04-11 18:36:53', 1, 0, 0, 1256, 1, 1),
(301, 13, NULL, NULL, '2022-10-28 20:30:07', 'takeaway', 'completed', NULL, NULL, '2023-04-11 18:36:53', 1, 0, 0, 2761, 1, 1),
(302, 6, NULL, NULL, '2022-04-06 04:02:36', 'dine-in', 'completed', NULL, NULL, '2023-04-11 18:36:53', 1, 0, 0, 900, 1, 1),
(303, 3, NULL, NULL, '2022-12-28 20:47:46', 'takeaway', 'completed', NULL, NULL, '2023-04-11 18:36:53', 1, 0, 0, 2900, 1, 1),
(304, 10, NULL, NULL, '2022-09-04 07:46:32', 'bulk', 'completed', NULL, NULL, '2023-04-11 18:36:53', 1, 0, 0, 2422, 1, 1),
(305, 1, NULL, NULL, '2022-09-20 03:19:15', 'dine-in', 'completed', NULL, NULL, '2023-04-11 18:36:53', 1, 0, 0, 2866, 1, 1),
(306, 1, NULL, NULL, '2022-08-29 21:17:35', 'bulk', 'completed', NULL, NULL, '2023-04-11 18:36:53', 1, 0, 0, 2107, 1, 1),
(307, 13, NULL, NULL, '2022-07-14 03:07:43', 'takeaway', 'completed', NULL, NULL, '2023-04-11 18:36:53', 1, 0, 0, 1355, 1, 1),
(308, 1, NULL, NULL, '2022-09-27 22:17:37', 'dine-in', 'completed', NULL, NULL, '2023-04-11 18:36:53', 1, 0, 0, 2599, 1, 1),
(309, 10, NULL, NULL, '2023-04-18 01:55:57', 'takeaway', 'completed', NULL, NULL, '2023-05-08 12:47:28', 1, 0, 0, 4400, 1, 1),
(310, 6, NULL, NULL, '2022-08-11 02:18:03', 'takeaway', 'completed', NULL, NULL, '2023-04-11 18:36:53', 1, 0, 0, 2560, 1, 1),
(311, 1, NULL, NULL, '2022-06-28 19:42:42', 'takeaway', 'completed', NULL, NULL, '2023-04-11 18:36:53', 1, 0, 0, 1516, 1, 1),
(312, 13, NULL, NULL, '2022-03-27 21:49:15', 'takeaway', 'completed', NULL, NULL, '2023-04-11 18:36:53', 1, 0, 0, 2600, 1, 1),
(313, 13, NULL, NULL, '2022-12-17 17:32:55', 'takeaway', 'completed', NULL, NULL, '2023-04-11 18:36:53', 1, 0, 0, 1381, 1, 1),
(314, 3, NULL, NULL, '2022-06-18 12:53:32', 'dine-in', 'completed', NULL, NULL, '2023-04-11 18:36:53', 1, 0, 0, 1027, 1, 1),
(315, 2, NULL, NULL, '2022-09-06 00:45:14', 'dine-in', 'completed', NULL, NULL, '2023-04-11 18:36:53', 1, 0, 0, 1694, 1, 1),
(316, 2, NULL, NULL, '2022-10-20 01:32:42', 'dine-in', 'completed', NULL, NULL, '2023-04-11 18:36:53', 1, 0, 0, 1985, 1, 1),
(317, 1, NULL, NULL, '2023-04-23 01:29:14', 'takeaway', 'completed', NULL, NULL, '2023-05-08 12:47:28', 1, 0, 0, 3200, 1, 1),
(318, 1, NULL, NULL, '2022-09-24 10:59:40', 'takeaway', 'completed', NULL, NULL, '2023-04-11 18:36:53', 1, 0, 0, 1158, 1, 1),
(319, 3, NULL, NULL, '2022-10-29 03:54:25', 'dine-in', 'completed', NULL, NULL, '2023-04-11 18:36:53', 1, 0, 0, 2525, 1, 1),
(320, 2, NULL, NULL, '2022-07-05 04:32:26', 'bulk', 'completed', NULL, NULL, '2023-04-11 18:36:53', 1, 0, 0, 2211, 1, 1),
(321, 1, NULL, NULL, '2022-03-28 01:42:23', 'takeaway', 'completed', NULL, NULL, '2023-04-11 18:36:53', 1, 0, 0, 0, 1, 1),
(322, 2, NULL, NULL, '2022-03-20 17:44:42', 'takeaway', 'completed', NULL, NULL, '2023-04-11 18:36:53', 1, 0, 0, 5800, 1, 1),
(323, 13, NULL, NULL, '2022-12-06 14:24:39', 'takeaway', 'completed', NULL, NULL, '2023-04-11 18:36:53', 1, 0, 0, 2620, 1, 1),
(324, 2, NULL, NULL, '2022-11-28 19:58:38', 'takeaway', 'completed', NULL, NULL, '2023-04-11 18:36:53', 1, 0, 0, 2579, 1, 1),
(325, 2, NULL, NULL, '2022-09-15 16:55:50', 'dine-in', 'completed', NULL, NULL, '2023-04-11 18:36:53', 1, 0, 0, 2774, 1, 1),
(326, 10, NULL, NULL, '2022-12-07 12:34:05', 'takeaway', 'completed', NULL, NULL, '2023-04-11 18:36:53', 1, 0, 0, 2779, 1, 1),
(327, 6, NULL, NULL, '2022-05-23 04:54:39', 'takeaway', 'completed', NULL, NULL, '2023-04-11 18:36:53', 1, 0, 0, 1902, 1, 1),
(328, 2, NULL, NULL, '2022-09-29 11:46:08', 'takeaway', 'completed', NULL, NULL, '2023-04-11 18:36:53', 1, 0, 0, 2902, 1, 1),
(329, 2, NULL, NULL, '2022-12-22 13:52:49', 'bulk', 'completed', NULL, NULL, '2023-04-11 18:36:53', 1, 0, 0, 0, 1, 1),
(330, 13, NULL, NULL, '2022-10-15 20:35:45', 'takeaway', 'completed', NULL, NULL, '2023-04-11 18:36:53', 1, 0, 0, 1243, 1, 1),
(331, 13, NULL, NULL, '2022-11-17 00:57:18', 'dine-in', 'completed', NULL, NULL, '2023-04-11 18:36:53', 1, 0, 0, 1405, 1, 1),
(332, 3, NULL, NULL, '2023-03-16 13:12:34', 'dine-in', 'completed', NULL, NULL, '2023-04-11 18:36:53', 1, 0, 0, 4400, 1, 1),
(333, 10, NULL, NULL, '2023-04-20 04:23:08', 'dine-in', 'completed', NULL, NULL, '2023-05-08 12:47:28', 1, 0, 0, 2700, 1, 1),
(334, 6, NULL, NULL, '2022-11-23 18:28:24', 'dine-in', 'completed', NULL, NULL, '2023-04-11 18:36:53', 1, 0, 0, 2115, 1, 1),
(335, 2, NULL, NULL, '2022-11-26 15:38:19', 'dine-in', 'completed', NULL, NULL, '2023-04-11 18:36:53', 1, 0, 0, 1557, 1, 1),
(336, 6, NULL, NULL, '2022-11-23 15:18:00', 'takeaway', 'completed', NULL, NULL, '2023-04-11 18:36:53', 1, 0, 0, 2738, 1, 1),
(337, 13, NULL, NULL, '2022-10-27 12:23:57', 'bulk', 'completed', NULL, NULL, '2023-04-11 18:36:53', 1, 0, 0, 2082, 1, 1),
(338, 10, NULL, NULL, '2023-02-25 05:33:11', 'takeaway', 'completed', NULL, NULL, '2023-04-11 18:36:53', 1, 0, 0, 1900, 1, 1),
(339, 6, NULL, NULL, '2022-12-03 01:57:12', 'bulk', 'completed', NULL, NULL, '2023-04-11 18:36:53', 1, 0, 0, 2987, 1, 1),
(340, 6, NULL, NULL, '2022-09-24 20:34:24', 'dine-in', 'completed', NULL, NULL, '2023-04-11 18:36:53', 1, 0, 0, 1977, 1, 1),
(341, 10, NULL, NULL, '2023-03-21 06:20:37', 'takeaway', 'completed', NULL, NULL, '2023-04-11 18:36:53', 1, 0, 0, 300, 1, 1),
(342, 13, NULL, NULL, '2023-02-02 13:25:44', 'takeaway', 'completed', NULL, NULL, '2023-04-11 18:36:53', 1, 0, 0, 4100, 1, 1),
(343, 2, NULL, NULL, '2023-04-30 19:36:00', 'bulk', 'completed', NULL, NULL, '2023-05-08 12:47:28', 1, 0, 0, 0, 1, 1),
(344, 2, NULL, NULL, '2022-12-18 08:37:10', 'takeaway', 'completed', NULL, NULL, '2023-04-11 18:36:53', 1, 0, 0, 1920, 1, 1),
(345, 3, NULL, NULL, '2023-02-01 19:11:25', 'dine-in', 'completed', NULL, NULL, '2023-04-11 18:36:53', 1, 0, 0, 600, 1, 1),
(346, 13, NULL, NULL, '2022-09-21 05:23:52', 'dine-in', 'completed', NULL, NULL, '2023-04-11 18:36:53', 1, 0, 0, 2219, 1, 1),
(347, 3, NULL, NULL, '2022-03-23 03:00:11', 'takeaway', 'completed', NULL, NULL, '2023-04-11 18:36:53', 1, 0, 0, 2400, 1, 1),
(348, 6, NULL, NULL, '2022-05-01 12:17:08', 'takeaway', 'completed', NULL, NULL, '2023-04-11 18:36:53', 1, 0, 0, 4900, 1, 1),
(349, 3, NULL, NULL, '2022-08-26 11:49:34', 'dine-in', 'completed', NULL, NULL, '2023-04-11 18:36:53', 1, 0, 0, 1923, 1, 1),
(350, 13, NULL, NULL, '2022-11-22 13:06:22', 'dine-in', 'completed', NULL, NULL, '2023-04-11 18:36:53', 1, 0, 0, 1931, 1, 1),
(351, 10, NULL, NULL, '2022-06-19 23:22:06', 'dine-in', 'completed', NULL, NULL, '2023-04-11 18:36:53', 1, 0, 0, 1299, 1, 1),
(352, 3, NULL, NULL, '2022-05-18 10:48:01', 'dine-in', 'completed', NULL, NULL, '2023-04-11 18:36:53', 1, 0, 0, 1801, 1, 1),
(353, 6, NULL, NULL, '2023-03-04 03:44:43', 'takeaway', 'completed', NULL, NULL, '2023-04-11 18:36:53', 1, 0, 0, 600, 1, 1),
(354, 13, NULL, NULL, '2022-05-29 02:38:29', 'dine-in', 'completed', NULL, NULL, '2023-04-11 18:36:53', 1, 0, 0, 1089, 1, 1),
(355, 6, NULL, NULL, '2022-11-01 18:40:19', 'dine-in', 'completed', NULL, NULL, '2023-04-11 18:36:53', 1, 0, 0, 2018, 1, 1),
(356, 3, NULL, NULL, '2022-09-04 22:44:23', 'dine-in', 'completed', NULL, NULL, '2023-04-11 18:36:53', 1, 0, 0, 2185, 1, 1),
(357, 13, NULL, NULL, '2022-10-12 22:12:12', 'dine-in', 'completed', NULL, NULL, '2023-04-11 18:36:53', 1, 0, 0, 2555, 1, 1),
(358, 10, NULL, NULL, '2023-01-11 06:07:41', 'dine-in', 'completed', NULL, NULL, '2023-04-11 18:36:53', 1, 0, 0, 7800, 1, 1),
(359, 6, NULL, NULL, '2022-11-05 05:35:20', 'takeaway', 'completed', NULL, NULL, '2023-04-11 18:36:53', 1, 0, 0, 1218, 1, 1),
(360, 2, NULL, NULL, '2023-03-12 20:03:49', 'takeaway', 'completed', NULL, NULL, '2023-04-11 18:36:53', 1, 0, 0, 400, 1, 1),
(361, 1, NULL, NULL, '2022-06-22 03:45:12', 'takeaway', 'completed', NULL, NULL, '2023-04-11 18:36:53', 1, 0, 0, 2711, 1, 1),
(362, 3, NULL, NULL, '2022-08-07 16:45:54', 'dine-in', 'completed', NULL, NULL, '2023-04-11 18:36:53', 1, 0, 0, 2589, 1, 1),
(363, 6, NULL, NULL, '2022-06-19 19:07:33', 'takeaway', 'completed', NULL, NULL, '2023-04-11 18:36:53', 1, 0, 0, 2814, 1, 1),
(364, 13, NULL, NULL, '2022-12-24 04:35:56', 'dine-in', 'completed', NULL, NULL, '2023-04-11 18:36:53', 1, 0, 0, 1200, 1, 1),
(365, 13, NULL, NULL, '2022-10-18 03:56:36', 'bulk', 'completed', NULL, NULL, '2023-04-11 18:36:53', 1, 0, 0, 2603, 1, 1),
(366, 10, NULL, NULL, '2023-01-13 04:57:09', 'takeaway', 'completed', NULL, NULL, '2023-04-11 18:36:53', 1, 0, 0, 9400, 1, 1),
(367, 10, NULL, NULL, '2023-01-10 01:06:04', 'takeaway', 'completed', NULL, NULL, '2023-04-11 18:36:53', 1, 0, 0, 2000, 1, 1),
(368, 1, NULL, NULL, '2022-12-20 20:34:58', 'bulk', 'completed', NULL, NULL, '2023-04-11 18:36:53', 1, 0, 0, 6900, 1, 1),
(369, 3, NULL, NULL, '2022-10-04 00:04:09', 'dine-in', 'completed', NULL, NULL, '2023-04-11 18:36:53', 1, 0, 0, 2391, 1, 1),
(370, 10, NULL, NULL, '2022-09-15 02:41:20', 'dine-in', 'completed', NULL, NULL, '2023-04-11 18:36:53', 1, 0, 0, 1768, 1, 1),
(371, 1, NULL, NULL, '2022-12-02 06:16:59', 'takeaway', 'completed', NULL, NULL, '2023-04-11 18:36:53', 1, 0, 0, 2067, 1, 1),
(372, 10, NULL, NULL, '2022-07-09 10:53:35', 'dine-in', 'completed', NULL, NULL, '2023-04-11 18:36:53', 1, 0, 0, 1242, 1, 1),
(373, 3, NULL, NULL, '2023-03-24 01:52:01', 'takeaway', 'completed', NULL, NULL, '2023-04-11 18:36:53', 1, 0, 0, 4000, 1, 1),
(374, 6, NULL, NULL, '2023-04-24 00:48:48', 'takeaway', 'completed', NULL, NULL, '2023-05-08 12:47:28', 1, 0, 0, 4400, 1, 1),
(375, 2, NULL, NULL, '2022-05-20 09:20:39', 'dine-in', 'completed', NULL, NULL, '2023-04-11 18:36:53', 1, 0, 0, 1289, 1, 1),
(376, 6, NULL, NULL, '2023-03-09 14:24:50', 'takeaway', 'completed', NULL, NULL, '2023-04-11 18:36:53', 1, 0, 0, 9500, 1, 1),
(377, 1, NULL, NULL, '2022-08-29 12:32:29', 'dine-in', 'completed', NULL, NULL, '2023-04-11 18:36:53', 1, 0, 0, 2643, 1, 1),
(378, 10, NULL, NULL, '2022-11-14 10:12:07', 'bulk', 'completed', NULL, NULL, '2023-04-11 18:36:53', 1, 0, 0, 2455, 1, 1),
(379, 2, NULL, NULL, '2022-03-16 22:40:40', 'takeaway', 'completed', NULL, NULL, '2023-04-11 18:36:53', 1, 0, 0, 2600, 1, 1),
(380, 13, NULL, NULL, '2022-12-01 23:04:13', 'dine-in', 'completed', NULL, NULL, '2023-04-11 18:36:53', 1, 0, 0, 2482, 1, 1),
(381, 3, NULL, NULL, '2022-08-31 15:36:11', 'dine-in', 'completed', NULL, NULL, '2023-04-11 18:36:53', 1, 0, 0, 2138, 1, 1),
(382, 13, NULL, NULL, '2022-08-18 00:43:15', 'takeaway', 'completed', NULL, NULL, '2023-04-11 18:36:53', 1, 0, 0, 1714, 1, 1),
(383, 10, NULL, NULL, '2022-12-26 03:04:10', 'takeaway', 'completed', NULL, NULL, '2023-04-11 18:36:53', 1, 0, 0, 5000, 1, 1),
(384, 1, NULL, NULL, '2022-05-08 02:35:56', 'takeaway', 'completed', NULL, NULL, '2023-04-11 18:36:53', 1, 0, 0, 2111, 1, 1),
(385, 6, NULL, NULL, '2022-09-24 05:36:05', 'dine-in', 'completed', NULL, NULL, '2023-04-11 18:36:53', 1, 0, 0, 2351, 1, 1),
(386, 1, NULL, NULL, '2022-12-30 06:23:27', 'takeaway', 'completed', NULL, NULL, '2023-04-11 18:36:53', 1, 0, 0, 3200, 1, 1),
(387, 3, NULL, NULL, '2022-12-10 06:56:42', 'dine-in', 'completed', NULL, NULL, '2023-04-11 18:36:53', 1, 0, 0, 2967, 1, 1),
(388, 2, NULL, NULL, '2022-12-17 08:45:24', 'takeaway', 'completed', NULL, NULL, '2023-04-11 18:36:53', 1, 0, 0, 1607, 1, 1),
(389, 6, NULL, NULL, '2022-10-30 09:41:59', 'dine-in', 'completed', NULL, NULL, '2023-04-11 18:36:53', 1, 0, 0, 2041, 1, 1),
(390, 6, NULL, NULL, '2022-12-14 20:58:29', 'dine-in', 'completed', NULL, NULL, '2023-04-11 18:36:53', 1, 0, 0, 1514, 1, 1),
(391, 1, NULL, NULL, '2022-05-12 08:30:03', 'dine-in', 'completed', NULL, NULL, '2023-04-11 18:36:53', 1, 0, 0, 1510, 1, 1),
(392, 3, NULL, NULL, '2022-04-28 12:20:20', 'takeaway', 'completed', NULL, NULL, '2023-04-11 18:36:53', 1, 0, 0, 4800, 1, 1),
(393, 6, NULL, NULL, '2022-05-27 09:47:03', 'dine-in', 'completed', NULL, NULL, '2023-04-11 18:36:53', 1, 0, 0, 2421, 1, 1),
(394, 3, NULL, NULL, '2023-02-19 06:43:51', 'takeaway', 'completed', NULL, NULL, '2023-04-11 18:36:53', 1, 0, 0, 0, 1, 1),
(395, 10, NULL, NULL, '2023-04-08 10:53:09', 'takeaway', 'completed', NULL, NULL, '2023-04-11 18:36:53', 1, 0, 0, 6600, 1, 1),
(396, 3, NULL, NULL, '2022-04-22 08:55:15', 'takeaway', 'completed', NULL, NULL, '2023-04-11 18:36:53', 1, 0, 0, 1300, 1, 1),
(397, 1, NULL, NULL, '2022-06-16 07:45:06', 'takeaway', 'completed', NULL, NULL, '2023-04-11 18:36:53', 1, 0, 0, 2417, 1, 1),
(398, 3, NULL, NULL, '2022-08-14 15:41:20', 'takeaway', 'completed', NULL, NULL, '2023-04-11 18:36:53', 1, 0, 0, 1594, 1, 1),
(399, 3, NULL, NULL, '2022-07-29 18:12:04', 'dine-in', 'completed', NULL, NULL, '2023-04-11 18:36:53', 1, 0, 0, 2969, 1, 1),
(400, 2, NULL, NULL, '2022-05-12 00:02:31', 'takeaway', 'completed', NULL, NULL, '2023-04-11 18:36:53', 1, 0, 0, 1715, 1, 1);
INSERT INTO `orders` (`order_id`, `reg_customer_id`, `guest_id`, `request`, `time_placed`, `type`, `status`, `scheduled_time`, `table_id`, `time_completed`, `promo`, `service_charge`, `tip`, `total_cost`, `paid`, `collected`) VALUES
(401, 1, NULL, NULL, '2022-10-24 19:35:22', 'dine-in', 'completed', NULL, NULL, '2023-04-11 18:36:53', 1, 0, 0, 2786, 1, 1),
(402, 2, NULL, NULL, '2022-09-24 18:06:02', 'dine-in', 'completed', NULL, NULL, '2023-04-11 18:36:53', 1, 0, 0, 2184, 1, 1),
(403, 1, NULL, NULL, '2022-12-02 22:16:46', 'takeaway', 'completed', NULL, NULL, '2023-04-11 18:36:53', 1, 0, 0, 1513, 1, 1),
(404, 10, NULL, NULL, '2022-06-08 13:12:30', 'takeaway', 'completed', NULL, NULL, '2023-04-11 18:36:53', 1, 0, 0, 2024, 1, 1),
(405, 1, NULL, NULL, '2022-08-18 08:02:36', 'dine-in', 'completed', NULL, NULL, '2023-04-11 18:36:53', 1, 0, 0, 2067, 1, 1),
(406, 10, NULL, NULL, '2022-04-30 11:42:32', 'takeaway', 'completed', NULL, NULL, '2023-04-11 18:36:53', 1, 0, 0, 400, 1, 1),
(407, 2, NULL, NULL, '2022-04-08 09:01:21', 'dine-in', 'completed', NULL, NULL, '2023-04-11 18:36:53', 1, 0, 0, 0, 1, 1),
(408, 6, NULL, NULL, '2022-06-18 02:01:19', 'dine-in', 'completed', NULL, NULL, '2023-04-11 18:36:53', 1, 0, 0, 1114, 1, 1),
(409, 1, NULL, NULL, '2022-10-25 13:39:44', 'takeaway', 'completed', NULL, NULL, '2023-04-11 18:36:53', 1, 0, 0, 1494, 1, 1),
(410, 2, NULL, NULL, '2022-12-07 09:25:04', 'dine-in', 'completed', NULL, NULL, '2023-04-11 18:36:53', 1, 0, 0, 1511, 1, 1),
(411, 10, NULL, NULL, '2023-01-10 16:36:31', 'takeaway', 'completed', NULL, NULL, '2023-04-11 18:36:53', 1, 0, 0, 1700, 1, 1),
(412, 6, NULL, NULL, '2022-10-17 11:00:10', 'dine-in', 'completed', NULL, NULL, '2023-04-11 18:36:53', 1, 0, 0, 2402, 1, 1),
(413, 13, NULL, NULL, '2023-04-18 18:09:10', 'dine-in', 'completed', NULL, NULL, '2023-05-08 12:47:28', 1, 0, 0, 4700, 1, 1),
(414, 2, NULL, NULL, '2022-07-31 02:54:10', 'dine-in', 'completed', NULL, NULL, '2023-04-11 18:36:53', 1, 0, 0, 2334, 1, 1),
(415, 10, NULL, NULL, '2022-11-27 10:51:29', 'dine-in', 'completed', NULL, NULL, '2023-04-11 18:36:53', 1, 0, 0, 2153, 1, 1),
(416, 13, NULL, NULL, '2022-09-08 23:03:24', 'takeaway', 'completed', NULL, NULL, '2023-04-11 18:36:53', 1, 0, 0, 1068, 1, 1),
(417, 1, NULL, NULL, '2023-04-10 20:28:33', 'dine-in', 'completed', NULL, NULL, '2023-04-11 18:36:53', 1, 0, 0, 5400, 1, 1),
(418, 10, NULL, NULL, '2022-05-29 05:31:42', 'takeaway', 'completed', NULL, NULL, '2023-04-11 18:36:53', 1, 0, 0, 2007, 1, 1),
(419, 3, NULL, NULL, '2023-02-06 17:26:06', 'takeaway', 'completed', NULL, NULL, '2023-04-11 18:36:53', 1, 0, 0, 4200, 1, 1),
(420, 2, NULL, NULL, '2023-01-22 09:23:01', 'bulk', 'completed', NULL, NULL, '2023-04-11 18:36:53', 1, 0, 0, 0, 1, 1),
(421, 10, NULL, NULL, '2022-05-06 18:25:05', 'dine-in', 'completed', NULL, NULL, '2023-04-11 18:36:53', 1, 0, 0, 2803, 1, 1),
(422, 3, NULL, NULL, '2022-04-24 06:36:55', 'dine-in', 'completed', NULL, NULL, '2023-04-11 18:36:53', 1, 0, 0, 1500, 1, 1),
(423, 1, NULL, NULL, '2023-02-27 11:06:26', 'takeaway', 'completed', NULL, NULL, '2023-04-11 18:36:53', 1, 0, 0, 3200, 1, 1),
(424, 10, NULL, NULL, '2023-03-22 01:27:07', 'takeaway', 'completed', NULL, NULL, '2023-04-11 18:36:53', 1, 0, 0, 7200, 1, 1),
(425, 3, NULL, NULL, '2023-01-22 04:43:45', 'takeaway', 'completed', NULL, NULL, '2023-04-11 18:36:53', 1, 0, 0, 1500, 1, 1),
(426, 10, NULL, NULL, '2022-09-12 13:17:12', 'takeaway', 'completed', NULL, NULL, '2023-04-11 18:36:53', 1, 0, 0, 1540, 1, 1),
(427, 6, NULL, NULL, '2022-11-14 02:45:20', 'takeaway', 'completed', NULL, NULL, '2023-04-11 18:36:53', 1, 0, 0, 1905, 1, 1),
(428, 6, NULL, NULL, '2022-03-14 20:56:00', 'takeaway', 'completed', NULL, NULL, '2023-04-11 18:36:53', 1, 0, 0, 1500, 1, 1),
(429, 2, NULL, NULL, '2022-10-30 03:30:57', 'dine-in', 'completed', NULL, NULL, '2023-04-11 18:36:53', 1, 0, 0, 2492, 1, 1),
(430, 3, NULL, NULL, '2022-08-30 15:27:39', 'takeaway', 'completed', NULL, NULL, '2023-04-11 18:36:53', 1, 0, 0, 1611, 1, 1),
(431, 1, NULL, NULL, '2023-01-30 07:22:23', 'takeaway', 'completed', NULL, NULL, '2023-04-11 18:36:53', 1, 0, 0, 2400, 1, 1),
(432, 6, NULL, NULL, '2022-11-25 07:01:21', 'takeaway', 'completed', NULL, NULL, '2023-04-11 18:36:53', 1, 0, 0, 1074, 1, 1),
(433, 3, NULL, NULL, '2022-03-28 14:57:45', 'dine-in', 'completed', NULL, NULL, '2023-04-11 18:36:53', 1, 0, 0, 1200, 1, 1),
(434, 2, NULL, NULL, '2022-09-25 02:44:35', 'dine-in', 'completed', NULL, NULL, '2023-04-11 18:36:53', 1, 0, 0, 1767, 1, 1),
(435, 13, NULL, NULL, '2022-11-09 14:57:58', 'dine-in', 'completed', NULL, NULL, '2023-04-11 18:36:53', 1, 0, 0, 2011, 1, 1),
(436, 2, NULL, NULL, '2022-06-06 16:00:38', 'dine-in', 'completed', NULL, NULL, '2023-04-11 18:36:53', 1, 0, 0, 2834, 1, 1),
(437, 1, NULL, NULL, '2022-03-29 14:18:08', 'takeaway', 'completed', NULL, NULL, '2023-04-11 18:36:53', 1, 0, 0, 6000, 1, 1),
(438, 13, NULL, NULL, '2023-04-24 22:24:21', 'takeaway', 'completed', NULL, NULL, '2023-05-08 12:47:28', 1, 0, 0, 3200, 1, 1),
(439, 3, NULL, NULL, '2022-04-15 06:21:33', 'bulk', 'completed', NULL, NULL, '2023-04-11 18:36:53', 1, 0, 0, 2200, 1, 1),
(440, 13, NULL, NULL, '2023-02-03 23:37:31', 'takeaway', 'completed', NULL, NULL, '2023-04-11 18:36:53', 1, 0, 0, 0, 1, 1),
(441, 6, NULL, NULL, '2022-07-23 03:41:46', 'dine-in', 'completed', NULL, NULL, '2023-04-11 18:36:53', 1, 0, 0, 2033, 1, 1),
(442, 3, NULL, NULL, '2022-07-24 15:00:07', 'bulk', 'completed', NULL, NULL, '2023-04-11 18:36:53', 1, 0, 0, 1966, 1, 1),
(443, 3, NULL, NULL, '2022-07-24 14:46:26', 'takeaway', 'completed', NULL, NULL, '2023-04-11 18:36:53', 1, 0, 0, 1508, 1, 1),
(444, 10, NULL, NULL, '2022-08-20 05:16:47', 'takeaway', 'completed', NULL, NULL, '2023-04-11 18:36:53', 1, 0, 0, 2681, 1, 1),
(445, 1, NULL, NULL, '2023-01-27 08:57:18', 'takeaway', 'completed', NULL, NULL, '2023-04-11 18:36:53', 1, 0, 0, 5600, 1, 1),
(446, 6, NULL, NULL, '2022-07-15 05:26:32', 'takeaway', 'completed', NULL, NULL, '2023-04-11 18:36:53', 1, 0, 0, 1563, 1, 1),
(447, 6, NULL, NULL, '2022-04-23 07:38:08', 'takeaway', 'completed', NULL, NULL, '2023-04-11 18:36:53', 1, 0, 0, 2500, 1, 1),
(448, 10, NULL, NULL, '2022-08-24 12:39:26', 'dine-in', 'completed', NULL, NULL, '2023-04-11 18:36:53', 1, 0, 0, 2683, 1, 1),
(449, 2, NULL, NULL, '2022-08-31 01:28:54', 'dine-in', 'completed', NULL, NULL, '2023-04-11 18:36:53', 1, 0, 0, 1847, 1, 1),
(451, 10, NULL, NULL, '2022-10-06 20:43:48', 'takeaway', 'completed', NULL, NULL, '2023-04-11 18:36:53', 1, 0, 0, 1114, 1, 1),
(452, 3, NULL, NULL, '2023-02-27 06:56:40', 'dine-in', 'completed', NULL, NULL, '2023-04-11 18:36:53', 1, 0, 0, 2000, 1, 1),
(453, 3, NULL, NULL, '2022-12-03 02:11:32', 'takeaway', 'completed', NULL, NULL, '2023-04-11 18:36:53', 1, 0, 0, 1720, 1, 1),
(454, 13, NULL, NULL, '2023-05-05 11:50:59', 'dine-in', 'completed', NULL, NULL, '2023-05-08 12:47:28', 1, 0, 0, 4200, 1, 1),
(455, 6, NULL, NULL, '2022-06-14 13:43:23', 'dine-in', 'completed', NULL, NULL, '2023-04-11 18:36:53', 1, 0, 0, 2820, 1, 1),
(456, 3, NULL, NULL, '2023-01-20 17:27:17', 'takeaway', 'completed', NULL, NULL, '2023-04-11 18:36:53', 1, 0, 0, 2000, 1, 1),
(457, 6, NULL, NULL, '2023-04-07 05:39:35', 'takeaway', 'completed', NULL, NULL, '2023-04-11 18:36:53', 1, 0, 0, 2400, 1, 1),
(458, 10, NULL, NULL, '2022-10-17 19:40:37', 'takeaway', 'completed', NULL, NULL, '2023-04-11 18:36:53', 1, 0, 0, 1984, 1, 1),
(459, 13, NULL, NULL, '2023-02-28 09:15:04', 'bulk', 'completed', NULL, NULL, '2023-04-11 18:36:53', 1, 0, 0, 6000, 1, 1),
(460, 10, NULL, NULL, '2022-10-02 14:55:09', 'bulk', 'completed', NULL, NULL, '2023-04-11 18:36:53', 1, 0, 0, 1875, 1, 1),
(461, 1, NULL, NULL, '2023-02-16 01:24:28', 'takeaway', 'completed', NULL, NULL, '2023-04-11 18:36:53', 1, 0, 0, 0, 1, 1),
(462, 3, NULL, NULL, '2022-09-29 16:13:36', 'dine-in', 'completed', NULL, NULL, '2023-04-11 18:36:53', 1, 0, 0, 1451, 1, 1),
(463, 2, NULL, NULL, '2022-11-13 01:31:30', 'takeaway', 'completed', NULL, NULL, '2023-04-11 18:36:53', 1, 0, 0, 2058, 1, 1),
(464, 6, NULL, NULL, '2022-10-04 21:46:40', 'bulk', 'completed', NULL, NULL, '2023-04-11 18:36:53', 1, 0, 0, 1013, 1, 1),
(465, 6, NULL, NULL, '2023-03-29 01:25:50', 'dine-in', 'completed', NULL, NULL, '2023-04-11 18:36:53', 1, 0, 0, 800, 1, 1),
(466, 1, NULL, NULL, '2022-03-19 21:24:22', 'takeaway', 'completed', NULL, NULL, '2023-04-11 18:36:53', 1, 0, 0, 2500, 1, 1),
(467, 6, NULL, NULL, '2023-01-16 01:35:44', 'dine-in', 'completed', NULL, NULL, '2023-04-11 18:36:53', 1, 0, 0, 0, 1, 1),
(468, 2, NULL, NULL, '2023-01-23 00:10:41', 'takeaway', 'completed', NULL, NULL, '2023-04-11 18:36:53', 1, 0, 0, 0, 1, 1),
(469, 2, NULL, NULL, '2022-04-10 01:55:38', 'bulk', 'completed', NULL, NULL, '2023-04-11 18:36:53', 1, 0, 0, 4000, 1, 1),
(470, 2, NULL, NULL, '2023-03-04 21:09:22', 'takeaway', 'completed', NULL, NULL, '2023-04-11 18:36:53', 1, 0, 0, 0, 1, 1),
(471, 13, NULL, NULL, '2023-01-25 10:35:29', 'dine-in', 'completed', NULL, NULL, '2023-04-11 18:36:53', 1, 0, 0, 0, 1, 1),
(472, 10, NULL, NULL, '2022-05-13 05:44:44', 'takeaway', 'completed', NULL, NULL, '2023-04-11 18:36:53', 1, 0, 0, 2142, 1, 1),
(473, 3, NULL, NULL, '2022-07-11 15:30:51', 'takeaway', 'completed', NULL, NULL, '2023-04-11 18:36:53', 1, 0, 0, 2892, 1, 1),
(474, 13, NULL, NULL, '2023-05-03 19:25:04', 'takeaway', 'completed', NULL, NULL, '2023-05-08 12:47:28', 1, 0, 0, 6000, 1, 1),
(475, 13, NULL, NULL, '2022-04-21 16:01:22', 'takeaway', 'completed', NULL, NULL, '2023-04-11 18:36:53', 1, 0, 0, 1200, 1, 1),
(476, 1, NULL, NULL, '2022-12-06 17:20:58', 'takeaway', 'completed', NULL, NULL, '2023-04-11 18:36:53', 1, 0, 0, 1061, 1, 1),
(477, 1, NULL, NULL, '2022-05-17 00:47:24', 'takeaway', 'completed', NULL, NULL, '2023-04-11 18:36:53', 1, 0, 0, 2022, 1, 1),
(478, 10, NULL, NULL, '2022-04-13 19:58:47', 'dine-in', 'completed', NULL, NULL, '2023-04-11 18:36:53', 1, 0, 0, 4500, 1, 1),
(479, 1, NULL, NULL, '2022-07-05 10:24:59', 'dine-in', 'completed', NULL, NULL, '2023-04-11 18:36:53', 1, 0, 0, 2573, 1, 1),
(480, 13, NULL, NULL, '2023-01-07 17:52:03', 'takeaway', 'completed', NULL, NULL, '2023-04-11 18:36:53', 1, 0, 0, 7200, 1, 1),
(481, 3, NULL, NULL, '2022-07-08 13:31:43', 'dine-in', 'completed', NULL, NULL, '2023-04-11 18:36:53', 1, 0, 0, 1186, 1, 1),
(482, 6, NULL, NULL, '2022-06-21 14:43:27', 'takeaway', 'completed', NULL, NULL, '2023-04-11 18:36:53', 1, 0, 0, 1710, 1, 1),
(483, 10, NULL, NULL, '2023-02-08 04:28:29', 'bulk', 'completed', NULL, NULL, '2023-04-11 18:36:53', 1, 0, 0, 6600, 1, 1),
(484, 6, NULL, NULL, '2023-02-05 12:23:35', 'dine-in', 'completed', NULL, NULL, '2023-04-11 18:36:53', 1, 0, 0, 3600, 1, 1),
(485, 2, NULL, NULL, '2023-05-07 07:53:53', 'bulk', 'completed', NULL, NULL, '2023-05-08 12:47:28', 1, 0, 0, 5600, 1, 1),
(486, 2, NULL, NULL, '2023-01-20 16:56:58', 'dine-in', 'completed', NULL, NULL, '2023-04-11 18:36:53', 1, 0, 0, 4200, 1, 1),
(487, 6, NULL, NULL, '2022-07-21 19:56:16', 'dine-in', 'completed', NULL, NULL, '2023-04-11 18:36:53', 1, 0, 0, 1256, 1, 1),
(488, 2, NULL, NULL, '2023-03-18 20:25:44', 'takeaway', 'completed', NULL, NULL, '2023-04-11 18:36:53', 1, 0, 0, 800, 1, 1),
(489, 6, NULL, NULL, '2022-08-27 14:25:34', 'takeaway', 'completed', NULL, NULL, '2023-04-11 18:36:53', 1, 0, 0, 1239, 1, 1),
(490, 10, NULL, NULL, '2022-09-19 22:13:07', 'takeaway', 'completed', NULL, NULL, '2023-04-11 18:36:53', 1, 0, 0, 2006, 1, 1),
(491, 2, NULL, NULL, '2022-03-28 14:11:21', 'takeaway', 'completed', NULL, NULL, '2023-04-11 18:36:53', 1, 0, 0, 0, 1, 1),
(492, 13, NULL, NULL, '2023-02-11 10:19:14', 'dine-in', 'completed', NULL, NULL, '2023-04-11 18:36:53', 1, 0, 0, 0, 1, 1),
(493, 1, NULL, NULL, '2022-10-09 11:13:30', 'dine-in', 'completed', NULL, NULL, '2023-04-11 18:36:53', 1, 0, 0, 1994, 1, 1),
(494, 6, NULL, NULL, '2022-10-20 19:55:07', 'takeaway', 'completed', NULL, NULL, '2023-04-11 18:36:53', 1, 0, 0, 1374, 1, 1),
(495, 6, NULL, NULL, '2023-05-06 15:30:11', 'takeaway', 'completed', NULL, NULL, '2023-05-08 12:47:28', 1, 0, 0, 7900, 1, 1),
(496, 13, NULL, NULL, '2022-12-21 18:27:06', 'takeaway', 'completed', NULL, NULL, '2023-04-11 18:36:53', 1, 0, 0, 3600, 1, 1),
(497, 1, NULL, NULL, '2022-03-26 04:25:53', 'bulk', 'completed', NULL, NULL, '2023-04-11 18:36:53', 1, 0, 0, 5100, 1, 1),
(498, 13, NULL, NULL, '2022-10-08 02:53:14', 'takeaway', 'completed', NULL, NULL, '2023-04-11 18:36:53', 1, 0, 0, 1782, 1, 1),
(499, 3, NULL, NULL, '2023-04-27 00:51:50', 'takeaway', 'completed', NULL, NULL, '2023-05-08 12:47:28', 1, 0, 0, 400, 1, 1),
(500, 10, NULL, NULL, '2022-10-19 08:51:28', 'takeaway', 'completed', NULL, NULL, '2023-04-11 18:36:53', 1, 0, 0, 2880, 1, 1),
(501, 13, NULL, NULL, '2022-07-27 21:04:54', 'dine-in', 'completed', NULL, NULL, '2023-04-11 18:36:53', 1, 0, 0, 2066, 1, 1),
(502, 2, NULL, NULL, '2022-11-01 19:10:51', 'dine-in', 'completed', NULL, NULL, '2023-04-11 18:36:53', 1, 0, 0, 2724, 1, 1),
(503, 13, NULL, NULL, '2022-07-27 18:19:35', 'takeaway', 'completed', NULL, NULL, '2023-04-11 18:36:53', 1, 0, 0, 2302, 1, 1),
(504, 13, NULL, NULL, '2022-05-03 11:14:43', 'dine-in', 'completed', NULL, NULL, '2023-04-11 18:36:53', 1, 0, 0, 2347, 1, 1),
(505, 6, NULL, NULL, '2022-12-10 18:24:19', 'takeaway', 'completed', NULL, NULL, '2023-04-11 18:36:53', 1, 0, 0, 1402, 1, 1),
(506, 3, NULL, NULL, '2023-04-26 09:20:21', 'bulk', 'completed', NULL, NULL, '2023-05-08 12:47:28', 1, 0, 0, 1500, 1, 1),
(507, 1, NULL, NULL, '2022-11-07 06:54:25', 'dine-in', 'completed', NULL, NULL, '2023-04-11 18:36:53', 1, 0, 0, 1513, 1, 1),
(508, 13, NULL, NULL, '2022-10-04 10:35:31', 'bulk', 'completed', NULL, NULL, '2023-04-11 18:36:53', 1, 0, 0, 2325, 1, 1),
(509, 10, NULL, NULL, '2023-01-20 15:43:39', 'dine-in', 'completed', NULL, NULL, '2023-04-11 18:36:53', 1, 0, 0, 3300, 1, 1),
(510, 2, NULL, NULL, '2022-11-01 01:13:48', 'takeaway', 'completed', NULL, NULL, '2023-04-11 18:36:53', 1, 0, 0, 1355, 1, 1),
(511, 3, NULL, NULL, '2022-05-01 22:34:32', 'dine-in', 'completed', NULL, NULL, '2023-04-11 18:36:53', 1, 0, 0, 3100, 1, 1),
(512, 2, NULL, NULL, '2023-01-30 07:38:09', 'takeaway', 'completed', NULL, NULL, '2023-04-11 18:36:53', 1, 0, 0, 2900, 1, 1),
(513, 6, NULL, NULL, '2023-04-30 15:32:37', 'takeaway', 'completed', NULL, NULL, '2023-05-08 12:47:28', 1, 0, 0, 300, 1, 1),
(514, 1, NULL, NULL, '2022-06-05 02:05:39', 'dine-in', 'completed', NULL, NULL, '2023-04-11 18:36:53', 1, 0, 0, 2565, 1, 1),
(515, 3, NULL, NULL, '2023-03-13 15:04:10', 'takeaway', 'completed', NULL, NULL, '2023-04-11 18:36:53', 1, 0, 0, 4700, 1, 1),
(516, 2, NULL, NULL, '2023-02-11 08:54:44', 'takeaway', 'completed', NULL, NULL, '2023-04-11 18:36:53', 1, 0, 0, 900, 1, 1),
(517, 6, NULL, NULL, '2022-08-17 05:34:21', 'takeaway', 'completed', NULL, NULL, '2023-04-11 18:36:53', 1, 0, 0, 1566, 1, 1),
(518, 13, NULL, NULL, '2023-02-03 08:13:25', 'takeaway', 'completed', NULL, NULL, '2023-04-11 18:36:53', 1, 0, 0, 0, 1, 1),
(519, 1, NULL, NULL, '2023-04-05 11:19:07', 'takeaway', 'completed', NULL, NULL, '2023-04-11 18:36:53', 1, 0, 0, 3000, 1, 1),
(520, 3, NULL, NULL, '2022-12-22 01:51:51', 'takeaway', 'completed', NULL, NULL, '2023-04-11 18:36:53', 1, 0, 0, 6800, 1, 1),
(521, 6, NULL, NULL, '2023-04-28 21:32:44', 'takeaway', 'completed', NULL, NULL, '2023-05-08 12:47:28', 1, 0, 0, 1000, 1, 1),
(522, 2, NULL, NULL, '2022-10-22 20:45:31', 'dine-in', 'completed', NULL, NULL, '2023-04-11 18:36:53', 1, 0, 0, 2896, 1, 1),
(523, 1, NULL, NULL, '2022-08-27 01:33:19', 'takeaway', 'completed', NULL, NULL, '2023-04-11 18:36:53', 1, 0, 0, 2399, 1, 1),
(524, 10, NULL, NULL, '2023-01-15 22:41:20', 'takeaway', 'completed', NULL, NULL, '2023-04-11 18:36:53', 1, 0, 0, 2900, 1, 1),
(525, 3, NULL, NULL, '2023-01-24 16:08:49', 'dine-in', 'completed', NULL, NULL, '2023-04-11 18:36:53', 1, 0, 0, 3900, 1, 1),
(526, 3, NULL, NULL, '2023-03-20 15:01:50', 'dine-in', 'completed', NULL, NULL, '2023-04-11 18:36:53', 1, 0, 0, 4200, 1, 1),
(527, 13, NULL, NULL, '2023-02-25 05:15:47', 'takeaway', 'completed', NULL, NULL, '2023-04-11 18:36:53', 1, 0, 0, 0, 1, 1),
(528, 10, NULL, NULL, '2022-11-17 12:45:16', 'takeaway', 'completed', NULL, NULL, '2023-04-11 18:36:53', 1, 0, 0, 2797, 1, 1),
(529, 13, NULL, NULL, '2023-02-22 03:45:23', 'takeaway', 'completed', NULL, NULL, '2023-04-11 18:36:53', 1, 0, 0, 3700, 1, 1),
(530, 1, NULL, NULL, '2023-02-19 20:42:39', 'takeaway', 'completed', NULL, NULL, '2023-04-11 18:36:53', 1, 0, 0, 3200, 1, 1),
(531, 3, NULL, NULL, '2022-07-22 08:15:11', 'takeaway', 'completed', NULL, NULL, '2023-04-11 18:36:53', 1, 0, 0, 1324, 1, 1),
(532, 10, NULL, NULL, '2023-01-10 01:01:09', 'dine-in', 'completed', NULL, NULL, '2023-04-11 18:36:53', 1, 0, 0, 1800, 1, 1),
(533, 1, NULL, NULL, '2023-05-03 18:44:49', 'takeaway', 'completed', NULL, NULL, '2023-05-08 12:47:28', 1, 0, 0, 4200, 1, 1),
(534, 3, NULL, NULL, '2022-03-26 10:28:06', 'dine-in', 'completed', NULL, NULL, '2023-04-11 18:36:53', 1, 0, 0, 1400, 1, 1),
(535, 1, NULL, NULL, '2022-06-17 20:04:04', 'dine-in', 'completed', NULL, NULL, '2023-04-11 18:36:53', 1, 0, 0, 2743, 1, 1),
(536, 3, NULL, NULL, '2023-02-01 12:24:16', 'dine-in', 'completed', NULL, NULL, '2023-04-11 18:36:53', 1, 0, 0, 5200, 1, 1),
(537, 2, NULL, NULL, '2023-04-11 04:54:09', 'dine-in', 'completed', NULL, NULL, '2023-04-11 18:36:53', 1, 0, 0, 5000, 1, 1),
(538, 1, NULL, NULL, '2022-10-31 16:11:55', 'dine-in', 'completed', NULL, NULL, '2023-04-11 18:36:53', 1, 0, 0, 1345, 1, 1),
(539, 10, NULL, NULL, '2023-01-24 10:43:35', 'takeaway', 'completed', NULL, NULL, '2023-04-11 18:36:53', 1, 0, 0, 800, 1, 1),
(540, 1, NULL, NULL, '2023-04-16 08:54:08', 'takeaway', 'completed', NULL, NULL, '2023-05-08 12:47:28', 1, 0, 0, 3900, 1, 1),
(541, 2, NULL, NULL, '2023-02-11 07:52:10', 'takeaway', 'completed', NULL, NULL, '2023-04-11 18:36:53', 1, 0, 0, 0, 1, 1),
(542, 1, NULL, NULL, '2022-03-18 17:35:01', 'takeaway', 'completed', NULL, NULL, '2023-04-11 18:36:53', 1, 0, 0, 800, 1, 1),
(543, 3, NULL, NULL, '2022-04-18 13:04:24', 'takeaway', 'completed', NULL, NULL, '2023-04-11 18:36:53', 1, 0, 0, 4400, 1, 1),
(544, 10, NULL, NULL, '2022-05-08 19:56:28', 'bulk', 'completed', NULL, NULL, '2023-04-11 18:36:53', 1, 0, 0, 1066, 1, 1),
(545, 10, NULL, NULL, '2022-12-08 05:46:52', 'dine-in', 'completed', NULL, NULL, '2023-04-11 18:36:53', 1, 0, 0, 2588, 1, 1),
(546, 10, NULL, NULL, '2022-08-27 01:13:18', 'takeaway', 'completed', NULL, NULL, '2023-04-11 18:36:53', 1, 0, 0, 1338, 1, 1),
(547, 13, NULL, NULL, '2022-05-25 21:02:08', 'takeaway', 'completed', NULL, NULL, '2023-04-11 18:36:53', 1, 0, 0, 1759, 1, 1),
(548, 2, NULL, NULL, '2022-06-27 19:37:41', 'takeaway', 'completed', NULL, NULL, '2023-04-11 18:36:53', 1, 0, 0, 2709, 1, 1),
(549, 2, NULL, NULL, '2022-09-14 09:53:45', 'takeaway', 'completed', NULL, NULL, '2023-04-11 18:36:53', 1, 0, 0, 2840, 1, 1),
(550, 13, NULL, NULL, '2022-08-29 14:28:12', 'dine-in', 'completed', NULL, NULL, '2023-04-11 18:36:53', 1, 0, 0, 1072, 1, 1),
(551, 10, NULL, NULL, '2022-06-05 13:11:10', 'takeaway', 'completed', NULL, NULL, '2023-04-11 18:36:53', 1, 0, 0, 1274, 1, 1),
(552, 3, NULL, NULL, '2022-09-17 17:44:18', 'dine-in', 'completed', NULL, NULL, '2023-04-11 18:36:53', 1, 0, 0, 2144, 1, 1),
(553, 6, NULL, NULL, '2023-04-09 21:41:23', 'dine-in', 'completed', NULL, NULL, '2023-04-11 18:36:53', 1, 0, 0, 3500, 1, 1),
(554, 1, NULL, NULL, '2022-08-03 18:36:37', 'dine-in', 'completed', NULL, NULL, '2023-04-11 18:36:53', 1, 0, 0, 2677, 1, 1),
(555, 10, NULL, NULL, '2022-11-17 14:43:47', 'dine-in', 'completed', NULL, NULL, '2023-04-11 18:36:53', 1, 0, 0, 1387, 1, 1),
(556, 10, NULL, NULL, '2022-04-26 11:41:28', 'dine-in', 'completed', NULL, NULL, '2023-04-11 18:36:53', 1, 0, 0, 3400, 1, 1),
(557, 2, NULL, NULL, '2023-03-25 11:58:46', 'dine-in', 'completed', NULL, NULL, '2023-04-11 18:36:53', 1, 0, 0, 2000, 1, 1),
(558, 10, NULL, NULL, '2022-10-25 11:23:19', 'dine-in', 'completed', NULL, NULL, '2023-04-11 18:36:53', 1, 0, 0, 2322, 1, 1),
(559, 3, NULL, NULL, '2022-05-27 04:16:12', 'takeaway', 'completed', NULL, NULL, '2023-04-11 18:36:53', 1, 0, 0, 1257, 1, 1),
(560, 10, NULL, NULL, '2022-07-25 10:21:32', 'dine-in', 'completed', NULL, NULL, '2023-04-11 18:36:53', 1, 0, 0, 2645, 1, 1),
(561, 1, NULL, NULL, '2022-05-29 08:18:20', 'dine-in', 'completed', NULL, NULL, '2023-04-11 18:36:53', 1, 0, 0, 2163, 1, 1),
(562, 10, NULL, NULL, '2022-10-07 13:08:08', 'takeaway', 'completed', NULL, NULL, '2023-04-11 18:36:53', 1, 0, 0, 2685, 1, 1),
(563, 6, NULL, NULL, '2022-10-11 12:22:24', 'takeaway', 'completed', NULL, NULL, '2023-04-11 18:36:53', 1, 0, 0, 1308, 1, 1),
(564, 3, NULL, NULL, '2022-08-18 00:46:20', 'dine-in', 'completed', NULL, NULL, '2023-04-11 18:36:53', 1, 0, 0, 2350, 1, 1),
(565, 1, NULL, NULL, '2023-02-09 03:48:14', 'takeaway', 'completed', NULL, NULL, '2023-04-11 18:36:53', 1, 0, 0, 3400, 1, 1),
(566, 10, NULL, NULL, '2022-05-06 18:28:27', 'dine-in', 'completed', NULL, NULL, '2023-04-11 18:36:53', 1, 0, 0, 1116, 1, 1),
(567, 1, NULL, NULL, '2022-08-03 01:17:24', 'takeaway', 'completed', NULL, NULL, '2023-04-11 18:36:53', 1, 0, 0, 2651, 1, 1),
(568, 2, NULL, NULL, '2022-08-21 05:05:56', 'takeaway', 'completed', NULL, NULL, '2023-04-11 18:36:53', 1, 0, 0, 1024, 1, 1),
(569, 1, NULL, NULL, '2023-03-13 13:57:04', 'takeaway', 'completed', NULL, NULL, '2023-04-11 18:36:53', 1, 0, 0, 2600, 1, 1),
(570, 10, NULL, NULL, '2023-01-08 06:07:57', 'dine-in', 'completed', NULL, NULL, '2023-04-11 18:36:53', 1, 0, 0, 1200, 1, 1),
(571, 10, NULL, NULL, '2023-04-08 16:37:16', 'dine-in', 'completed', NULL, NULL, '2023-04-11 18:36:53', 1, 0, 0, 3900, 1, 1),
(572, 13, NULL, NULL, '2022-09-05 08:24:04', 'dine-in', 'completed', NULL, NULL, '2023-04-11 18:36:53', 1, 0, 0, 1589, 1, 1),
(573, 3, NULL, NULL, '2022-05-02 21:54:40', 'dine-in', 'completed', NULL, NULL, '2023-04-11 18:36:53', 1, 0, 0, 2518, 1, 1),
(574, 2, NULL, NULL, '2022-11-24 18:08:37', 'takeaway', 'completed', NULL, NULL, '2023-04-11 18:36:53', 1, 0, 0, 2616, 1, 1),
(575, 10, NULL, NULL, '2022-07-11 02:07:04', 'dine-in', 'completed', NULL, NULL, '2023-04-11 18:36:53', 1, 0, 0, 2308, 1, 1),
(576, 3, NULL, NULL, '2022-09-01 16:05:34', 'dine-in', 'completed', NULL, NULL, '2023-04-11 18:36:53', 1, 0, 0, 2670, 1, 1),
(577, 2, NULL, NULL, '2022-08-25 12:52:35', 'takeaway', 'completed', NULL, NULL, '2023-04-11 18:36:53', 1, 0, 0, 2550, 1, 1),
(578, 13, NULL, NULL, '2022-05-08 16:24:34', 'dine-in', 'completed', NULL, NULL, '2023-04-11 18:36:53', 1, 0, 0, 2875, 1, 1),
(579, 2, NULL, NULL, '2023-04-24 06:08:45', 'bulk', 'completed', NULL, NULL, '2023-05-08 12:47:28', 1, 0, 0, 2900, 1, 1),
(580, 10, NULL, NULL, '2023-01-13 19:57:52', 'bulk', 'completed', NULL, NULL, '2023-04-11 18:36:53', 1, 0, 0, 4500, 1, 1),
(581, 1, NULL, NULL, '2022-10-23 01:29:45', 'dine-in', 'completed', NULL, NULL, '2023-04-11 18:36:53', 1, 0, 0, 2553, 1, 1),
(582, 3, NULL, NULL, '2022-10-15 12:02:52', 'takeaway', 'completed', NULL, NULL, '2023-04-11 18:36:53', 1, 0, 0, 1073, 1, 1),
(583, 2, NULL, NULL, '2022-07-21 12:37:40', 'dine-in', 'completed', NULL, NULL, '2023-04-11 18:36:53', 1, 0, 0, 2947, 1, 1),
(584, 2, NULL, NULL, '2022-07-09 20:46:42', 'bulk', 'completed', NULL, NULL, '2023-04-11 18:36:53', 1, 0, 0, 1512, 1, 1),
(585, 1, NULL, NULL, '2022-07-14 01:11:11', 'bulk', 'completed', NULL, NULL, '2023-04-11 18:36:53', 1, 0, 0, 2776, 1, 1),
(586, 3, NULL, NULL, '2023-03-08 06:29:03', 'dine-in', 'completed', NULL, NULL, '2023-04-11 18:36:53', 1, 0, 0, 900, 1, 1),
(587, 2, NULL, NULL, '2022-03-26 04:36:08', 'takeaway', 'completed', NULL, NULL, '2023-04-11 18:36:53', 1, 0, 0, 1500, 1, 1),
(588, 13, NULL, NULL, '2022-07-21 19:24:23', 'takeaway', 'completed', NULL, NULL, '2023-04-11 18:36:53', 1, 0, 0, 2666, 1, 1),
(589, 2, NULL, NULL, '2022-10-16 05:44:24', 'takeaway', 'completed', NULL, NULL, '2023-04-11 18:36:53', 1, 0, 0, 2565, 1, 1),
(590, 6, NULL, NULL, '2022-06-17 23:07:27', 'takeaway', 'completed', NULL, NULL, '2023-04-11 18:36:53', 1, 0, 0, 1753, 1, 1),
(591, 1, NULL, NULL, '2022-06-04 03:16:40', 'dine-in', 'completed', NULL, NULL, '2023-04-11 18:36:53', 1, 0, 0, 1540, 1, 1),
(592, 6, NULL, NULL, '2022-07-09 23:36:01', 'dine-in', 'completed', NULL, NULL, '2023-04-11 18:36:53', 1, 0, 0, 2565, 1, 1),
(593, 3, NULL, NULL, '2023-04-30 16:14:37', 'takeaway', 'completed', NULL, NULL, '2023-05-08 12:47:28', 1, 0, 0, 0, 1, 1),
(594, 10, NULL, NULL, '2022-08-21 15:25:53', 'dine-in', 'completed', NULL, NULL, '2023-04-11 18:36:53', 1, 0, 0, 1758, 1, 1),
(595, 3, NULL, NULL, '2023-04-18 13:13:48', 'takeaway', 'completed', NULL, NULL, '2023-05-08 12:47:28', 1, 0, 0, 2400, 1, 1),
(596, 2, NULL, NULL, '2022-06-14 04:43:02', 'bulk', 'completed', NULL, NULL, '2023-04-11 18:36:53', 1, 0, 0, 1777, 1, 1),
(597, 1, NULL, NULL, '2022-12-26 10:33:46', 'dine-in', 'completed', NULL, NULL, '2023-04-11 18:36:53', 1, 0, 0, 6300, 1, 1),
(598, 2, NULL, NULL, '2022-08-20 15:49:45', 'takeaway', 'completed', NULL, NULL, '2023-04-11 18:36:53', 1, 0, 0, 2101, 1, 1),
(599, 10, NULL, NULL, '2022-08-30 12:35:11', 'dine-in', 'completed', NULL, NULL, '2023-04-11 18:36:53', 1, 0, 0, 1722, 1, 1),
(600, 6, NULL, NULL, '2022-05-20 04:09:36', 'dine-in', 'completed', NULL, NULL, '2023-04-11 18:36:53', 1, 0, 0, 1597, 1, 1),
(601, 13, NULL, NULL, '2022-09-11 05:34:31', 'dine-in', 'completed', NULL, NULL, '2023-04-11 18:36:53', 1, 0, 0, 1281, 1, 1),
(602, 2, NULL, NULL, '2022-08-01 06:00:13', 'bulk', 'completed', NULL, NULL, '2023-04-11 18:36:53', 1, 0, 0, 1265, 1, 1),
(603, 2, NULL, NULL, '2022-03-27 01:53:16', 'takeaway', 'completed', NULL, NULL, '2023-04-11 18:36:53', 1, 0, 0, 800, 1, 1),
(604, 1, NULL, NULL, '2023-03-09 20:46:08', 'takeaway', 'completed', NULL, NULL, '2023-04-11 18:36:53', 1, 0, 0, 4600, 1, 1),
(605, 10, NULL, NULL, '2022-12-28 10:01:04', 'dine-in', 'completed', NULL, NULL, '2023-04-11 18:36:53', 1, 0, 0, 2400, 1, 1),
(606, 10, NULL, NULL, '2022-05-21 05:13:34', 'dine-in', 'completed', NULL, NULL, '2023-04-11 18:36:53', 1, 0, 0, 1252, 1, 1),
(607, 2, NULL, NULL, '2023-03-21 22:10:21', 'dine-in', 'completed', NULL, NULL, '2023-04-11 18:36:53', 1, 0, 0, 3300, 1, 1),
(608, 1, NULL, NULL, '2022-12-17 07:46:53', 'bulk', 'completed', NULL, NULL, '2023-04-11 18:36:53', 1, 0, 0, 1593, 1, 1),
(609, 1, NULL, NULL, '2022-11-28 02:52:13', 'bulk', 'completed', NULL, NULL, '2023-04-11 18:36:53', 1, 0, 0, 2796, 1, 1),
(610, 6, NULL, NULL, '2023-02-22 14:09:20', 'takeaway', 'completed', NULL, NULL, '2023-04-11 18:36:53', 1, 0, 0, 7600, 1, 1),
(611, 6, NULL, NULL, '2022-04-21 20:05:48', 'dine-in', 'completed', NULL, NULL, '2023-04-11 18:36:53', 1, 0, 0, 5500, 1, 1),
(612, 6, NULL, NULL, '2023-02-16 20:28:48', 'dine-in', 'completed', NULL, NULL, '2023-04-11 18:36:53', 1, 0, 0, 1600, 1, 1),
(613, 10, NULL, NULL, '2023-01-30 05:24:56', 'bulk', 'completed', NULL, NULL, '2023-04-11 18:36:53', 1, 0, 0, 1400, 1, 1),
(614, 2, NULL, NULL, '2022-07-09 20:39:26', 'takeaway', 'completed', NULL, NULL, '2023-04-11 18:36:53', 1, 0, 0, 2158, 1, 1),
(615, 6, NULL, NULL, '2022-07-08 19:53:05', 'dine-in', 'completed', NULL, NULL, '2023-04-11 18:36:53', 1, 0, 0, 2063, 1, 1),
(616, 1, NULL, NULL, '2022-09-20 00:05:42', 'takeaway', 'completed', NULL, NULL, '2023-04-11 18:36:53', 1, 0, 0, 1329, 1, 1),
(617, 13, NULL, NULL, '2022-05-05 02:18:09', 'dine-in', 'completed', NULL, NULL, '2023-04-11 18:36:53', 1, 0, 0, 1231, 1, 1),
(618, 1, NULL, NULL, '2022-11-14 23:46:20', 'bulk', 'completed', NULL, NULL, '2023-04-11 18:36:53', 1, 0, 0, 1446, 1, 1),
(619, 13, NULL, NULL, '2022-06-30 22:21:55', 'takeaway', 'completed', NULL, NULL, '2023-04-11 18:36:53', 1, 0, 0, 1020, 1, 1),
(620, 6, NULL, NULL, '2022-06-15 10:23:55', 'dine-in', 'completed', NULL, NULL, '2023-04-11 18:36:53', 1, 0, 0, 1436, 1, 1),
(621, 2, NULL, NULL, '2022-04-02 14:56:33', 'bulk', 'completed', NULL, NULL, '2023-04-11 18:36:53', 1, 0, 0, 3500, 1, 1),
(622, 13, NULL, NULL, '2022-06-29 13:51:53', 'dine-in', 'completed', NULL, NULL, '2023-04-11 18:36:53', 1, 0, 0, 1563, 1, 1),
(623, 3, NULL, NULL, '2023-03-26 10:28:35', 'takeaway', 'completed', NULL, NULL, '2023-04-11 18:36:53', 1, 0, 0, 0, 1, 1),
(624, 6, NULL, NULL, '2022-06-21 20:34:19', 'takeaway', 'completed', NULL, NULL, '2023-04-11 18:36:53', 1, 0, 0, 2661, 1, 1),
(625, 3, NULL, NULL, '2022-09-18 04:07:01', 'takeaway', 'completed', NULL, NULL, '2023-04-11 18:36:53', 1, 0, 0, 1817, 1, 1),
(626, 1, NULL, NULL, '2022-11-23 07:47:14', 'takeaway', 'completed', NULL, NULL, '2023-04-11 18:36:53', 1, 0, 0, 2687, 1, 1),
(627, 13, NULL, NULL, '2023-02-15 13:13:52', 'dine-in', 'completed', NULL, NULL, '2023-04-11 18:36:53', 1, 0, 0, 5600, 1, 1),
(628, 10, NULL, NULL, '2022-10-07 23:18:25', 'takeaway', 'completed', NULL, NULL, '2023-04-11 18:36:53', 1, 0, 0, 2180, 1, 1),
(629, 2, NULL, NULL, '2023-03-21 09:29:50', 'bulk', 'completed', NULL, NULL, '2023-04-11 18:36:53', 1, 0, 0, 3000, 1, 1),
(630, 6, NULL, NULL, '2022-08-03 00:35:48', 'takeaway', 'completed', NULL, NULL, '2023-04-11 18:36:53', 1, 0, 0, 2409, 1, 1),
(631, 1, NULL, NULL, '2022-05-31 04:56:31', 'dine-in', 'completed', NULL, NULL, '2023-04-11 18:36:53', 1, 0, 0, 1404, 1, 1),
(632, 10, NULL, NULL, '2022-07-10 06:04:20', 'dine-in', 'completed', NULL, NULL, '2023-04-11 18:36:53', 1, 0, 0, 2158, 1, 1),
(633, 13, NULL, NULL, '2022-08-28 13:29:16', 'takeaway', 'completed', NULL, NULL, '2023-04-11 18:36:53', 1, 0, 0, 2255, 1, 1),
(634, 3, NULL, NULL, '2022-04-18 23:57:47', 'dine-in', 'completed', NULL, NULL, '2023-04-11 18:36:53', 1, 0, 0, 1200, 1, 1),
(635, 3, NULL, NULL, '2023-04-05 04:32:51', 'dine-in', 'completed', NULL, NULL, '2023-04-11 18:36:53', 1, 0, 0, 3600, 1, 1),
(636, 6, NULL, NULL, '2022-10-02 03:49:42', 'takeaway', 'completed', NULL, NULL, '2023-04-11 18:36:53', 1, 0, 0, 2402, 1, 1),
(637, 3, NULL, NULL, '2023-05-02 04:50:47', 'takeaway', 'completed', NULL, NULL, '2023-05-08 12:47:28', 1, 0, 0, 1200, 1, 1),
(638, 10, NULL, NULL, '2023-04-29 00:12:52', 'dine-in', 'completed', NULL, NULL, '2023-05-08 12:47:28', 1, 0, 0, 1200, 1, 1),
(639, 13, NULL, NULL, '2022-03-21 19:33:08', 'takeaway', 'completed', NULL, NULL, '2023-04-11 18:36:53', 1, 0, 0, 0, 1, 1),
(640, 10, NULL, NULL, '2022-10-19 08:21:19', 'takeaway', 'completed', NULL, NULL, '2023-04-11 18:36:53', 1, 0, 0, 2909, 1, 1),
(641, 1, NULL, NULL, '2022-12-21 21:05:58', 'takeaway', 'completed', NULL, NULL, '2023-04-11 18:36:53', 1, 0, 0, 3800, 1, 1),
(642, 1, NULL, NULL, '2022-08-12 09:52:41', 'dine-in', 'completed', NULL, NULL, '2023-04-11 18:36:53', 1, 0, 0, 2220, 1, 1),
(643, 6, NULL, NULL, '2022-10-29 16:56:48', 'takeaway', 'completed', NULL, NULL, '2023-04-11 18:36:53', 1, 0, 0, 2894, 1, 1),
(644, 1, NULL, NULL, '2022-08-29 23:01:57', 'takeaway', 'completed', NULL, NULL, '2023-04-11 18:36:53', 1, 0, 0, 1002, 1, 1),
(645, 6, NULL, NULL, '2022-11-07 19:25:05', 'dine-in', 'completed', NULL, NULL, '2023-04-11 18:36:53', 1, 0, 0, 2654, 1, 1),
(646, 10, NULL, NULL, '2022-11-07 05:30:55', 'bulk', 'completed', NULL, NULL, '2023-04-11 18:36:53', 1, 0, 0, 2806, 1, 1),
(647, 2, NULL, NULL, '2023-02-26 09:00:19', 'takeaway', 'completed', NULL, NULL, '2023-04-11 18:36:53', 1, 0, 0, 1800, 1, 1),
(648, 6, NULL, NULL, '2022-06-05 13:27:45', 'takeaway', 'completed', NULL, NULL, '2023-04-11 18:36:53', 1, 0, 0, 1682, 1, 1),
(649, 13, NULL, NULL, '2023-02-09 06:59:16', 'takeaway', 'completed', NULL, NULL, '2023-04-11 18:36:53', 1, 0, 0, 0, 1, 1),
(650, 3, NULL, NULL, '2022-05-12 05:46:32', 'bulk', 'completed', NULL, NULL, '2023-04-11 18:36:53', 1, 0, 0, 1564, 1, 1),
(651, 2, NULL, NULL, '2022-12-25 14:01:54', 'dine-in', 'completed', NULL, NULL, '2023-04-11 18:36:53', 1, 0, 0, 5000, 1, 1),
(652, 2, NULL, NULL, '2022-05-08 15:19:42', 'dine-in', 'completed', NULL, NULL, '2023-04-11 18:36:53', 1, 0, 0, 2744, 1, 1),
(653, 13, NULL, NULL, '2023-01-09 14:16:55', 'dine-in', 'completed', NULL, NULL, '2023-04-11 18:36:53', 1, 0, 0, 3200, 1, 1),
(654, 2, NULL, NULL, '2022-09-12 03:32:20', 'takeaway', 'completed', NULL, NULL, '2023-04-11 18:36:53', 1, 0, 0, 2471, 1, 1),
(655, 10, NULL, NULL, '2022-08-20 00:56:47', 'takeaway', 'completed', NULL, NULL, '2023-04-11 18:36:53', 1, 0, 0, 1061, 1, 1),
(656, 10, NULL, NULL, '2022-06-29 04:36:26', 'dine-in', 'completed', NULL, NULL, '2023-04-11 18:36:53', 1, 0, 0, 2708, 1, 1),
(657, 6, NULL, NULL, '2023-01-30 18:39:27', 'takeaway', 'completed', NULL, NULL, '2023-04-11 18:36:53', 1, 0, 0, 3000, 1, 1),
(658, 1, NULL, NULL, '2022-04-22 17:01:55', 'bulk', 'completed', NULL, NULL, '2023-04-11 18:36:53', 1, 0, 0, 1200, 1, 1),
(659, 3, NULL, NULL, '2023-02-01 19:02:29', 'dine-in', 'completed', NULL, NULL, '2023-04-11 18:36:53', 1, 0, 0, 7800, 1, 1),
(660, 1, NULL, NULL, '2022-06-11 20:28:13', 'takeaway', 'completed', NULL, NULL, '2023-04-11 18:36:53', 1, 0, 0, 1523, 1, 1),
(661, 3, NULL, NULL, '2022-10-01 09:35:15', 'takeaway', 'completed', NULL, NULL, '2023-04-11 18:36:53', 1, 0, 0, 2723, 1, 1),
(662, 1, NULL, NULL, '2022-06-09 16:57:33', 'dine-in', 'completed', NULL, NULL, '2023-04-11 18:36:53', 1, 0, 0, 1308, 1, 1),
(663, 3, NULL, NULL, '2023-01-09 11:34:53', 'dine-in', 'completed', NULL, NULL, '2023-04-11 18:36:53', 1, 0, 0, 2000, 1, 1),
(664, 6, NULL, NULL, '2023-03-29 17:57:38', 'dine-in', 'completed', NULL, NULL, '2023-04-11 18:36:53', 1, 0, 0, 3500, 1, 1),
(665, 10, NULL, NULL, '2022-07-21 22:38:25', 'dine-in', 'completed', NULL, NULL, '2023-04-11 18:36:53', 1, 0, 0, 2866, 1, 1),
(666, 13, NULL, NULL, '2023-04-22 23:30:40', 'takeaway', 'completed', NULL, NULL, '2023-05-08 12:47:28', 1, 0, 0, 3000, 1, 1),
(667, 13, NULL, NULL, '2022-12-16 05:14:27', 'dine-in', 'completed', NULL, NULL, '2023-04-11 18:36:53', 1, 0, 0, 1519, 1, 1),
(668, 10, NULL, NULL, '2023-01-20 22:33:46', 'dine-in', 'completed', NULL, NULL, '2023-04-11 18:36:53', 1, 0, 0, 4400, 1, 1),
(669, 3, NULL, NULL, '2022-10-31 07:30:34', 'dine-in', 'completed', NULL, NULL, '2023-04-11 18:36:53', 1, 0, 0, 2987, 1, 1),
(670, 1, NULL, NULL, '2022-12-11 09:28:26', 'bulk', 'completed', NULL, NULL, '2023-04-11 18:36:53', 1, 0, 0, 1548, 1, 1),
(671, 10, NULL, NULL, '2022-11-24 14:14:24', 'takeaway', 'completed', NULL, NULL, '2023-04-11 18:36:53', 1, 0, 0, 2234, 1, 1),
(672, 6, NULL, NULL, '2023-04-10 23:34:31', 'dine-in', 'completed', NULL, NULL, '2023-04-11 18:36:53', 1, 0, 0, 1500, 1, 1),
(673, 1, NULL, NULL, '2022-10-22 14:40:09', 'takeaway', 'completed', NULL, NULL, '2023-04-11 18:36:53', 1, 0, 0, 2513, 1, 1),
(674, 1, NULL, NULL, '2022-10-23 13:48:37', 'dine-in', 'completed', NULL, NULL, '2023-04-11 18:36:53', 1, 0, 0, 1207, 1, 1),
(675, 3, NULL, NULL, '2022-08-20 13:52:23', 'takeaway', 'completed', NULL, NULL, '2023-04-11 18:36:53', 1, 0, 0, 1120, 1, 1),
(676, 3, NULL, NULL, '2022-07-16 08:51:39', 'dine-in', 'completed', NULL, NULL, '2023-04-11 18:36:53', 1, 0, 0, 2527, 1, 1),
(677, 2, NULL, NULL, '2022-07-09 04:46:39', 'takeaway', 'completed', NULL, NULL, '2023-04-11 18:36:53', 1, 0, 0, 1801, 1, 1),
(678, 13, NULL, NULL, '2022-12-27 19:08:24', 'dine-in', 'completed', NULL, NULL, '2023-04-11 18:36:53', 1, 0, 0, 1800, 1, 1),
(679, 6, NULL, NULL, '2022-10-07 18:11:49', 'dine-in', 'completed', NULL, NULL, '2023-04-11 18:36:53', 1, 0, 0, 1704, 1, 1),
(680, 13, NULL, NULL, '2022-10-06 18:55:41', 'dine-in', 'completed', NULL, NULL, '2023-04-11 18:36:53', 1, 0, 0, 1180, 1, 1),
(681, 3, NULL, NULL, '2022-08-08 06:45:59', 'takeaway', 'completed', NULL, NULL, '2023-04-11 18:36:53', 1, 0, 0, 2291, 1, 1),
(682, 10, NULL, NULL, '2022-09-22 11:47:52', 'takeaway', 'completed', NULL, NULL, '2023-04-11 18:36:53', 1, 0, 0, 1039, 1, 1),
(683, 10, NULL, NULL, '2023-01-04 17:52:50', 'takeaway', 'completed', NULL, NULL, '2023-04-11 18:36:53', 1, 0, 0, 3700, 1, 1),
(684, 2, NULL, NULL, '2023-04-14 12:16:05', 'takeaway', 'completed', NULL, NULL, '2023-04-11 18:36:53', 1, 0, 0, 4400, 1, 1),
(685, 6, NULL, NULL, '2023-03-02 05:31:58', 'dine-in', 'completed', NULL, NULL, '2023-04-11 18:36:53', 1, 0, 0, 4900, 1, 1),
(686, 2, NULL, NULL, '2023-03-08 00:45:00', 'dine-in', 'completed', NULL, NULL, '2023-04-11 18:36:53', 1, 0, 0, 3500, 1, 1),
(687, 13, NULL, NULL, '2022-05-30 19:38:44', 'takeaway', 'completed', NULL, NULL, '2023-04-11 18:36:53', 1, 0, 0, 2031, 1, 1),
(688, 1, NULL, NULL, '2022-11-16 19:54:07', 'dine-in', 'completed', NULL, NULL, '2023-04-11 18:36:53', 1, 0, 0, 1077, 1, 1),
(689, 1, NULL, NULL, '2023-02-23 21:58:14', 'dine-in', 'completed', NULL, NULL, '2023-04-11 18:36:53', 1, 0, 0, 2300, 1, 1),
(690, 2, NULL, NULL, '2023-03-19 00:56:52', 'takeaway', 'completed', NULL, NULL, '2023-04-11 18:36:53', 1, 0, 0, 2400, 1, 1),
(691, 1, NULL, NULL, '2022-08-17 15:35:07', 'takeaway', 'completed', NULL, NULL, '2023-04-11 18:36:53', 1, 0, 0, 1904, 1, 1),
(692, 6, NULL, NULL, '2022-05-09 15:39:12', 'takeaway', 'completed', NULL, NULL, '2023-04-11 18:36:53', 1, 0, 0, 2589, 1, 1),
(693, 6, NULL, NULL, '2023-01-01 11:08:49', 'bulk', 'completed', NULL, NULL, '2023-04-11 18:36:53', 1, 0, 0, 3100, 1, 1),
(694, 13, NULL, NULL, '2023-04-09 23:36:01', 'dine-in', 'completed', NULL, NULL, '2023-04-11 18:36:53', 1, 0, 0, 600, 1, 1),
(695, 13, NULL, NULL, '2022-04-05 13:07:57', 'dine-in', 'completed', NULL, NULL, '2023-04-11 18:36:53', 1, 0, 0, 3200, 1, 1),
(696, 1, NULL, NULL, '2022-05-30 17:00:39', 'dine-in', 'completed', NULL, NULL, '2023-04-11 18:36:53', 1, 0, 0, 1326, 1, 1),
(697, 13, NULL, NULL, '2023-02-19 05:37:57', 'takeaway', 'completed', NULL, NULL, '2023-04-11 18:36:53', 1, 0, 0, 0, 1, 1),
(698, 10, NULL, NULL, '2022-11-18 05:39:51', 'dine-in', 'completed', NULL, NULL, '2023-04-11 18:36:53', 1, 0, 0, 1842, 1, 1),
(699, 1, NULL, NULL, '2022-10-10 16:03:43', 'takeaway', 'completed', NULL, NULL, '2023-04-11 18:36:53', 1, 0, 0, 2473, 1, 1),
(700, 2, NULL, NULL, '2022-05-07 12:03:24', 'dine-in', 'completed', NULL, NULL, '2023-04-11 18:36:53', 1, 0, 0, 2236, 1, 1),
(701, 10, NULL, NULL, '2022-07-08 09:34:57', 'takeaway', 'completed', NULL, NULL, '2023-04-11 18:36:53', 1, 0, 0, 2728, 1, 1),
(702, 6, NULL, NULL, '2022-05-17 00:52:34', 'dine-in', 'completed', NULL, NULL, '2023-04-11 18:36:53', 1, 0, 0, 2598, 1, 1),
(703, 13, NULL, NULL, '2022-11-26 03:48:42', 'dine-in', 'completed', NULL, NULL, '2023-04-11 18:36:53', 1, 0, 0, 2862, 1, 1),
(704, 13, NULL, NULL, '2022-03-23 07:59:46', 'takeaway', 'completed', NULL, NULL, '2023-04-11 18:36:53', 1, 0, 0, 3200, 1, 1),
(705, 10, NULL, NULL, '2022-11-12 10:38:14', 'dine-in', 'completed', NULL, NULL, '2023-04-11 18:36:53', 1, 0, 0, 2676, 1, 1),
(706, 2, NULL, NULL, '2022-11-25 16:47:24', 'dine-in', 'completed', NULL, NULL, '2023-04-11 18:36:53', 1, 0, 0, 1724, 1, 1),
(707, 3, NULL, NULL, '2022-03-24 01:21:52', 'dine-in', 'completed', NULL, NULL, '2023-04-11 18:36:53', 1, 0, 0, 800, 1, 1),
(708, 3, NULL, NULL, '2022-11-28 01:08:40', 'takeaway', 'completed', NULL, NULL, '2023-04-11 18:36:53', 1, 0, 0, 2188, 1, 1),
(709, 10, NULL, NULL, '2022-06-28 02:30:46', 'bulk', 'completed', NULL, NULL, '2023-04-11 18:36:53', 1, 0, 0, 1057, 1, 1),
(710, 3, NULL, NULL, '2022-12-12 11:43:14', 'takeaway', 'completed', NULL, NULL, '2023-04-11 18:36:53', 1, 0, 0, 2013, 1, 1),
(711, 6, NULL, NULL, '2022-10-29 18:32:19', 'dine-in', 'completed', NULL, NULL, '2023-04-11 18:36:53', 1, 0, 0, 2111, 1, 1),
(712, 13, NULL, NULL, '2022-09-13 01:29:31', 'dine-in', 'completed', NULL, NULL, '2023-04-11 18:36:53', 1, 0, 0, 1050, 1, 1),
(713, 10, NULL, NULL, '2023-04-30 13:47:36', 'dine-in', 'completed', NULL, NULL, '2023-05-08 12:47:28', 1, 0, 0, 7300, 1, 1),
(714, 1, NULL, NULL, '2022-10-15 10:37:06', 'dine-in', 'completed', NULL, NULL, '2023-04-11 18:36:53', 1, 0, 0, 1539, 1, 1),
(715, 1, NULL, NULL, '2023-04-10 19:21:58', 'takeaway', 'completed', NULL, NULL, '2023-04-11 18:36:53', 1, 0, 0, 2100, 1, 1),
(716, 1, NULL, NULL, '2022-12-22 02:57:15', 'takeaway', 'completed', NULL, NULL, '2023-04-11 18:36:53', 1, 0, 0, 0, 1, 1),
(717, 3, NULL, NULL, '2022-08-12 12:53:51', 'dine-in', 'completed', NULL, NULL, '2023-04-11 18:36:53', 1, 0, 0, 2766, 1, 1),
(718, 13, NULL, NULL, '2022-07-01 07:35:43', 'dine-in', 'completed', NULL, NULL, '2023-04-11 18:36:53', 1, 0, 0, 2539, 1, 1),
(719, 6, NULL, NULL, '2022-10-27 02:46:04', 'takeaway', 'completed', NULL, NULL, '2023-04-11 18:36:53', 1, 0, 0, 2027, 1, 1),
(720, 1, NULL, NULL, '2022-10-12 13:53:12', 'takeaway', 'completed', NULL, NULL, '2023-04-11 18:36:53', 1, 0, 0, 1960, 1, 1),
(721, 1, NULL, NULL, '2022-05-25 16:21:31', 'takeaway', 'completed', NULL, NULL, '2023-04-11 18:36:53', 1, 0, 0, 2860, 1, 1),
(722, 3, NULL, NULL, '2022-11-02 03:48:52', 'bulk', 'completed', NULL, NULL, '2023-04-11 18:36:53', 1, 0, 0, 2040, 1, 1),
(723, 13, NULL, NULL, '2023-04-26 20:02:57', 'dine-in', 'completed', NULL, NULL, '2023-05-08 12:47:28', 1, 0, 0, 6000, 1, 1),
(724, 10, NULL, NULL, '2022-08-29 11:28:37', 'dine-in', 'completed', NULL, NULL, '2023-04-11 18:36:53', 1, 0, 0, 1423, 1, 1),
(725, 1, NULL, NULL, '2023-02-22 01:33:22', 'takeaway', 'completed', NULL, NULL, '2023-04-11 18:36:53', 1, 0, 0, 2800, 1, 1),
(726, 10, NULL, NULL, '2022-12-07 02:21:39', 'dine-in', 'completed', NULL, NULL, '2023-04-11 18:36:53', 1, 0, 0, 2692, 1, 1),
(727, 2, NULL, NULL, '2022-09-23 10:14:05', 'dine-in', 'completed', NULL, NULL, '2023-04-11 18:36:53', 1, 0, 0, 2284, 1, 1),
(728, 2, NULL, NULL, '2022-11-24 22:08:00', 'dine-in', 'completed', NULL, NULL, '2023-04-11 18:36:53', 1, 0, 0, 1442, 1, 1),
(729, 6, NULL, NULL, '2022-04-26 17:19:01', 'takeaway', 'completed', NULL, NULL, '2023-04-11 18:36:53', 1, 0, 0, 2400, 1, 1),
(730, 1, NULL, NULL, '2022-05-12 11:54:31', 'bulk', 'completed', NULL, NULL, '2023-04-11 18:36:53', 1, 0, 0, 2804, 1, 1),
(731, 6, NULL, '', '2023-04-09 01:45:14', 'dine-in', 'completed', '2023-04-12 16:01:03', NULL, '2023-04-15 04:36:57', 1, 0, 0, 2000, 1, 1),
(732, 6, NULL, NULL, '2022-09-08 07:42:22', 'takeaway', 'completed', NULL, NULL, '2023-04-11 18:36:53', 1, 0, 0, 1849, 1, 1),
(733, 10, NULL, NULL, '2023-01-31 05:51:56', 'takeaway', 'completed', NULL, NULL, '2023-04-11 18:36:53', 1, 0, 0, 600, 1, 1),
(734, 10, NULL, NULL, '2022-05-02 10:49:10', 'bulk', 'completed', NULL, NULL, '2023-04-11 18:36:53', 1, 0, 0, 2500, 1, 1),
(735, 1, NULL, NULL, '2022-04-01 12:04:14', 'takeaway', 'completed', NULL, NULL, '2023-04-11 18:36:53', 1, 0, 0, 900, 1, 1),
(736, 10, NULL, NULL, '2022-11-30 15:13:13', 'takeaway', 'completed', NULL, NULL, '2023-04-11 18:36:53', 1, 0, 0, 1928, 1, 1),
(737, 13, NULL, NULL, '2023-03-06 18:51:11', 'takeaway', 'completed', NULL, NULL, '2023-04-11 18:36:53', 1, 0, 0, 0, 1, 1),
(738, 1, NULL, NULL, '2023-04-13 10:26:01', 'takeaway', 'completed', NULL, NULL, '2023-04-15 04:36:57', 1, 0, 0, 7000, 1, 1),
(739, 3, NULL, NULL, '2023-04-29 11:57:49', 'takeaway', 'completed', NULL, NULL, '2023-05-08 12:47:28', 1, 0, 0, 3600, 1, 1),
(740, 2, NULL, NULL, '2023-03-04 03:54:39', 'bulk', 'completed', NULL, NULL, '2023-04-11 18:36:53', 1, 0, 0, 0, 1, 1),
(741, 1, NULL, NULL, '2022-06-17 08:35:33', 'dine-in', 'completed', NULL, NULL, '2023-04-11 18:36:53', 1, 0, 0, 2650, 1, 1),
(742, 13, NULL, NULL, '2022-03-29 16:12:24', 'dine-in', 'completed', NULL, NULL, '2023-04-11 18:36:53', 1, 0, 0, 4000, 1, 1),
(743, 1, NULL, NULL, '2023-03-08 15:31:37', 'takeaway', 'completed', NULL, NULL, '2023-04-11 18:36:53', 1, 0, 0, 0, 1, 1),
(744, 3, NULL, NULL, '2023-02-03 08:19:00', 'bulk', 'completed', NULL, NULL, '2023-04-11 18:36:53', 1, 0, 0, 2000, 1, 1),
(745, 2, NULL, NULL, '2023-02-18 01:05:15', 'dine-in', 'completed', NULL, NULL, '2023-04-11 18:36:53', 1, 0, 0, 6800, 1, 1),
(746, 2, NULL, NULL, '2022-05-10 06:24:09', 'dine-in', 'completed', NULL, NULL, '2023-04-11 18:36:53', 1, 0, 0, 2185, 1, 1),
(747, 13, NULL, NULL, '2022-06-27 20:25:13', 'dine-in', 'completed', NULL, NULL, '2023-04-11 18:36:53', 1, 0, 0, 1778, 1, 1),
(748, 2, NULL, NULL, '2022-09-21 03:37:55', 'takeaway', 'completed', NULL, NULL, '2023-04-11 18:36:53', 1, 0, 0, 2973, 1, 1),
(749, 6, NULL, NULL, '2022-11-13 18:53:53', 'dine-in', 'completed', NULL, NULL, '2023-04-11 18:36:53', 1, 0, 0, 1196, 1, 1),
(750, 3, NULL, NULL, '2022-04-17 01:37:21', 'bulk', 'completed', NULL, NULL, '2023-04-11 18:36:53', 1, 0, 0, 1700, 1, 1),
(752, 1, NULL, NULL, '2023-01-17 09:23:24', 'takeaway', 'completed', NULL, NULL, '2023-04-11 18:36:53', 1, 0, 0, 1200, 1, 1),
(753, 3, NULL, NULL, '2023-01-26 20:47:08', 'dine-in', 'completed', NULL, NULL, '2023-04-11 18:36:53', 1, 0, 0, 4900, 1, 1),
(754, 2, NULL, NULL, '2023-02-25 20:43:27', 'takeaway', 'completed', NULL, NULL, '2023-04-11 18:36:53', 1, 0, 0, 2400, 1, 1),
(755, 1, NULL, NULL, '2022-05-06 15:49:52', 'bulk', 'completed', NULL, NULL, '2023-04-11 18:36:53', 1, 0, 0, 2477, 1, 1),
(756, 13, NULL, NULL, '2022-07-09 01:33:09', 'takeaway', 'completed', NULL, NULL, '2023-04-11 18:36:53', 1, 0, 0, 1836, 1, 1),
(757, 13, NULL, NULL, '2023-01-14 18:13:32', 'dine-in', 'completed', NULL, NULL, '2023-04-11 18:36:53', 1, 0, 0, 6500, 1, 1),
(758, 6, NULL, NULL, '2023-02-08 05:28:20', 'dine-in', 'completed', NULL, NULL, '2023-04-11 18:36:53', 1, 0, 0, 2400, 1, 1),
(759, 10, NULL, NULL, '2022-06-15 05:12:07', 'takeaway', 'completed', NULL, NULL, '2023-04-11 18:36:53', 1, 0, 0, 2957, 1, 1),
(760, 1, NULL, NULL, '2023-04-20 03:08:26', 'dine-in', 'completed', NULL, NULL, '2023-05-08 12:47:28', 1, 0, 0, 2500, 1, 1),
(761, 1, NULL, NULL, '2023-03-03 03:47:03', 'takeaway', 'completed', NULL, NULL, '2023-04-11 18:36:53', 1, 0, 0, 0, 1, 1),
(762, 6, NULL, NULL, '2022-12-02 13:55:01', 'dine-in', 'completed', NULL, NULL, '2023-04-11 18:36:53', 1, 0, 0, 2757, 1, 1),
(763, 13, NULL, NULL, '2022-06-19 14:14:18', 'dine-in', 'completed', NULL, NULL, '2023-04-11 18:36:53', 1, 0, 0, 2642, 1, 1),
(764, 2, NULL, NULL, '2022-08-21 05:02:22', 'dine-in', 'completed', NULL, NULL, '2023-04-11 18:36:53', 1, 0, 0, 2600, 1, 1),
(765, 2, NULL, NULL, '2022-11-23 18:02:54', 'dine-in', 'completed', NULL, NULL, '2023-04-11 18:36:53', 1, 0, 0, 2946, 1, 1),
(766, 6, NULL, NULL, '2022-07-25 11:51:55', 'takeaway', 'completed', NULL, NULL, '2023-04-11 18:36:53', 1, 0, 0, 1145, 1, 1),
(767, 3, NULL, NULL, '2023-04-21 17:53:58', 'dine-in', 'completed', NULL, NULL, '2023-05-08 12:47:28', 1, 0, 0, 2600, 1, 1),
(768, 1, NULL, NULL, '2022-10-13 09:27:53', 'dine-in', 'completed', NULL, NULL, '2023-04-11 18:36:53', 1, 0, 0, 1091, 1, 1),
(769, 2, NULL, NULL, '2022-07-03 16:54:19', 'bulk', 'completed', NULL, NULL, '2023-04-11 18:36:53', 1, 0, 0, 1209, 1, 1),
(770, 1, NULL, NULL, '2022-05-13 13:29:48', 'dine-in', 'completed', NULL, NULL, '2023-04-11 18:36:53', 1, 0, 0, 1394, 1, 1),
(771, 10, NULL, NULL, '2022-11-20 23:11:08', 'takeaway', 'completed', NULL, NULL, '2023-04-11 18:36:53', 1, 0, 0, 1818, 1, 1),
(772, 10, NULL, NULL, '2023-02-25 18:44:55', 'dine-in', 'completed', NULL, NULL, '2023-04-11 18:36:53', 1, 0, 0, 2300, 1, 1),
(773, 1, NULL, NULL, '2022-11-16 05:02:14', 'takeaway', 'completed', NULL, NULL, '2023-04-11 18:36:53', 1, 0, 0, 2983, 1, 1),
(774, 1, NULL, NULL, '2022-04-17 15:17:33', 'takeaway', 'completed', NULL, NULL, '2023-04-11 18:36:53', 1, 0, 0, 4600, 1, 1),
(775, 1, NULL, NULL, '2022-11-13 21:13:21', 'takeaway', 'completed', NULL, NULL, '2023-04-11 18:36:53', 1, 0, 0, 2040, 1, 1),
(776, 10, NULL, NULL, '2023-01-19 09:36:25', 'dine-in', 'completed', NULL, NULL, '2023-04-11 18:36:53', 1, 0, 0, 500, 1, 1),
(777, 10, NULL, NULL, '2022-04-21 19:48:38', 'dine-in', 'completed', NULL, NULL, '2023-04-11 18:36:53', 1, 0, 0, 3500, 1, 1),
(778, 1, NULL, NULL, '2023-01-29 04:19:12', 'takeaway', 'completed', NULL, NULL, '2023-04-11 18:36:53', 1, 0, 0, 6500, 1, 1),
(779, 3, NULL, NULL, '2022-03-26 03:04:27', 'dine-in', 'completed', NULL, NULL, '2023-04-11 18:36:53', 1, 0, 0, 5100, 1, 1),
(780, 10, NULL, NULL, '2022-12-08 17:46:29', 'bulk', 'completed', NULL, NULL, '2023-04-11 18:36:53', 1, 0, 0, 2235, 1, 1),
(781, 2, NULL, NULL, '2022-04-22 03:26:23', 'takeaway', 'completed', NULL, NULL, '2023-04-11 18:36:53', 1, 0, 0, 1500, 1, 1),
(782, 10, NULL, NULL, '2023-03-02 10:58:58', 'dine-in', 'completed', NULL, NULL, '2023-04-11 18:36:53', 1, 0, 0, 2700, 1, 1),
(783, 1, NULL, '', '2023-05-08 20:21:56', 'dine-in', 'completed', NULL, NULL, '2023-04-30 15:05:07', 1, 75, 0, 1575, 1, 1),
(784, 1, NULL, NULL, '2022-05-22 06:14:20', 'dine-in', 'completed', NULL, NULL, '2023-04-11 18:36:53', 1, 0, 0, 1538, 1, 1),
(785, 2, NULL, NULL, '2023-04-06 14:35:25', 'takeaway', 'completed', NULL, NULL, '2023-04-11 18:36:53', 1, 0, 0, 600, 1, 1),
(786, 3, NULL, NULL, '2022-06-11 18:28:03', 'takeaway', 'completed', NULL, NULL, '2023-04-11 18:36:53', 1, 0, 0, 1708, 1, 1),
(787, 13, NULL, NULL, '2023-03-12 19:16:36', 'takeaway', 'completed', NULL, NULL, '2023-04-11 18:36:53', 1, 0, 0, 6100, 1, 1),
(788, 2, NULL, NULL, '2023-01-19 02:25:24', 'dine-in', 'completed', NULL, NULL, '2023-04-11 18:36:53', 1, 0, 0, 0, 1, 1),
(789, 1, NULL, NULL, '2023-03-26 11:21:37', 'takeaway', 'completed', NULL, NULL, '2023-04-11 18:36:53', 1, 0, 0, 5200, 1, 1),
(790, 3, NULL, NULL, '2023-03-03 07:14:56', 'dine-in', 'completed', NULL, NULL, '2023-04-11 18:36:53', 1, 0, 0, 0, 1, 1),
(791, 3, NULL, NULL, '2022-04-19 08:06:11', 'takeaway', 'completed', NULL, NULL, '2023-04-11 18:36:53', 1, 0, 0, 2800, 1, 1),
(792, 2, NULL, NULL, '2023-02-27 08:16:39', 'takeaway', 'completed', NULL, NULL, '2023-04-11 18:36:53', 1, 0, 0, 3800, 1, 1),
(793, 10, NULL, NULL, '2022-11-23 09:13:25', 'takeaway', 'completed', NULL, NULL, '2023-04-11 18:36:53', 1, 0, 0, 2917, 1, 1),
(794, 10, NULL, NULL, '2023-03-26 13:01:38', 'dine-in', 'completed', NULL, NULL, '2023-04-11 18:36:53', 1, 0, 0, 1800, 1, 1),
(795, 2, NULL, NULL, '2023-04-19 22:16:17', 'takeaway', 'completed', NULL, NULL, '2023-05-08 12:47:28', 1, 0, 0, 1600, 1, 1),
(796, 10, NULL, NULL, '2022-11-11 22:24:08', 'takeaway', 'completed', NULL, NULL, '2023-04-11 18:36:53', 1, 0, 0, 1383, 1, 1),
(797, 1, NULL, NULL, '2023-02-11 06:45:54', 'dine-in', 'completed', NULL, NULL, '2023-04-11 18:36:53', 1, 0, 0, 3800, 1, 1),
(798, 2, NULL, NULL, '2022-06-10 20:22:37', 'takeaway', 'completed', NULL, NULL, '2023-04-11 18:36:53', 1, 0, 0, 2829, 1, 1),
(799, 1, NULL, NULL, '2022-11-15 09:58:27', 'dine-in', 'completed', NULL, NULL, '2023-04-11 18:36:53', 1, 0, 0, 1994, 1, 1),
(800, 10, NULL, NULL, '2022-11-06 23:55:12', 'takeaway', 'completed', NULL, NULL, '2023-04-11 18:36:53', 1, 0, 0, 2075, 1, 1),
(801, 10, NULL, NULL, '2022-06-26 16:08:32', 'dine-in', 'completed', NULL, NULL, '2023-04-11 18:36:53', 1, 0, 0, 2103, 1, 1),
(802, 10, NULL, NULL, '2022-08-27 08:21:33', 'takeaway', 'completed', NULL, NULL, '2023-04-11 18:36:53', 1, 0, 0, 2745, 1, 1),
(803, 1, NULL, NULL, '2022-07-16 03:30:33', 'takeaway', 'completed', NULL, NULL, '2023-04-11 18:36:53', 1, 0, 0, 2612, 1, 1),
(804, 2, NULL, NULL, '2022-05-18 00:52:06', 'bulk', 'completed', NULL, NULL, '2023-04-11 18:36:53', 1, 0, 0, 2985, 1, 1),
(805, 10, NULL, NULL, '2023-01-25 10:16:18', 'dine-in', 'completed', NULL, NULL, '2023-04-11 18:36:53', 1, 0, 0, 5100, 1, 1);
INSERT INTO `orders` (`order_id`, `reg_customer_id`, `guest_id`, `request`, `time_placed`, `type`, `status`, `scheduled_time`, `table_id`, `time_completed`, `promo`, `service_charge`, `tip`, `total_cost`, `paid`, `collected`) VALUES
(806, 6, NULL, NULL, '2022-08-23 02:32:15', 'bulk', 'completed', NULL, NULL, '2023-04-11 18:36:53', 1, 0, 0, 2497, 1, 1),
(807, 3, NULL, NULL, '2023-02-05 07:18:17', 'takeaway', 'completed', NULL, NULL, '2023-04-11 18:36:53', 1, 0, 0, 2600, 1, 1),
(808, 13, NULL, NULL, '2023-05-04 11:56:42', 'dine-in', 'completed', NULL, NULL, '2023-05-08 12:47:28', 1, 0, 0, 5800, 1, 1),
(809, 13, NULL, NULL, '2023-03-31 10:12:55', 'takeaway', 'completed', NULL, NULL, '2023-04-11 18:36:53', 1, 0, 0, 0, 1, 1),
(810, 6, NULL, NULL, '2023-03-27 09:26:30', 'dine-in', 'completed', NULL, NULL, '2023-04-11 18:36:53', 1, 0, 0, 600, 1, 1),
(811, 3, NULL, NULL, '2022-08-28 02:17:38', 'dine-in', 'completed', NULL, NULL, '2023-04-11 18:36:53', 1, 0, 0, 2985, 1, 1),
(812, 1, NULL, NULL, '2023-04-25 22:34:15', 'bulk', 'completed', NULL, NULL, '2023-05-08 12:47:28', 1, 0, 0, 4600, 1, 1),
(813, 13, NULL, NULL, '2023-01-20 07:38:47', 'dine-in', 'completed', NULL, NULL, '2023-04-11 18:36:53', 1, 0, 0, 3200, 1, 1),
(814, 1, NULL, NULL, '2022-05-12 21:26:11', 'dine-in', 'completed', NULL, NULL, '2023-04-11 18:36:53', 1, 0, 0, 1594, 1, 1),
(815, 6, NULL, NULL, '2022-11-26 15:16:15', 'dine-in', 'completed', NULL, NULL, '2023-04-11 18:36:53', 1, 0, 0, 1177, 1, 1),
(816, 10, NULL, NULL, '2022-12-28 02:58:00', 'takeaway', 'completed', NULL, NULL, '2023-04-11 18:36:53', 1, 0, 0, 2200, 1, 1),
(817, 13, NULL, NULL, '2022-03-21 06:15:49', 'takeaway', 'completed', NULL, NULL, '2023-04-11 18:36:53', 1, 0, 0, 1800, 1, 1),
(818, 3, NULL, NULL, '2022-05-20 11:32:42', 'takeaway', 'completed', NULL, NULL, '2023-04-11 18:36:53', 1, 0, 0, 2721, 1, 1),
(819, 6, NULL, NULL, '2022-09-16 10:24:14', 'takeaway', 'completed', NULL, NULL, '2023-04-11 18:36:53', 1, 0, 0, 1919, 1, 1),
(820, 13, NULL, NULL, '2022-04-04 06:04:37', 'takeaway', 'completed', NULL, NULL, '2023-04-11 18:36:53', 1, 0, 0, 0, 1, 1),
(821, 6, NULL, NULL, '2023-01-13 13:37:01', 'dine-in', 'completed', NULL, NULL, '2023-04-11 18:36:53', 1, 0, 0, 0, 1, 1),
(822, 2, NULL, NULL, '2022-06-07 20:01:28', 'dine-in', 'completed', NULL, NULL, '2023-04-11 18:36:53', 1, 0, 0, 2157, 1, 1),
(823, 2, NULL, NULL, '2023-01-18 21:37:57', 'dine-in', 'completed', NULL, NULL, '2023-04-11 18:36:53', 1, 0, 0, 1200, 1, 1),
(824, 2, NULL, NULL, '2023-03-31 03:05:10', 'takeaway', 'completed', NULL, NULL, '2023-04-11 18:36:53', 1, 0, 0, 800, 1, 1),
(825, 1, NULL, NULL, '2022-03-30 13:32:02', 'dine-in', 'completed', NULL, NULL, '2023-04-11 18:36:53', 1, 0, 0, 1300, 1, 1),
(826, 6, NULL, NULL, '2023-03-11 19:17:56', 'dine-in', 'completed', NULL, NULL, '2023-04-11 18:36:53', 1, 0, 0, 1500, 1, 1),
(827, 10, NULL, NULL, '2023-04-07 20:27:40', 'takeaway', 'completed', NULL, NULL, '2023-04-11 18:36:53', 1, 0, 0, 4300, 1, 1),
(828, 10, NULL, NULL, '2022-10-04 09:05:05', 'takeaway', 'completed', NULL, NULL, '2023-04-11 18:36:53', 1, 0, 0, 1113, 1, 1),
(829, 2, NULL, NULL, '2023-03-22 15:22:49', 'dine-in', 'completed', NULL, NULL, '2023-04-11 18:36:53', 1, 0, 0, 0, 1, 1),
(830, 1, NULL, NULL, '2022-04-08 20:47:43', 'dine-in', 'completed', NULL, NULL, '2023-04-11 18:36:53', 1, 0, 0, 3800, 1, 1),
(831, 13, NULL, NULL, '2022-08-13 13:31:58', 'dine-in', 'completed', NULL, NULL, '2023-04-11 18:36:53', 1, 0, 0, 1572, 1, 1),
(832, 6, NULL, NULL, '2022-04-12 18:33:24', 'takeaway', 'completed', NULL, NULL, '2023-04-11 18:36:53', 1, 0, 0, 3000, 1, 1),
(833, 6, NULL, NULL, '2022-08-03 20:04:37', 'bulk', 'completed', NULL, NULL, '2023-04-11 18:36:53', 1, 0, 0, 2904, 1, 1),
(834, 2, NULL, NULL, '2022-10-02 12:16:10', 'takeaway', 'completed', NULL, NULL, '2023-04-11 18:36:53', 1, 0, 0, 2079, 1, 1),
(835, 6, NULL, NULL, '2022-11-27 10:38:01', 'takeaway', 'completed', NULL, NULL, '2023-04-11 18:36:53', 1, 0, 0, 2454, 1, 1),
(836, 6, NULL, NULL, '2023-02-23 23:47:01', 'takeaway', 'completed', NULL, NULL, '2023-04-11 18:36:53', 1, 0, 0, 1200, 1, 1),
(837, 1, NULL, NULL, '2023-05-07 11:38:41', 'takeaway', 'completed', NULL, NULL, '2023-05-08 12:47:28', 1, 0, 0, 9400, 1, 1),
(838, 1, NULL, NULL, '2022-07-28 08:56:29', 'takeaway', 'completed', NULL, NULL, '2023-04-11 18:36:53', 1, 0, 0, 1549, 1, 1),
(839, 2, NULL, NULL, '2022-05-28 14:06:06', 'dine-in', 'completed', NULL, NULL, '2023-04-11 18:36:53', 1, 0, 0, 2673, 1, 1),
(840, 6, NULL, NULL, '2023-03-12 16:42:44', 'dine-in', 'completed', NULL, NULL, '2023-04-11 18:36:53', 1, 0, 0, 0, 1, 1),
(841, 1, NULL, NULL, '2022-06-12 10:15:10', 'dine-in', 'completed', NULL, NULL, '2023-04-11 18:36:53', 1, 0, 0, 1617, 1, 1),
(842, 6, NULL, NULL, '2022-03-23 00:52:37', 'takeaway', 'completed', NULL, NULL, '2023-04-11 18:36:53', 1, 0, 0, 1800, 1, 1),
(843, 13, NULL, NULL, '2023-02-22 12:16:14', 'takeaway', 'completed', NULL, NULL, '2023-04-11 18:36:53', 1, 0, 0, 7200, 1, 1),
(844, 6, NULL, NULL, '2022-12-06 21:26:38', 'dine-in', 'completed', NULL, NULL, '2023-04-11 18:36:53', 1, 0, 0, 1979, 1, 1),
(845, 13, NULL, NULL, '2023-04-18 20:57:56', 'takeaway', 'completed', NULL, NULL, '2023-05-08 12:47:28', 1, 0, 0, 6200, 1, 1),
(846, 6, NULL, NULL, '2022-10-05 17:58:34', 'dine-in', 'completed', NULL, NULL, '2023-04-11 18:36:53', 1, 0, 0, 2690, 1, 1),
(847, 13, NULL, NULL, '2022-06-21 21:32:42', 'takeaway', 'completed', NULL, NULL, '2023-04-11 18:36:53', 1, 0, 0, 1558, 1, 1),
(848, 13, NULL, NULL, '2022-07-30 12:39:28', 'takeaway', 'completed', NULL, NULL, '2023-04-11 18:36:53', 1, 0, 0, 2944, 1, 1),
(849, 10, NULL, NULL, '2023-02-05 00:41:11', 'takeaway', 'completed', NULL, NULL, '2023-04-11 18:36:53', 1, 0, 0, 5200, 1, 1),
(850, 3, NULL, NULL, '2022-03-26 02:20:07', 'dine-in', 'completed', NULL, NULL, '2023-04-11 18:36:53', 1, 0, 0, 2400, 1, 1),
(851, 6, NULL, NULL, '2023-03-09 02:34:23', 'takeaway', 'completed', NULL, NULL, '2023-04-11 18:36:53', 1, 0, 0, 4400, 1, 1),
(852, 13, NULL, NULL, '2022-12-11 11:48:38', 'bulk', 'completed', NULL, NULL, '2023-04-11 18:36:53', 1, 0, 0, 1936, 1, 1),
(853, 10, NULL, NULL, '2023-04-18 18:13:32', 'takeaway', 'completed', NULL, NULL, '2023-05-08 12:47:28', 1, 0, 0, 8000, 1, 1),
(854, 2, NULL, NULL, '2022-06-26 11:48:38', 'takeaway', 'completed', NULL, NULL, '2023-04-11 18:36:53', 1, 0, 0, 2938, 1, 1),
(855, 3, NULL, NULL, '2022-12-21 04:55:32', 'dine-in', 'completed', NULL, NULL, '2023-04-11 18:36:53', 1, 0, 0, 600, 1, 1),
(856, 13, NULL, NULL, '2022-07-23 02:48:47', 'takeaway', 'completed', NULL, NULL, '2023-04-11 18:36:53', 1, 0, 0, 1610, 1, 1),
(857, 13, NULL, NULL, '2023-02-22 23:37:45', 'takeaway', 'completed', NULL, NULL, '2023-04-11 18:36:53', 1, 0, 0, 500, 1, 1),
(858, 3, NULL, NULL, '2023-02-10 01:25:33', 'takeaway', 'completed', NULL, NULL, '2023-04-11 18:36:53', 1, 0, 0, 1600, 1, 1),
(859, 1, NULL, NULL, '2022-12-29 02:05:50', 'dine-in', 'completed', NULL, NULL, '2023-04-11 18:36:53', 1, 0, 0, 3600, 1, 1),
(860, 1, NULL, NULL, '2022-05-26 22:38:34', 'takeaway', 'completed', NULL, NULL, '2023-04-11 18:36:53', 1, 0, 0, 1283, 1, 1),
(861, 1, NULL, NULL, '2023-02-14 20:35:36', 'takeaway', 'completed', NULL, NULL, '2023-04-11 18:36:53', 1, 0, 0, 4600, 1, 1),
(862, 10, NULL, NULL, '2022-11-12 16:19:40', 'takeaway', 'completed', NULL, NULL, '2023-04-11 18:36:53', 1, 0, 0, 1243, 1, 1),
(863, 13, NULL, NULL, '2022-10-04 08:20:07', 'takeaway', 'completed', NULL, NULL, '2023-04-11 18:36:53', 1, 0, 0, 2976, 1, 1),
(864, 3, NULL, NULL, '2022-05-10 18:17:56', 'dine-in', 'completed', NULL, NULL, '2023-04-11 18:36:53', 1, 0, 0, 1276, 1, 1),
(865, 13, NULL, NULL, '2022-09-25 09:05:11', 'bulk', 'completed', NULL, NULL, '2023-04-11 18:36:53', 1, 0, 0, 2149, 1, 1),
(866, 13, NULL, NULL, '2023-03-19 18:52:29', 'takeaway', 'completed', NULL, NULL, '2023-04-11 18:36:53', 1, 0, 0, 11900, 1, 1),
(867, 13, NULL, NULL, '2022-07-20 02:06:34', 'dine-in', 'completed', NULL, NULL, '2023-04-11 18:36:53', 1, 0, 0, 1835, 1, 1),
(868, 13, NULL, NULL, '2023-01-02 03:11:51', 'dine-in', 'completed', NULL, NULL, '2023-04-11 18:36:53', 1, 0, 0, 8500, 1, 1),
(869, 1, NULL, NULL, '2022-09-02 09:06:48', 'dine-in', 'completed', NULL, NULL, '2023-04-11 18:36:53', 1, 0, 0, 2675, 1, 1),
(870, 6, NULL, NULL, '2023-02-02 11:10:41', 'dine-in', 'completed', NULL, NULL, '2023-04-11 18:36:53', 1, 0, 0, 3800, 1, 1),
(871, 3, NULL, NULL, '2022-12-17 12:07:32', 'takeaway', 'completed', NULL, NULL, '2023-04-11 18:36:53', 1, 0, 0, 2290, 1, 1),
(872, 6, NULL, NULL, '2022-10-05 18:46:45', 'dine-in', 'completed', NULL, NULL, '2023-04-11 18:36:53', 1, 0, 0, 2627, 1, 1),
(873, 10, NULL, NULL, '2022-11-11 01:27:27', 'dine-in', 'completed', NULL, NULL, '2023-04-11 18:36:53', 1, 0, 0, 1939, 1, 1),
(874, 13, NULL, NULL, '2023-02-13 18:48:07', 'dine-in', 'completed', NULL, NULL, '2023-04-11 18:36:53', 1, 0, 0, 4400, 1, 1),
(875, 10, NULL, NULL, '2022-09-11 09:46:47', 'takeaway', 'completed', NULL, NULL, '2023-04-11 18:36:53', 1, 0, 0, 2180, 1, 1),
(876, 3, NULL, NULL, '2022-09-25 13:11:05', 'takeaway', 'completed', NULL, NULL, '2023-04-11 18:36:53', 1, 0, 0, 1755, 1, 1),
(877, 6, NULL, NULL, '2022-08-27 17:09:44', 'takeaway', 'completed', NULL, NULL, '2023-04-11 18:36:53', 1, 0, 0, 1827, 1, 1),
(878, 10, NULL, NULL, '2022-08-19 17:11:49', 'takeaway', 'completed', NULL, NULL, '2023-04-11 18:36:53', 1, 0, 0, 1118, 1, 1),
(879, 1, NULL, NULL, '2022-04-26 20:07:15', 'takeaway', 'completed', NULL, NULL, '2023-04-11 18:36:53', 1, 0, 0, 3600, 1, 1),
(880, 2, NULL, NULL, '2023-04-02 12:46:17', 'dine-in', 'completed', NULL, NULL, '2023-04-11 18:36:53', 1, 0, 0, 4000, 1, 1),
(881, 13, NULL, NULL, '2023-03-23 09:21:26', 'dine-in', 'completed', NULL, NULL, '2023-04-11 18:36:53', 1, 0, 0, 5800, 1, 1),
(882, 6, NULL, NULL, '2023-02-17 19:04:41', 'dine-in', 'completed', NULL, NULL, '2023-04-11 18:36:53', 1, 0, 0, 2200, 1, 1),
(883, 3, NULL, NULL, '2023-03-26 11:45:51', 'takeaway', 'completed', NULL, NULL, '2023-04-11 18:36:53', 1, 0, 0, 8400, 1, 1),
(884, 10, NULL, NULL, '2023-03-22 19:07:49', 'takeaway', 'completed', NULL, NULL, '2023-04-11 18:36:53', 1, 0, 0, 0, 1, 1),
(885, 10, NULL, NULL, '2023-04-24 14:35:00', 'takeaway', 'completed', NULL, NULL, '2023-05-08 12:47:28', 1, 0, 0, 800, 1, 1),
(886, 6, NULL, NULL, '2022-10-12 05:12:26', 'takeaway', 'completed', NULL, NULL, '2023-04-11 18:36:53', 1, 0, 0, 1629, 1, 1),
(887, 13, NULL, NULL, '2022-08-23 04:47:03', 'dine-in', 'completed', NULL, NULL, '2023-04-11 18:36:53', 1, 0, 0, 1731, 1, 1),
(888, 1, NULL, NULL, '2023-01-14 00:17:14', 'takeaway', 'completed', NULL, NULL, '2023-04-11 18:36:53', 1, 0, 0, 600, 1, 1),
(889, 6, NULL, NULL, '2023-02-08 07:10:38', 'dine-in', 'completed', NULL, NULL, '2023-04-11 18:36:53', 1, 0, 0, 2000, 1, 1),
(890, 13, NULL, NULL, '2022-03-27 22:37:25', 'dine-in', 'completed', NULL, NULL, '2023-04-11 18:36:53', 1, 0, 0, 1500, 1, 1),
(891, 1, NULL, NULL, '2022-06-30 22:43:54', 'dine-in', 'completed', NULL, NULL, '2023-04-11 18:36:53', 1, 0, 0, 1747, 1, 1),
(892, 10, NULL, NULL, '2022-08-25 18:21:08', 'takeaway', 'completed', NULL, NULL, '2023-04-11 18:36:53', 1, 0, 0, 1028, 1, 1),
(893, 2, NULL, NULL, '2022-06-26 06:47:03', 'takeaway', 'completed', NULL, NULL, '2023-04-11 18:36:53', 1, 0, 0, 1774, 1, 1),
(894, 10, NULL, NULL, '2022-03-24 07:51:10', 'takeaway', 'completed', NULL, NULL, '2023-04-11 18:36:53', 1, 0, 0, 300, 1, 1),
(895, 3, NULL, NULL, '2022-08-10 14:50:52', 'dine-in', 'completed', NULL, NULL, '2023-04-11 18:36:53', 1, 0, 0, 1450, 1, 1),
(896, 1, NULL, NULL, '2022-04-20 20:34:24', 'takeaway', 'completed', NULL, NULL, '2023-04-11 18:36:53', 1, 0, 0, 3200, 1, 1),
(897, 10, NULL, NULL, '2023-01-21 09:49:54', 'dine-in', 'completed', NULL, NULL, '2023-04-11 18:36:53', 1, 0, 0, 4000, 1, 1),
(898, 13, NULL, NULL, '2022-08-10 07:06:31', 'dine-in', 'completed', NULL, NULL, '2023-04-11 18:36:53', 1, 0, 0, 1193, 1, 1),
(899, 2, NULL, NULL, '2022-05-11 06:42:34', 'takeaway', 'completed', NULL, NULL, '2023-04-11 18:36:53', 1, 0, 0, 1184, 1, 1),
(900, 10, NULL, NULL, '2023-04-12 22:55:26', 'dine-in', 'completed', NULL, NULL, '2023-04-15 04:36:57', 1, 0, 0, 6200, 1, 1),
(901, 10, NULL, NULL, '2022-06-04 13:18:42', 'takeaway', 'completed', NULL, NULL, '2023-04-11 18:36:53', 1, 0, 0, 2228, 1, 1),
(902, 2, NULL, NULL, '2022-08-20 10:32:02', 'dine-in', 'completed', NULL, NULL, '2023-04-11 18:36:53', 1, 0, 0, 1729, 1, 1),
(903, 2, NULL, NULL, '2022-04-30 09:15:43', 'takeaway', 'completed', NULL, NULL, '2023-04-11 18:36:53', 1, 0, 0, 2600, 1, 1),
(904, 1, NULL, NULL, '2022-11-22 12:45:20', 'dine-in', 'completed', NULL, NULL, '2023-04-11 18:36:53', 1, 0, 0, 2020, 1, 1),
(905, 6, NULL, NULL, '2022-07-02 16:09:57', 'dine-in', 'completed', NULL, NULL, '2023-04-11 18:36:53', 1, 0, 0, 2682, 1, 1),
(906, 10, NULL, NULL, '2022-04-27 14:08:55', 'takeaway', 'completed', NULL, NULL, '2023-04-11 18:36:53', 1, 0, 0, 6000, 1, 1),
(907, 1, NULL, NULL, '2023-01-11 13:59:04', 'takeaway', 'completed', NULL, NULL, '2023-04-11 18:36:53', 1, 0, 0, 8500, 1, 1),
(908, 1, NULL, NULL, '2022-12-05 00:55:31', 'takeaway', 'completed', NULL, NULL, '2023-04-11 18:36:53', 1, 0, 0, 2740, 1, 1),
(909, 6, NULL, NULL, '2022-04-22 10:56:03', 'dine-in', 'completed', NULL, NULL, '2023-04-11 18:36:53', 1, 0, 0, 400, 1, 1),
(910, 2, NULL, NULL, '2022-05-02 00:52:33', 'takeaway', 'completed', NULL, NULL, '2023-04-11 18:36:53', 1, 0, 0, 1000, 1, 1),
(911, 13, NULL, NULL, '2023-03-05 14:41:31', 'takeaway', 'completed', NULL, NULL, '2023-04-11 18:36:53', 1, 0, 0, 4400, 1, 1),
(912, 1, NULL, NULL, '2022-10-20 12:42:58', 'dine-in', 'completed', NULL, NULL, '2023-04-11 18:36:53', 1, 0, 0, 1995, 1, 1),
(913, 3, NULL, NULL, '2022-05-29 17:47:45', 'dine-in', 'completed', NULL, NULL, '2023-04-11 18:36:53', 1, 0, 0, 1290, 1, 1),
(914, 6, NULL, NULL, '2022-08-03 09:23:43', 'dine-in', 'completed', NULL, NULL, '2023-04-11 18:36:53', 1, 0, 0, 1618, 1, 1),
(915, 13, NULL, NULL, '2022-05-22 09:06:17', 'bulk', 'completed', NULL, NULL, '2023-04-11 18:36:53', 1, 0, 0, 2351, 1, 1),
(916, 13, NULL, NULL, '2022-05-10 10:42:14', 'dine-in', 'completed', NULL, NULL, '2023-04-11 18:36:53', 1, 0, 0, 1443, 1, 1),
(917, 1, NULL, NULL, '2022-10-31 01:55:51', 'dine-in', 'completed', NULL, NULL, '2023-04-11 18:36:53', 1, 0, 0, 2531, 1, 1),
(918, 2, NULL, NULL, '2022-03-18 06:56:05', 'dine-in', 'completed', NULL, NULL, '2023-04-11 18:36:53', 1, 0, 0, 4000, 1, 1),
(919, 3, NULL, NULL, '2022-06-19 07:16:25', 'takeaway', 'completed', NULL, NULL, '2023-04-11 18:36:53', 1, 0, 0, 1561, 1, 1),
(920, 3, NULL, NULL, '2023-03-17 07:57:52', 'takeaway', 'completed', NULL, NULL, '2023-04-11 18:36:53', 1, 0, 0, 2000, 1, 1),
(921, 2, NULL, NULL, '2023-03-20 15:05:38', 'dine-in', 'completed', NULL, NULL, '2023-04-11 18:36:53', 1, 0, 0, 5200, 1, 1),
(922, 2, NULL, NULL, '2022-11-19 15:07:37', 'takeaway', 'completed', NULL, NULL, '2023-04-11 18:36:53', 1, 0, 0, 2033, 1, 1),
(923, 10, NULL, NULL, '2023-05-08 03:04:13', 'takeaway', 'completed', NULL, NULL, '2023-05-09 03:37:05', 1, 0, 0, 5000, 0, 0),
(924, 6, NULL, NULL, '2022-07-14 19:03:15', 'dine-in', 'completed', NULL, NULL, '2023-04-11 18:36:53', 1, 0, 0, 2258, 1, 1),
(925, 10, NULL, NULL, '2022-05-12 11:26:01', 'dine-in', 'completed', NULL, NULL, '2023-04-11 18:36:53', 1, 0, 0, 2644, 1, 1),
(926, 1, NULL, NULL, '2022-07-24 14:38:23', 'bulk', 'completed', NULL, NULL, '2023-04-11 18:36:53', 1, 0, 0, 1295, 1, 1),
(927, 6, NULL, NULL, '2022-09-19 18:33:17', 'takeaway', 'completed', NULL, NULL, '2023-04-11 18:36:53', 1, 0, 0, 2930, 1, 1),
(928, 3, NULL, NULL, '2022-11-01 19:08:34', 'bulk', 'completed', NULL, NULL, '2023-04-11 18:36:53', 1, 0, 0, 1177, 1, 1),
(929, 6, NULL, NULL, '2022-04-11 08:14:43', 'dine-in', 'completed', NULL, NULL, '2023-04-11 18:36:53', 1, 0, 0, 800, 1, 1),
(930, 2, NULL, NULL, '2022-08-31 15:49:37', 'dine-in', 'completed', NULL, NULL, '2023-04-11 18:36:53', 1, 0, 0, 2374, 1, 1),
(931, 6, NULL, NULL, '2022-09-13 16:25:38', 'dine-in', 'completed', NULL, NULL, '2023-04-11 18:36:53', 1, 0, 0, 2790, 1, 1),
(932, 13, NULL, NULL, '2022-12-26 04:26:02', 'takeaway', 'completed', NULL, NULL, '2023-04-11 18:36:53', 1, 0, 0, 5600, 1, 1),
(933, 1, NULL, NULL, '2022-11-25 02:38:20', 'dine-in', 'completed', NULL, NULL, '2023-04-11 18:36:53', 1, 0, 0, 1335, 1, 1),
(934, 6, NULL, NULL, '2023-02-07 09:21:49', 'dine-in', 'completed', NULL, NULL, '2023-04-11 18:36:53', 1, 0, 0, 600, 1, 1),
(935, 3, NULL, NULL, '2022-08-03 13:58:35', 'takeaway', 'completed', NULL, NULL, '2023-04-11 18:36:53', 1, 0, 0, 1618, 1, 1),
(936, 3, NULL, NULL, '2022-07-10 22:12:35', 'takeaway', 'completed', NULL, NULL, '2023-04-11 18:36:53', 1, 0, 0, 2803, 1, 1),
(937, 10, NULL, NULL, '2022-09-25 01:35:15', 'takeaway', 'completed', NULL, NULL, '2023-04-11 18:36:53', 1, 0, 0, 2401, 1, 1),
(938, 3, NULL, NULL, '2022-07-21 21:41:39', 'takeaway', 'completed', NULL, NULL, '2023-04-11 18:36:53', 1, 0, 0, 1618, 1, 1),
(939, 6, NULL, NULL, '2023-02-15 07:13:14', 'bulk', 'completed', NULL, NULL, '2023-04-11 18:36:53', 1, 0, 0, 9500, 1, 1),
(940, 6, NULL, NULL, '2022-11-07 17:57:21', 'dine-in', 'completed', NULL, NULL, '2023-04-11 18:36:53', 1, 0, 0, 1287, 1, 1),
(941, 6, NULL, NULL, '2022-12-13 18:58:58', 'dine-in', 'completed', NULL, NULL, '2023-04-11 18:36:53', 1, 0, 0, 2962, 1, 1),
(942, 1, NULL, NULL, '2022-09-11 01:00:56', 'takeaway', 'completed', NULL, NULL, '2023-04-11 18:36:53', 1, 0, 0, 1278, 1, 1),
(943, 2, NULL, NULL, '2022-11-18 09:52:00', 'takeaway', 'completed', NULL, NULL, '2023-04-11 18:36:53', 1, 0, 0, 2466, 1, 1),
(944, 10, NULL, NULL, '2023-04-29 05:16:26', 'takeaway', 'completed', NULL, NULL, '2023-05-08 12:47:28', 1, 0, 0, 3400, 1, 1),
(945, 2, NULL, NULL, '2023-04-24 10:49:56', 'bulk', 'completed', NULL, NULL, '2023-05-08 12:47:28', 1, 0, 0, 0, 1, 1),
(946, 1, NULL, NULL, '2022-09-24 02:23:02', 'dine-in', 'completed', NULL, NULL, '2023-04-11 18:36:53', 1, 0, 0, 1690, 1, 1),
(947, 3, NULL, NULL, '2023-04-16 19:53:58', 'bulk', 'completed', NULL, NULL, '2023-05-08 12:47:28', 1, 0, 0, 1900, 1, 1),
(948, 3, NULL, NULL, '2022-12-01 22:14:42', 'bulk', 'completed', NULL, NULL, '2023-04-11 18:36:53', 1, 0, 0, 1564, 1, 1),
(949, 6, NULL, NULL, '2022-07-06 20:17:37', 'dine-in', 'completed', NULL, NULL, '2023-04-11 18:36:53', 1, 0, 0, 2294, 1, 1),
(950, 2, NULL, NULL, '2022-06-23 17:30:14', 'takeaway', 'completed', NULL, NULL, '2023-04-11 18:36:53', 1, 0, 0, 2357, 1, 1),
(951, 13, NULL, NULL, '2022-08-12 05:39:02', 'takeaway', 'completed', NULL, NULL, '2023-04-11 18:36:53', 1, 0, 0, 1145, 1, 1),
(952, 10, NULL, NULL, '2022-05-08 05:03:49', 'dine-in', 'completed', NULL, NULL, '2023-04-11 18:36:53', 1, 0, 0, 2469, 1, 1),
(954, 3, NULL, NULL, '2022-06-19 17:54:17', 'dine-in', 'completed', NULL, NULL, '2023-04-11 18:36:53', 1, 0, 0, 1426, 1, 1),
(955, 13, NULL, NULL, '2023-05-05 14:51:43', 'dine-in', 'completed', NULL, NULL, '2023-05-08 12:47:28', 1, 0, 0, 1500, 1, 1),
(956, 1, NULL, NULL, '2022-10-07 17:47:22', 'dine-in', 'completed', NULL, NULL, '2023-04-11 18:36:53', 1, 0, 0, 1683, 1, 1),
(957, 13, NULL, NULL, '2022-12-14 01:42:32', 'takeaway', 'completed', NULL, NULL, '2023-04-11 18:36:53', 1, 0, 0, 1979, 1, 1),
(958, 3, NULL, NULL, '2022-07-23 08:49:03', 'takeaway', 'completed', NULL, NULL, '2023-04-11 18:36:53', 1, 0, 0, 1891, 1, 1),
(959, 10, NULL, NULL, '2022-04-30 05:37:41', 'bulk', 'completed', NULL, NULL, '2023-04-11 18:36:53', 1, 0, 0, 5100, 1, 1),
(960, 2, NULL, NULL, '2023-04-22 15:48:43', 'dine-in', 'completed', NULL, NULL, '2023-05-08 12:47:28', 1, 0, 0, 600, 1, 1),
(961, 2, NULL, NULL, '2022-06-29 02:54:41', 'takeaway', 'completed', NULL, NULL, '2023-04-11 18:36:53', 1, 0, 0, 2512, 1, 1),
(962, 13, NULL, NULL, '2022-07-03 03:20:42', 'takeaway', 'completed', NULL, NULL, '2023-04-11 18:36:53', 1, 0, 0, 2096, 1, 1),
(963, 2, NULL, NULL, '2022-04-15 03:22:39', 'takeaway', 'completed', NULL, NULL, '2023-04-11 18:36:53', 1, 0, 0, 0, 1, 1),
(964, 2, NULL, NULL, '2022-07-02 21:11:36', 'bulk', 'completed', NULL, NULL, '2023-04-11 18:36:53', 1, 0, 0, 1782, 1, 1),
(965, 3, NULL, NULL, '2022-10-01 10:38:52', 'takeaway', 'completed', NULL, NULL, '2023-04-11 18:36:53', 1, 0, 0, 1976, 1, 1),
(966, 13, NULL, NULL, '2022-11-13 18:18:10', 'takeaway', 'completed', NULL, NULL, '2023-04-11 18:36:53', 1, 0, 0, 1879, 1, 1),
(967, 3, NULL, NULL, '2022-12-21 04:49:08', 'dine-in', 'completed', NULL, NULL, '2023-04-11 18:36:53', 1, 0, 0, 1600, 1, 1),
(968, 6, NULL, NULL, '2023-02-15 14:59:32', 'takeaway', 'completed', NULL, NULL, '2023-04-11 18:36:53', 1, 0, 0, 7500, 1, 1),
(969, 1, NULL, NULL, '2023-03-06 20:02:41', 'dine-in', 'completed', NULL, NULL, '2023-04-11 18:36:53', 1, 0, 0, 1500, 1, 1),
(970, 10, NULL, NULL, '2023-02-17 04:12:07', 'takeaway', 'completed', NULL, NULL, '2023-04-11 18:36:53', 1, 0, 0, 4000, 1, 1),
(971, 1, NULL, NULL, '2022-08-12 09:50:15', 'takeaway', 'completed', NULL, NULL, '2023-04-11 18:36:53', 1, 0, 0, 1555, 1, 1),
(972, 3, NULL, NULL, '2022-12-03 23:25:07', 'dine-in', 'completed', NULL, NULL, '2023-04-11 18:36:53', 1, 0, 0, 1129, 1, 1),
(973, 2, NULL, NULL, '2022-12-23 09:26:55', 'dine-in', 'completed', NULL, NULL, '2023-04-11 18:36:53', 1, 0, 0, 2500, 1, 1),
(974, 3, NULL, NULL, '2022-10-28 10:28:51', 'takeaway', 'completed', NULL, NULL, '2023-04-11 18:36:53', 1, 0, 0, 2936, 1, 1),
(975, 3, NULL, NULL, '2023-03-17 18:24:03', 'takeaway', 'completed', NULL, NULL, '2023-04-11 18:36:53', 1, 0, 0, 2600, 1, 1),
(976, 13, NULL, NULL, '2022-12-02 16:27:05', 'dine-in', 'completed', NULL, NULL, '2023-04-11 18:36:53', 1, 0, 0, 2600, 1, 1),
(977, 1, NULL, NULL, '2022-08-27 18:45:34', 'takeaway', 'completed', NULL, NULL, '2023-04-11 18:36:53', 1, 0, 0, 1314, 1, 1),
(978, 10, NULL, NULL, '2022-09-10 22:14:56', 'takeaway', 'completed', NULL, NULL, '2023-04-11 18:36:53', 1, 0, 0, 1659, 1, 1),
(979, 13, NULL, NULL, '2022-12-17 15:30:45', 'dine-in', 'completed', NULL, NULL, '2023-04-11 18:36:53', 1, 0, 0, 1911, 1, 1),
(980, 2, NULL, NULL, '2022-09-20 22:15:26', 'takeaway', 'completed', NULL, NULL, '2023-04-11 18:36:53', 1, 0, 0, 2037, 1, 1),
(981, 3, NULL, NULL, '2022-11-13 20:20:03', 'dine-in', 'completed', NULL, NULL, '2023-04-11 18:36:53', 1, 0, 0, 2301, 1, 1),
(982, 13, NULL, NULL, '2023-04-01 04:16:58', 'takeaway', 'completed', NULL, NULL, '2023-04-11 18:36:53', 1, 0, 0, 2500, 1, 1),
(983, 3, NULL, NULL, '2022-06-20 15:56:59', 'takeaway', 'completed', NULL, NULL, '2023-04-11 18:36:53', 1, 0, 0, 1049, 1, 1),
(984, 10, NULL, NULL, '2022-04-21 05:25:02', 'takeaway', 'completed', NULL, NULL, '2023-04-11 18:36:53', 1, 0, 0, 2000, 1, 1),
(985, 6, NULL, NULL, '2023-02-23 16:42:11', 'takeaway', 'completed', NULL, NULL, '2023-04-11 18:36:53', 1, 0, 0, 3800, 1, 1),
(986, 3, NULL, NULL, '2023-04-14 04:13:50', 'takeaway', 'completed', NULL, NULL, '2023-04-15 04:36:57', 1, 0, 0, 5500, 1, 1),
(987, 1, NULL, NULL, '2023-03-25 18:09:19', 'takeaway', 'completed', NULL, NULL, '2023-04-11 18:36:53', 1, 0, 0, 2000, 1, 1),
(988, 6, NULL, NULL, '2022-04-01 20:46:13', 'takeaway', 'completed', NULL, NULL, '2023-04-11 18:36:53', 1, 0, 0, 3800, 1, 1),
(989, 1, NULL, NULL, '2023-02-14 15:40:05', 'takeaway', 'completed', NULL, NULL, '2023-04-11 18:36:53', 1, 0, 0, 4800, 1, 1),
(990, 10, NULL, NULL, '2023-02-11 01:23:32', 'dine-in', 'completed', NULL, NULL, '2023-04-11 18:36:53', 1, 0, 0, 5200, 1, 1),
(991, 1, NULL, NULL, '2023-02-17 05:36:37', 'dine-in', 'completed', NULL, NULL, '2023-04-11 18:36:53', 1, 0, 0, 0, 1, 1),
(992, 2, NULL, NULL, '2023-01-08 02:53:56', 'takeaway', 'completed', NULL, NULL, '2023-04-11 18:36:53', 1, 0, 0, 1200, 1, 1),
(993, 13, NULL, NULL, '2022-12-04 05:42:46', 'takeaway', 'completed', NULL, NULL, '2023-04-11 18:36:53', 1, 0, 0, 1212, 1, 1),
(994, 13, NULL, NULL, '2023-04-28 19:24:17', 'dine-in', 'completed', NULL, NULL, '2023-05-08 12:47:28', 1, 0, 0, 4000, 1, 1),
(995, 10, NULL, NULL, '2022-04-29 13:49:14', 'dine-in', 'completed', NULL, NULL, '2023-04-11 18:36:53', 1, 0, 0, 5500, 1, 1),
(996, 1, NULL, NULL, '2022-07-14 16:22:03', 'takeaway', 'completed', NULL, NULL, '2023-04-11 18:36:53', 1, 0, 0, 1410, 1, 1),
(997, 1, NULL, NULL, '2022-07-12 06:41:26', 'dine-in', 'completed', NULL, NULL, '2023-04-11 18:36:53', 1, 0, 0, 1541, 1, 1),
(998, 10, NULL, NULL, '2022-03-16 19:52:05', 'takeaway', 'completed', NULL, NULL, '2023-04-11 18:36:53', 1, 0, 0, 800, 1, 1),
(999, 13, NULL, NULL, '2022-03-21 08:23:44', 'takeaway', 'completed', NULL, NULL, '2023-04-11 18:36:53', 1, 0, 0, 7500, 1, 1),
(1000, 6, NULL, NULL, '2022-10-29 20:07:07', 'bulk', 'completed', NULL, NULL, '2023-04-11 18:36:53', 1, 0, 0, 1645, 1, 1),
(1001, 13, NULL, NULL, '2023-03-01 03:53:55', 'dine-in', 'completed', NULL, NULL, '2023-04-11 18:36:53', 1, 0, 0, 1200, 1, 1),
(1002, 2, NULL, NULL, '2023-04-02 22:47:53', 'dine-in', 'completed', NULL, NULL, '2023-04-11 18:36:53', 1, 0, 0, 3800, 1, 1),
(1003, 1, NULL, NULL, '2022-09-25 22:08:13', 'dine-in', 'completed', NULL, NULL, '2023-04-11 18:36:53', 1, 0, 0, 1645, 1, 1),
(1004, 3, NULL, NULL, '2022-12-28 15:27:12', 'takeaway', 'completed', NULL, NULL, '2023-04-11 18:36:53', 1, 0, 0, 1200, 1, 1),
(1006, 1, NULL, NULL, '2022-10-20 14:54:01', 'dine-in', 'completed', NULL, NULL, '2023-04-11 18:36:53', 1, 0, 0, 2565, 1, 1),
(1007, 2, NULL, NULL, '2022-08-11 03:56:21', 'takeaway', 'completed', NULL, NULL, '2023-04-11 18:36:53', 1, 0, 0, 2747, 1, 1),
(1008, 6, NULL, NULL, '2022-04-05 10:16:38', 'dine-in', 'completed', NULL, NULL, '2023-04-11 18:36:53', 1, 0, 0, 1200, 1, 1),
(1009, 13, NULL, NULL, '2022-03-27 20:53:27', 'takeaway', 'completed', NULL, NULL, '2023-04-11 18:36:53', 1, 0, 0, 3600, 1, 1),
(1010, 13, NULL, NULL, '2022-10-29 05:33:05', 'takeaway', 'completed', NULL, NULL, '2023-04-11 18:36:53', 1, 0, 0, 2138, 1, 1),
(1011, 2, NULL, NULL, '2022-05-25 15:22:23', 'takeaway', 'completed', NULL, NULL, '2023-04-11 18:36:53', 1, 0, 0, 1682, 1, 1),
(1012, 1, NULL, NULL, '2022-08-25 03:54:14', 'takeaway', 'completed', NULL, NULL, '2023-04-11 18:36:53', 1, 0, 0, 2714, 1, 1),
(1013, 10, NULL, NULL, '2022-08-08 22:13:49', 'takeaway', 'completed', NULL, NULL, '2023-04-11 18:36:53', 1, 0, 0, 1745, 1, 1),
(1014, 1, NULL, NULL, '2022-08-29 04:07:04', 'takeaway', 'completed', NULL, NULL, '2023-04-11 18:36:53', 1, 0, 0, 1734, 1, 1),
(1015, 2, NULL, NULL, '2023-05-06 09:32:49', 'dine-in', 'completed', NULL, NULL, '2023-05-08 12:47:28', 1, 0, 0, 4100, 1, 1),
(1016, 10, NULL, NULL, '2023-01-20 05:29:59', 'dine-in', 'completed', NULL, NULL, '2023-04-11 18:36:53', 1, 0, 0, 0, 1, 1),
(1017, 2, NULL, NULL, '2022-11-25 14:07:39', 'dine-in', 'completed', NULL, NULL, '2023-04-11 18:36:53', 1, 0, 0, 2933, 1, 1),
(1018, 3, NULL, NULL, '2022-08-28 02:29:25', 'dine-in', 'completed', NULL, NULL, '2023-04-11 18:36:53', 1, 0, 0, 2009, 1, 1),
(1019, 13, NULL, NULL, '2022-05-21 16:47:31', 'dine-in', 'completed', NULL, NULL, '2023-04-11 18:36:53', 1, 0, 0, 1203, 1, 1),
(1020, 3, NULL, NULL, '2022-04-20 16:25:43', 'dine-in', 'completed', NULL, NULL, '2023-04-11 18:36:53', 1, 0, 0, 800, 1, 1),
(1021, 3, NULL, NULL, '2022-12-21 07:46:12', 'dine-in', 'completed', NULL, NULL, '2023-04-11 18:36:53', 1, 0, 0, 300, 1, 1),
(1022, 6, NULL, NULL, '2022-08-31 22:24:10', 'dine-in', 'completed', NULL, NULL, '2023-04-11 18:36:53', 1, 0, 0, 1223, 1, 1),
(1023, 6, NULL, NULL, '2022-04-29 14:58:37', 'dine-in', 'completed', NULL, NULL, '2023-04-11 18:36:53', 1, 0, 0, 6100, 1, 1),
(1024, 13, NULL, NULL, '2022-07-04 18:52:03', 'dine-in', 'completed', NULL, NULL, '2023-04-11 18:36:53', 1, 0, 0, 2015, 1, 1),
(1025, 1, NULL, NULL, '2022-10-30 01:15:13', 'takeaway', 'completed', NULL, NULL, '2023-04-11 18:36:53', 1, 0, 0, 2871, 1, 1),
(1026, 6, NULL, NULL, '2023-03-05 02:38:59', 'dine-in', 'completed', NULL, NULL, '2023-04-11 18:36:53', 1, 0, 0, 6300, 1, 1),
(1027, 14, NULL, NULL, '2023-05-01 15:56:44', 'dine-in', 'completed', NULL, NULL, '2023-05-08 12:47:28', 1, 0, 0, 7900, 1, 1),
(1028, 15, NULL, NULL, '2022-10-20 08:17:12', 'dine-in', 'completed', NULL, NULL, '2023-04-11 18:36:53', 1, 0, 0, 2005, 1, 1),
(1029, 14, NULL, NULL, '2023-04-26 11:16:02', 'takeaway', 'completed', NULL, NULL, '2023-05-08 12:47:28', 1, 0, 0, 1400, 1, 1),
(1030, 15, NULL, NULL, '2022-07-25 12:59:34', 'dine-in', 'completed', NULL, NULL, '2023-04-11 18:36:53', 1, 0, 0, 1602, 1, 1),
(1031, 15, NULL, NULL, '2022-11-08 18:31:12', 'dine-in', 'completed', NULL, NULL, '2023-04-11 18:36:53', 1, 0, 0, 1520, 1, 1),
(1032, 15, NULL, NULL, '2022-09-27 05:40:19', 'takeaway', 'completed', NULL, NULL, '2023-04-11 18:36:53', 1, 0, 0, 2572, 1, 1),
(1033, 17, NULL, NULL, '2023-04-10 22:24:10', 'takeaway', 'completed', NULL, NULL, '2023-04-11 18:36:53', 1, 0, 0, 1500, 1, 1),
(1034, 16, NULL, 'Less sugar', '2023-04-12 17:07:39', 'dine-in', 'completed', '2023-04-14 12:01:25', NULL, '2023-04-15 04:36:57', 1, 0, 0, 5700, 1, 1),
(1035, 14, NULL, NULL, '2022-09-03 11:09:56', 'takeaway', 'completed', NULL, NULL, '2023-04-11 18:36:53', 1, 0, 0, 2999, 1, 1),
(1036, 14, NULL, NULL, '2022-08-10 18:23:39', 'dine-in', 'completed', NULL, NULL, '2023-04-11 18:36:53', 1, 0, 0, 1480, 1, 1),
(1037, 17, NULL, NULL, '2023-01-14 00:47:32', 'dine-in', 'completed', NULL, NULL, '2023-04-11 18:36:53', 1, 0, 0, 7000, 1, 1),
(1038, 16, NULL, NULL, '2022-11-26 18:07:02', 'dine-in', 'completed', NULL, NULL, '2023-04-11 18:36:53', 1, 0, 0, 1687, 1, 1),
(1039, 17, NULL, NULL, '2022-05-06 08:02:31', 'dine-in', 'completed', NULL, NULL, '2023-04-11 18:36:53', 1, 0, 0, 2124, 1, 1),
(1040, 17, NULL, NULL, '2022-09-27 11:59:47', 'takeaway', 'completed', NULL, NULL, '2023-04-11 18:36:53', 1, 0, 0, 2459, 1, 1),
(1041, 17, NULL, NULL, '2022-06-25 04:36:20', 'takeaway', 'completed', NULL, NULL, '2023-04-11 18:36:53', 1, 0, 0, 1949, 1, 1),
(1042, 17, NULL, NULL, '2022-12-03 10:38:15', 'takeaway', 'completed', NULL, NULL, '2023-04-11 18:36:53', 1, 0, 0, 2593, 1, 1),
(1043, 14, NULL, NULL, '2022-10-09 12:26:50', 'bulk', 'completed', NULL, NULL, '2023-04-11 18:36:53', 1, 0, 0, 2787, 1, 1),
(1044, 16, NULL, NULL, '2022-07-30 16:40:08', 'takeaway', 'completed', NULL, NULL, '2023-04-11 18:36:53', 1, 0, 0, 1241, 1, 1),
(1045, 16, NULL, NULL, '2023-05-04 04:10:58', 'dine-in', 'completed', NULL, NULL, '2023-05-08 12:47:28', 1, 0, 0, 600, 1, 1),
(1046, 16, NULL, NULL, '2022-12-11 01:56:43', 'dine-in', 'completed', NULL, NULL, '2023-04-11 18:36:53', 1, 0, 0, 2664, 1, 1),
(1047, 14, NULL, NULL, '2022-12-27 01:27:40', 'takeaway', 'completed', NULL, NULL, '2023-04-11 18:36:53', 1, 0, 0, 7000, 1, 1),
(1048, 14, NULL, NULL, '2022-12-27 07:39:05', 'dine-in', 'completed', NULL, NULL, '2023-04-11 18:36:53', 1, 0, 0, 3900, 1, 1),
(1049, 14, NULL, NULL, '2023-05-06 00:32:22', 'dine-in', 'completed', NULL, NULL, '2023-05-08 12:47:28', 1, 0, 0, 4600, 1, 1),
(1050, 14, NULL, NULL, '2022-04-03 21:35:05', 'dine-in', 'completed', NULL, NULL, '2023-04-11 18:36:53', 1, 0, 0, 4600, 1, 1),
(1051, 14, NULL, NULL, '2022-11-25 04:32:15', 'takeaway', 'completed', NULL, NULL, '2023-04-11 18:36:53', 1, 0, 0, 2058, 1, 1),
(1052, 14, NULL, NULL, '2023-04-08 13:46:37', 'bulk', 'completed', NULL, NULL, '2023-04-11 18:36:53', 1, 0, 0, 2800, 1, 1),
(1053, 17, NULL, NULL, '2023-03-25 15:01:15', 'dine-in', 'completed', NULL, NULL, '2023-04-11 18:36:53', 1, 0, 0, 7800, 1, 1),
(1054, 17, NULL, NULL, '2022-07-24 06:27:50', 'takeaway', 'completed', NULL, NULL, '2023-04-11 18:36:53', 1, 0, 0, 2054, 1, 1),
(1055, 16, NULL, NULL, '2022-11-20 17:46:15', 'bulk', 'completed', NULL, NULL, '2023-04-11 18:36:53', 1, 0, 0, 2933, 1, 1),
(1056, 14, NULL, NULL, '2022-06-28 21:15:32', 'dine-in', 'completed', NULL, NULL, '2023-04-11 18:36:53', 1, 0, 0, 1780, 1, 1),
(1057, 15, NULL, NULL, '2022-06-15 09:05:50', 'bulk', 'completed', NULL, NULL, '2023-04-11 18:36:53', 1, 0, 0, 1864, 1, 1),
(1058, 14, NULL, NULL, '2023-01-11 03:44:48', 'takeaway', 'completed', NULL, NULL, '2023-04-11 18:36:53', 1, 0, 0, 1200, 1, 1),
(1059, 14, NULL, NULL, '2023-02-01 16:28:14', 'takeaway', 'completed', NULL, NULL, '2023-04-11 18:36:53', 1, 0, 0, 700, 1, 1),
(1060, 15, NULL, NULL, '2022-10-31 22:48:14', 'takeaway', 'completed', NULL, NULL, '2023-04-11 18:36:53', 1, 0, 0, 1588, 1, 1),
(1061, 16, NULL, NULL, '2023-01-19 02:44:31', 'takeaway', 'completed', NULL, NULL, '2023-04-11 18:36:53', 1, 0, 0, 2000, 1, 1),
(1062, 17, NULL, NULL, '2022-11-07 08:38:02', 'dine-in', 'completed', NULL, NULL, '2023-04-11 18:36:53', 1, 0, 0, 2609, 1, 1),
(1063, 17, NULL, NULL, '2023-03-26 10:22:48', 'bulk', 'completed', NULL, NULL, '2023-04-11 18:36:53', 1, 0, 0, 0, 1, 1),
(1064, 14, NULL, NULL, '2022-11-10 21:47:35', 'dine-in', 'completed', NULL, NULL, '2023-04-11 18:36:53', 1, 0, 0, 1309, 1, 1),
(1065, 16, NULL, NULL, '2023-02-23 11:46:14', 'dine-in', 'completed', NULL, NULL, '2023-04-11 18:36:53', 1, 0, 0, 1900, 1, 1),
(1066, 15, NULL, NULL, '2022-11-04 00:47:49', 'dine-in', 'completed', NULL, NULL, '2023-04-11 18:36:53', 1, 0, 0, 2705, 1, 1),
(1067, 17, NULL, NULL, '2023-03-19 02:30:18', 'bulk', 'completed', NULL, NULL, '2023-04-11 18:36:53', 1, 0, 0, 4300, 1, 1),
(1068, 15, NULL, NULL, '2022-06-22 01:32:08', 'dine-in', 'completed', NULL, NULL, '2023-04-11 18:36:53', 1, 0, 0, 1029, 1, 1),
(1069, 17, NULL, NULL, '2022-06-20 15:47:17', 'bulk', 'completed', NULL, NULL, '2023-04-11 18:36:53', 1, 0, 0, 2185, 1, 1),
(1070, 16, NULL, NULL, '2023-02-21 01:56:38', 'takeaway', 'completed', NULL, NULL, '2023-04-11 18:36:53', 1, 0, 0, 0, 1, 1),
(1071, 16, NULL, NULL, '2022-08-23 06:10:23', 'takeaway', 'completed', NULL, NULL, '2023-04-11 18:36:53', 1, 0, 0, 1687, 1, 1),
(1072, 15, NULL, NULL, '2022-11-20 00:28:50', 'dine-in', 'completed', NULL, NULL, '2023-04-11 18:36:53', 1, 0, 0, 1120, 1, 1),
(1073, 17, NULL, NULL, '2022-04-08 21:55:24', 'takeaway', 'completed', NULL, NULL, '2023-04-11 18:36:53', 1, 0, 0, 3900, 1, 1),
(1074, 16, NULL, NULL, '2023-01-15 15:47:48', 'takeaway', 'completed', NULL, NULL, '2023-04-11 18:36:53', 1, 0, 0, 1600, 1, 1),
(1075, 16, NULL, NULL, '2022-08-03 01:51:25', 'dine-in', 'completed', NULL, NULL, '2023-04-11 18:36:53', 1, 0, 0, 2193, 1, 1),
(1076, 17, NULL, NULL, '2022-07-16 18:10:26', 'bulk', 'completed', NULL, NULL, '2023-04-11 18:36:53', 1, 0, 0, 1670, 1, 1),
(1077, 16, NULL, NULL, '2022-03-22 01:46:56', 'dine-in', 'completed', NULL, NULL, '2023-04-11 18:36:53', 1, 0, 0, 9400, 1, 1),
(1078, 14, NULL, NULL, '2022-04-02 23:42:13', 'takeaway', 'completed', NULL, NULL, '2023-04-11 18:36:53', 1, 0, 0, 0, 1, 1),
(1079, 14, NULL, NULL, '2022-04-25 21:07:51', 'takeaway', 'completed', NULL, NULL, '2023-04-11 18:36:53', 1, 0, 0, 5500, 1, 1),
(1080, 16, NULL, NULL, '2022-05-20 13:51:49', 'dine-in', 'completed', NULL, NULL, '2023-04-11 18:36:53', 1, 0, 0, 1299, 1, 1),
(1081, 15, NULL, NULL, '2023-03-10 22:24:42', 'takeaway', 'completed', NULL, NULL, '2023-04-11 18:36:53', 1, 0, 0, 300, 1, 1),
(1082, 15, NULL, NULL, '2023-03-09 04:08:27', 'dine-in', 'completed', NULL, NULL, '2023-04-11 18:36:53', 1, 0, 0, 3600, 1, 1),
(1083, 15, NULL, NULL, '2023-04-22 17:08:41', 'dine-in', 'completed', NULL, NULL, '2023-05-08 12:47:28', 1, 0, 0, 1600, 1, 1),
(1084, 17, NULL, NULL, '2022-09-07 22:17:24', 'dine-in', 'completed', NULL, NULL, '2023-04-11 18:36:53', 1, 0, 0, 2580, 1, 1),
(1085, 15, NULL, NULL, '2022-04-23 05:53:39', 'dine-in', 'completed', NULL, NULL, '2023-04-11 18:36:53', 1, 0, 0, 7000, 1, 1),
(1086, 17, NULL, NULL, '2022-07-06 04:54:48', 'dine-in', 'completed', NULL, NULL, '2023-04-11 18:36:53', 1, 0, 0, 1138, 1, 1),
(1087, 17, NULL, NULL, '2022-09-11 04:52:54', 'dine-in', 'completed', NULL, NULL, '2023-04-11 18:36:53', 1, 0, 0, 1866, 1, 1),
(1088, 17, NULL, NULL, '2022-03-15 09:42:55', 'bulk', 'completed', NULL, NULL, '2023-04-11 18:36:53', 1, 0, 0, 2400, 1, 1),
(1089, 16, NULL, NULL, '2022-10-14 02:41:11', 'takeaway', 'completed', NULL, NULL, '2023-04-11 18:36:53', 1, 0, 0, 2182, 1, 1),
(1090, 17, NULL, NULL, '2022-10-22 17:35:07', 'dine-in', 'completed', NULL, NULL, '2023-04-11 18:36:53', 1, 0, 0, 1032, 1, 1),
(1091, 17, NULL, NULL, '2022-11-17 05:32:42', 'dine-in', 'completed', NULL, NULL, '2023-04-11 18:36:53', 1, 0, 0, 2087, 1, 1),
(1092, 17, NULL, NULL, '2022-09-27 23:51:24', 'takeaway', 'completed', NULL, NULL, '2023-04-11 18:36:53', 1, 0, 0, 1887, 1, 1),
(1093, 15, NULL, NULL, '2022-10-28 07:46:35', 'dine-in', 'completed', NULL, NULL, '2023-04-11 18:36:53', 1, 0, 0, 2708, 1, 1),
(1094, 14, NULL, NULL, '2022-11-28 11:24:44', 'bulk', 'completed', NULL, NULL, '2023-04-11 18:36:53', 1, 0, 0, 1674, 1, 1),
(1095, 17, NULL, NULL, '2022-08-23 08:50:25', 'bulk', 'completed', NULL, NULL, '2023-04-11 18:36:53', 1, 0, 0, 1788, 1, 1),
(1096, 14, NULL, NULL, '2023-04-04 02:40:08', 'takeaway', 'completed', NULL, NULL, '2023-04-11 18:36:53', 1, 0, 0, 7700, 1, 1),
(1097, 16, NULL, NULL, '2022-09-09 16:42:05', 'dine-in', 'completed', NULL, NULL, '2023-04-11 18:36:53', 1, 0, 0, 2589, 1, 1),
(1098, 16, NULL, NULL, '2022-12-08 13:03:16', 'dine-in', 'completed', NULL, NULL, '2023-04-11 18:36:53', 1, 0, 0, 1221, 1, 1),
(1099, 16, NULL, NULL, '2022-08-12 06:47:15', 'dine-in', 'completed', NULL, NULL, '2023-04-11 18:36:53', 1, 0, 0, 1017, 1, 1),
(1100, 14, NULL, NULL, '2022-07-16 13:09:09', 'dine-in', 'completed', NULL, NULL, '2023-04-11 18:36:53', 1, 0, 0, 2853, 1, 1),
(1101, 14, NULL, NULL, '2022-04-27 20:56:08', 'dine-in', 'completed', NULL, NULL, '2023-04-11 18:36:53', 1, 0, 0, 0, 1, 1),
(1102, 15, NULL, NULL, '2022-05-11 19:26:24', 'takeaway', 'completed', NULL, NULL, '2023-04-11 18:36:53', 1, 0, 0, 2355, 1, 1),
(1103, 14, NULL, NULL, '2023-01-03 12:24:45', 'takeaway', 'completed', NULL, NULL, '2023-04-11 18:36:53', 1, 0, 0, 6100, 1, 1),
(1104, 17, NULL, NULL, '2022-06-26 20:16:29', 'bulk', 'completed', NULL, NULL, '2023-04-11 18:36:53', 1, 0, 0, 2372, 1, 1),
(1105, 17, NULL, NULL, '2022-12-18 18:26:45', 'takeaway', 'completed', NULL, NULL, '2023-04-11 18:36:53', 1, 0, 0, 2250, 1, 1),
(1106, 16, NULL, NULL, '2022-11-06 17:41:43', 'takeaway', 'completed', NULL, NULL, '2023-04-11 18:36:53', 1, 0, 0, 2391, 1, 1),
(1107, 16, NULL, NULL, '2023-04-03 16:11:58', 'takeaway', 'completed', NULL, NULL, '2023-04-11 18:36:53', 1, 0, 0, 1200, 1, 1),
(1108, 15, NULL, NULL, '2022-08-01 09:32:21', 'takeaway', 'completed', NULL, NULL, '2023-04-11 18:36:53', 1, 0, 0, 1275, 1, 1),
(1109, 15, NULL, NULL, '2022-04-18 06:11:51', 'takeaway', 'completed', NULL, NULL, '2023-04-11 18:36:53', 1, 0, 0, 9500, 1, 1),
(1110, 14, NULL, NULL, '2023-04-26 09:25:09', 'dine-in', 'completed', NULL, NULL, '2023-05-08 12:47:28', 1, 0, 0, 6800, 1, 1),
(1111, 15, NULL, NULL, '2023-03-03 02:32:10', 'dine-in', 'completed', NULL, NULL, '2023-04-11 18:36:53', 1, 0, 0, 5800, 1, 1),
(1112, 17, NULL, NULL, '2022-05-17 07:16:32', 'dine-in', 'completed', NULL, NULL, '2023-04-11 18:36:53', 1, 0, 0, 2571, 1, 1),
(1113, 15, NULL, NULL, '2022-09-17 08:01:27', 'dine-in', 'completed', NULL, NULL, '2023-04-11 18:36:53', 1, 0, 0, 2826, 1, 1),
(1114, 14, NULL, NULL, '2023-03-06 17:27:06', 'dine-in', 'completed', NULL, NULL, '2023-04-11 18:36:53', 1, 0, 0, 6500, 1, 1),
(1115, 16, NULL, NULL, '2023-03-28 15:31:41', 'bulk', 'completed', NULL, NULL, '2023-04-11 18:36:53', 1, 0, 0, 600, 1, 1),
(1116, 17, NULL, NULL, '2022-03-29 06:28:00', 'dine-in', 'completed', NULL, NULL, '2023-04-11 18:36:53', 1, 0, 0, 2400, 1, 1),
(1117, 17, NULL, NULL, '2023-04-29 04:13:42', 'bulk', 'completed', NULL, NULL, '2023-05-08 12:47:28', 1, 0, 0, 2500, 1, 1),
(1118, 14, NULL, NULL, '2022-05-21 05:18:13', 'takeaway', 'completed', NULL, NULL, '2023-04-11 18:36:53', 1, 0, 0, 2957, 1, 1),
(1119, 14, NULL, NULL, '2022-05-15 14:28:20', 'takeaway', 'completed', NULL, NULL, '2023-04-11 18:36:53', 1, 0, 0, 2877, 1, 1),
(1120, 15, NULL, NULL, '2022-06-04 19:32:36', 'takeaway', 'completed', NULL, NULL, '2023-04-11 18:36:53', 1, 0, 0, 2029, 1, 1),
(1121, 16, NULL, NULL, '2022-10-22 00:38:26', 'dine-in', 'completed', NULL, NULL, '2023-04-11 18:36:53', 1, 0, 0, 2374, 1, 1),
(1122, 14, NULL, NULL, '2022-07-28 09:49:24', 'dine-in', 'completed', NULL, NULL, '2023-04-11 18:36:53', 1, 0, 0, 2174, 1, 1),
(1123, 14, NULL, NULL, '2022-05-27 23:36:41', 'dine-in', 'completed', NULL, NULL, '2023-04-11 18:36:53', 1, 0, 0, 2710, 1, 1),
(1124, 14, NULL, NULL, '2022-07-16 19:14:52', 'takeaway', 'completed', NULL, NULL, '2023-04-11 18:36:53', 1, 0, 0, 2628, 1, 1),
(1125, 15, NULL, NULL, '2023-02-02 08:05:33', 'takeaway', 'completed', NULL, NULL, '2023-04-11 18:36:53', 1, 0, 0, 2500, 1, 1),
(1126, 17, NULL, NULL, '2022-05-01 23:49:30', 'takeaway', 'completed', NULL, NULL, '2023-04-11 18:36:53', 1, 0, 0, 6900, 1, 1),
(1127, 16, NULL, NULL, '2022-05-01 02:56:28', 'takeaway', 'completed', NULL, NULL, '2023-04-11 18:36:53', 1, 0, 0, 700, 1, 1),
(1128, 16, NULL, NULL, '2022-06-03 16:03:54', 'dine-in', 'completed', NULL, NULL, '2023-04-11 18:36:53', 1, 0, 0, 2976, 1, 1),
(1129, 15, NULL, NULL, '2022-12-24 10:10:35', 'dine-in', 'completed', NULL, NULL, '2023-04-11 18:36:53', 1, 0, 0, 600, 1, 1),
(1130, 17, NULL, NULL, '2022-09-18 08:25:27', 'takeaway', 'completed', NULL, NULL, '2023-04-11 18:36:53', 1, 0, 0, 2937, 1, 1),
(1131, 15, NULL, NULL, '2022-11-19 00:38:11', 'takeaway', 'completed', NULL, NULL, '2023-04-11 18:36:53', 1, 0, 0, 1572, 1, 1),
(1132, 17, NULL, NULL, '2023-02-08 10:47:34', 'dine-in', 'completed', NULL, NULL, '2023-04-11 18:36:53', 1, 0, 0, 1800, 1, 1),
(1133, 14, NULL, NULL, '2022-12-11 02:56:10', 'dine-in', 'completed', NULL, NULL, '2023-04-11 18:36:53', 1, 0, 0, 1517, 1, 1),
(1134, 15, NULL, NULL, '2022-07-08 14:41:22', 'takeaway', 'completed', NULL, NULL, '2023-04-11 18:36:53', 1, 0, 0, 1915, 1, 1),
(1135, 16, NULL, NULL, '2022-06-16 15:25:19', 'dine-in', 'completed', NULL, NULL, '2023-04-11 18:36:53', 1, 0, 0, 2892, 1, 1),
(1136, 15, NULL, NULL, '2022-11-10 16:59:52', 'dine-in', 'completed', NULL, NULL, '2023-04-11 18:36:53', 1, 0, 0, 2591, 1, 1),
(1137, 16, NULL, NULL, '2022-07-05 02:48:47', 'dine-in', 'completed', NULL, NULL, '2023-04-11 18:36:53', 1, 0, 0, 2639, 1, 1),
(1138, 14, NULL, NULL, '2022-05-25 15:21:48', 'takeaway', 'completed', NULL, NULL, '2023-04-11 18:36:53', 1, 0, 0, 1143, 1, 1),
(1139, 14, NULL, NULL, '2023-01-30 19:32:49', 'dine-in', 'completed', NULL, NULL, '2023-04-11 18:36:53', 1, 0, 0, 6400, 1, 1),
(1140, 15, NULL, NULL, '2022-06-04 15:44:50', 'takeaway', 'completed', NULL, NULL, '2023-04-11 18:36:53', 1, 0, 0, 2650, 1, 1),
(1141, 17, NULL, NULL, '2023-03-08 15:00:48', 'dine-in', 'completed', NULL, NULL, '2023-04-11 18:36:53', 1, 0, 0, 1200, 1, 1),
(1142, 15, NULL, NULL, '2022-11-11 18:31:47', 'takeaway', 'completed', NULL, NULL, '2023-04-11 18:36:53', 1, 0, 0, 1147, 1, 1),
(1143, 16, NULL, NULL, '2023-01-16 03:09:10', 'bulk', 'completed', NULL, NULL, '2023-04-11 18:36:53', 1, 0, 0, 6500, 1, 1),
(1144, 14, NULL, NULL, '2023-01-06 16:31:59', 'dine-in', 'completed', NULL, NULL, '2023-04-11 18:36:53', 1, 0, 0, 2400, 1, 1),
(1145, 14, NULL, NULL, '2023-05-07 18:22:04', 'dine-in', 'completed', NULL, NULL, '2023-05-08 12:47:28', 1, 0, 0, 4600, 1, 1),
(1146, 14, NULL, NULL, '2023-03-02 15:41:46', 'dine-in', 'completed', NULL, NULL, '2023-04-11 18:36:53', 1, 0, 0, 2700, 1, 1),
(1147, 17, NULL, NULL, '2022-04-12 09:26:14', 'takeaway', 'completed', NULL, NULL, '2023-04-11 18:36:53', 1, 0, 0, 0, 1, 1),
(1148, 15, NULL, NULL, '2022-10-29 17:17:57', 'takeaway', 'completed', NULL, NULL, '2023-04-11 18:36:53', 1, 0, 0, 2786, 1, 1),
(1149, 16, NULL, NULL, '2022-12-12 20:32:17', 'takeaway', 'completed', NULL, NULL, '2023-04-11 18:36:53', 1, 0, 0, 2429, 1, 1),
(1150, 17, NULL, NULL, '2023-04-19 07:05:26', 'dine-in', 'completed', NULL, NULL, '2023-05-08 12:47:28', 1, 0, 0, 6500, 1, 1),
(1151, 14, NULL, NULL, '2022-09-25 15:46:13', 'dine-in', 'completed', NULL, NULL, '2023-04-11 18:36:53', 1, 0, 0, 1216, 1, 1),
(1152, 16, NULL, NULL, '2022-07-04 23:22:50', 'bulk', 'completed', NULL, NULL, '2023-04-11 18:36:53', 1, 0, 0, 2425, 1, 1),
(1153, 14, NULL, NULL, '2022-07-01 08:09:24', 'bulk', 'completed', NULL, NULL, '2023-04-11 18:36:53', 1, 0, 0, 2197, 1, 1),
(1154, 15, NULL, NULL, '2022-10-26 12:57:48', 'dine-in', 'completed', NULL, NULL, '2023-04-11 18:36:53', 1, 0, 0, 1512, 1, 1),
(1155, 17, NULL, NULL, '2022-06-27 21:29:51', 'takeaway', 'completed', NULL, NULL, '2023-04-11 18:36:53', 1, 0, 0, 1994, 1, 1),
(1156, 15, NULL, NULL, '2022-07-07 03:56:49', 'dine-in', 'completed', NULL, NULL, '2023-04-11 18:36:53', 1, 0, 0, 1299, 1, 1),
(1157, 15, NULL, NULL, '2022-04-17 00:17:22', 'dine-in', 'completed', NULL, NULL, '2023-04-11 18:36:53', 1, 0, 0, 1800, 1, 1),
(1158, 14, NULL, NULL, '2022-11-23 22:29:21', 'dine-in', 'completed', NULL, NULL, '2023-04-11 18:36:53', 1, 0, 0, 2160, 1, 1),
(1159, 15, NULL, NULL, '2022-06-17 10:15:58', 'bulk', 'completed', NULL, NULL, '2023-04-11 18:36:53', 1, 0, 0, 1348, 1, 1),
(1160, 16, NULL, NULL, '2022-10-16 11:21:12', 'dine-in', 'completed', NULL, NULL, '2023-04-11 18:36:53', 1, 0, 0, 2519, 1, 1),
(1161, 14, NULL, NULL, '2022-11-15 13:29:55', 'takeaway', 'completed', NULL, NULL, '2023-04-11 18:36:53', 1, 0, 0, 1919, 1, 1),
(1162, 16, NULL, NULL, '2022-06-24 23:15:18', 'takeaway', 'completed', NULL, NULL, '2023-04-11 18:36:53', 1, 0, 0, 2227, 1, 1),
(1163, 17, NULL, NULL, '2022-08-06 10:20:04', 'dine-in', 'completed', NULL, NULL, '2023-04-11 18:36:53', 1, 0, 0, 1613, 1, 1),
(1164, 15, NULL, NULL, '2022-04-03 16:09:32', 'dine-in', 'completed', NULL, NULL, '2023-04-11 18:36:53', 1, 0, 0, 5100, 1, 1),
(1165, 14, NULL, NULL, '2023-04-28 05:38:37', 'takeaway', 'completed', NULL, NULL, '2023-05-08 12:47:28', 1, 0, 0, 1800, 1, 1),
(1166, 17, NULL, NULL, '2023-04-21 16:29:45', 'takeaway', 'completed', NULL, NULL, '2023-05-08 12:47:28', 1, 0, 0, 800, 1, 1),
(1167, 16, NULL, NULL, '2022-07-01 14:01:02', 'dine-in', 'completed', NULL, NULL, '2023-04-11 18:36:53', 1, 0, 0, 1209, 1, 1),
(1168, 15, NULL, NULL, '2023-04-20 21:28:30', 'bulk', 'completed', NULL, NULL, '2023-05-08 12:47:28', 1, 0, 0, 11700, 1, 1),
(1169, 14, NULL, NULL, '2022-05-19 09:20:08', 'dine-in', 'completed', NULL, NULL, '2023-04-11 18:36:53', 1, 0, 0, 2431, 1, 1),
(1170, 14, NULL, NULL, '2022-05-21 00:07:20', 'dine-in', 'completed', NULL, NULL, '2023-04-11 18:36:53', 1, 0, 0, 1243, 1, 1),
(1171, 15, NULL, NULL, '2023-03-11 19:56:57', 'dine-in', 'completed', NULL, NULL, '2023-04-11 18:36:53', 1, 0, 0, 500, 1, 1),
(1172, 15, NULL, NULL, '2022-11-28 12:21:55', 'bulk', 'completed', NULL, NULL, '2023-04-11 18:36:53', 1, 0, 0, 1437, 1, 1),
(1173, 17, NULL, NULL, '2022-12-03 04:37:38', 'takeaway', 'completed', NULL, NULL, '2023-04-11 18:36:53', 1, 0, 0, 1271, 1, 1),
(1174, 17, NULL, NULL, '2022-12-14 22:28:28', 'dine-in', 'completed', NULL, NULL, '2023-04-11 18:36:53', 1, 0, 0, 2463, 1, 1),
(1175, 16, NULL, NULL, '2022-06-03 07:03:56', 'takeaway', 'completed', NULL, NULL, '2023-04-11 18:36:53', 1, 0, 0, 2320, 1, 1),
(1176, 16, NULL, NULL, '2023-03-14 21:33:48', 'takeaway', 'completed', NULL, NULL, '2023-04-11 18:36:53', 1, 0, 0, 8700, 1, 1),
(1177, 14, NULL, NULL, '2022-08-27 00:03:05', 'bulk', 'completed', NULL, NULL, '2023-04-11 18:36:53', 1, 0, 0, 2387, 1, 1),
(1178, 16, NULL, NULL, '2022-09-23 00:14:14', 'takeaway', 'completed', NULL, NULL, '2023-04-11 18:36:53', 1, 0, 0, 2938, 1, 1),
(1179, 15, NULL, NULL, '2022-07-30 05:17:19', 'takeaway', 'completed', NULL, NULL, '2023-04-11 18:36:53', 1, 0, 0, 1037, 1, 1),
(1180, 17, NULL, NULL, '2022-11-01 07:22:57', 'takeaway', 'completed', NULL, NULL, '2023-04-11 18:36:53', 1, 0, 0, 1542, 1, 1),
(1181, 14, NULL, NULL, '2022-08-29 16:50:11', 'takeaway', 'completed', NULL, NULL, '2023-04-11 18:36:53', 1, 0, 0, 1389, 1, 1),
(1182, 16, NULL, NULL, '2023-01-05 01:15:03', 'takeaway', 'completed', NULL, NULL, '2023-04-11 18:36:53', 1, 0, 0, 5800, 1, 1),
(1183, 15, NULL, NULL, '2023-04-29 13:47:22', 'takeaway', 'completed', NULL, NULL, '2023-05-08 12:47:28', 1, 0, 0, 2600, 1, 1),
(1184, 16, NULL, NULL, '2022-03-23 08:44:38', 'takeaway', 'completed', NULL, NULL, '2023-04-11 18:36:53', 1, 0, 0, 800, 1, 1),
(1185, 17, NULL, NULL, '2022-10-02 20:01:25', 'takeaway', 'completed', NULL, NULL, '2023-04-11 18:36:53', 1, 0, 0, 2657, 1, 1),
(1186, 15, NULL, NULL, '2023-01-06 00:01:08', 'takeaway', 'completed', NULL, NULL, '2023-04-11 18:36:53', 1, 0, 0, 3500, 1, 1),
(1187, 14, NULL, NULL, '2022-07-23 11:46:15', 'bulk', 'completed', NULL, NULL, '2023-04-11 18:36:53', 1, 0, 0, 2838, 1, 1),
(1188, 14, NULL, NULL, '2023-02-24 18:20:19', 'takeaway', 'completed', NULL, NULL, '2023-04-11 18:36:53', 1, 0, 0, 7400, 1, 1),
(1189, 14, NULL, NULL, '2023-01-22 12:58:36', 'dine-in', 'completed', NULL, NULL, '2023-04-11 18:36:53', 1, 0, 0, 600, 1, 1),
(1190, 16, NULL, NULL, '2023-02-27 05:50:25', 'dine-in', 'completed', NULL, NULL, '2023-04-11 18:36:53', 1, 0, 0, 800, 1, 1),
(1191, 17, NULL, NULL, '2022-10-29 14:20:13', 'dine-in', 'completed', NULL, NULL, '2023-04-11 18:36:53', 1, 0, 0, 2630, 1, 1),
(1192, 17, NULL, NULL, '2022-04-28 08:40:35', 'dine-in', 'completed', NULL, NULL, '2023-04-11 18:36:53', 1, 0, 0, 7800, 1, 1),
(1193, 15, NULL, NULL, '2023-04-22 04:18:31', 'takeaway', 'completed', NULL, NULL, '2023-05-08 12:47:28', 1, 0, 0, 2400, 1, 1),
(1194, 15, NULL, NULL, '2023-03-08 07:37:09', 'dine-in', 'completed', NULL, NULL, '2023-04-11 18:36:53', 1, 0, 0, 5000, 1, 1),
(1195, 14, NULL, NULL, '2022-09-13 19:52:55', 'bulk', 'completed', NULL, NULL, '2023-04-11 18:36:53', 1, 0, 0, 2148, 1, 1),
(1196, 14, NULL, NULL, '2023-03-22 08:39:24', 'takeaway', 'completed', NULL, NULL, '2023-04-11 18:36:53', 1, 0, 0, 2400, 1, 1),
(1197, 17, NULL, NULL, '2022-10-23 02:16:14', 'takeaway', 'completed', NULL, NULL, '2023-04-11 18:36:53', 1, 0, 0, 2785, 1, 1),
(1198, 14, NULL, NULL, '2022-12-14 19:16:13', 'takeaway', 'completed', NULL, NULL, '2023-04-11 18:36:53', 1, 0, 0, 2254, 1, 1),
(1199, 15, NULL, NULL, '2023-02-22 14:19:17', 'dine-in', 'completed', NULL, NULL, '2023-04-11 18:36:53', 1, 0, 0, 2400, 1, 1),
(1200, 14, NULL, NULL, '2022-10-17 19:45:37', 'takeaway', 'completed', NULL, NULL, '2023-04-11 18:36:53', 1, 0, 0, 2564, 1, 1),
(1201, 14, NULL, NULL, '2023-03-05 17:38:27', 'dine-in', 'completed', NULL, NULL, '2023-04-11 18:36:53', 1, 0, 0, 1800, 1, 1),
(1202, 17, NULL, NULL, '2022-12-17 13:21:52', 'dine-in', 'completed', NULL, NULL, '2023-04-11 18:36:53', 1, 0, 0, 1469, 1, 1),
(1203, 16, NULL, NULL, '2022-07-31 20:35:19', 'bulk', 'completed', NULL, NULL, '2023-04-11 18:36:53', 1, 0, 0, 2046, 1, 1),
(1204, 14, NULL, NULL, '2023-03-23 18:55:03', 'takeaway', 'completed', NULL, NULL, '2023-04-11 18:36:53', 1, 0, 0, 2000, 1, 1),
(1205, 15, NULL, NULL, '2022-03-29 18:53:30', 'takeaway', 'completed', NULL, NULL, '2023-04-11 18:36:53', 1, 0, 0, 400, 1, 1),
(1206, 17, NULL, NULL, '2022-10-13 22:54:07', 'dine-in', 'completed', NULL, NULL, '2023-04-11 18:36:53', 1, 0, 0, 1974, 1, 1),
(1207, 17, NULL, NULL, '2022-05-10 04:37:47', 'takeaway', 'completed', NULL, NULL, '2023-04-11 18:36:53', 1, 0, 0, 2166, 1, 1);
INSERT INTO `orders` (`order_id`, `reg_customer_id`, `guest_id`, `request`, `time_placed`, `type`, `status`, `scheduled_time`, `table_id`, `time_completed`, `promo`, `service_charge`, `tip`, `total_cost`, `paid`, `collected`) VALUES
(1208, 16, NULL, NULL, '2022-08-10 10:19:08', 'bulk', 'completed', NULL, NULL, '2023-04-11 18:36:53', 1, 0, 0, 1055, 1, 1),
(1209, 14, NULL, NULL, '2022-05-22 17:33:34', 'takeaway', 'completed', NULL, NULL, '2023-04-11 18:36:53', 1, 0, 0, 1389, 1, 1),
(1210, 15, NULL, NULL, '2023-03-15 18:04:32', 'dine-in', 'completed', NULL, NULL, '2023-04-11 18:36:53', 1, 0, 0, 4200, 1, 1),
(1211, 16, NULL, NULL, '2022-05-05 20:06:22', 'takeaway', 'completed', NULL, NULL, '2023-04-11 18:36:53', 1, 0, 0, 2967, 1, 1),
(1212, 14, NULL, NULL, '2023-03-08 20:24:51', 'bulk', 'completed', NULL, NULL, '2023-04-11 18:36:53', 1, 0, 0, 4000, 1, 1),
(1213, 17, NULL, NULL, '2022-05-02 00:26:12', 'bulk', 'completed', NULL, NULL, '2023-04-11 18:36:53', 1, 0, 0, 4600, 1, 1),
(1214, 17, NULL, NULL, '2023-01-25 01:01:12', 'takeaway', 'completed', NULL, NULL, '2023-04-11 18:36:53', 1, 0, 0, 3100, 1, 1),
(1215, 15, NULL, NULL, '2023-01-26 08:03:53', 'dine-in', 'completed', NULL, NULL, '2023-04-11 18:36:53', 1, 0, 0, 1000, 1, 1),
(1216, 17, NULL, NULL, '2023-03-14 02:52:11', 'dine-in', 'completed', NULL, NULL, '2023-04-11 18:36:53', 1, 0, 0, 800, 1, 1),
(1217, 16, NULL, NULL, '2022-11-18 23:22:38', 'dine-in', 'completed', NULL, NULL, '2023-04-11 18:36:53', 1, 0, 0, 1050, 1, 1),
(1218, 14, NULL, NULL, '2022-10-11 10:15:01', 'takeaway', 'completed', NULL, NULL, '2023-04-11 18:36:53', 1, 0, 0, 1378, 1, 1),
(1219, 16, NULL, NULL, '2022-05-20 01:32:59', 'takeaway', 'completed', NULL, NULL, '2023-04-11 18:36:53', 1, 0, 0, 2535, 1, 1),
(1220, 16, NULL, NULL, '2022-08-01 04:59:32', 'dine-in', 'completed', NULL, NULL, '2023-04-11 18:36:53', 1, 0, 0, 1742, 1, 1),
(1221, 16, NULL, NULL, '2022-07-01 20:29:29', 'takeaway', 'completed', NULL, NULL, '2023-04-11 18:36:53', 1, 0, 0, 2871, 1, 1),
(1222, 15, NULL, NULL, '2022-08-18 22:50:16', 'dine-in', 'completed', NULL, NULL, '2023-04-11 18:36:53', 1, 0, 0, 2902, 1, 1),
(1223, 16, NULL, NULL, '2022-09-04 13:53:02', 'dine-in', 'completed', NULL, NULL, '2023-04-11 18:36:53', 1, 0, 0, 1133, 1, 1),
(1224, 17, NULL, NULL, '2022-11-16 15:15:06', 'takeaway', 'completed', NULL, NULL, '2023-04-11 18:36:53', 1, 0, 0, 1793, 1, 1),
(1225, 14, NULL, NULL, '2022-05-05 03:35:15', 'takeaway', 'completed', NULL, NULL, '2023-04-11 18:36:53', 1, 0, 0, 1676, 1, 1),
(1226, 16, NULL, NULL, '2023-05-02 06:55:45', 'dine-in', 'completed', NULL, NULL, '2023-05-08 12:47:28', 1, 0, 0, 2400, 1, 1),
(1227, 14, NULL, NULL, '2022-08-05 08:20:42', 'bulk', 'completed', NULL, NULL, '2023-04-11 18:36:53', 1, 0, 0, 2487, 1, 1),
(1228, 16, NULL, NULL, '2023-01-27 21:42:56', 'dine-in', 'completed', NULL, NULL, '2023-04-11 18:36:53', 1, 0, 0, 2400, 1, 1),
(1229, 16, NULL, NULL, '2022-12-17 10:32:50', 'takeaway', 'completed', NULL, NULL, '2023-04-11 18:36:53', 1, 0, 0, 2096, 1, 1),
(1230, 14, NULL, NULL, '2023-03-16 08:36:50', 'takeaway', 'completed', NULL, NULL, '2023-04-11 18:36:53', 1, 0, 0, 1600, 1, 1),
(1231, 15, NULL, NULL, '2022-03-16 06:38:39', 'dine-in', 'completed', NULL, NULL, '2023-04-11 18:36:53', 1, 0, 0, 400, 1, 1),
(1232, 15, NULL, NULL, '2023-03-03 06:26:38', 'dine-in', 'completed', NULL, NULL, '2023-04-11 18:36:53', 1, 0, 0, 1500, 1, 1),
(1233, 16, NULL, NULL, '2023-02-23 02:44:02', 'takeaway', 'completed', NULL, NULL, '2023-04-11 18:36:53', 1, 0, 0, 900, 1, 1),
(1234, 16, NULL, NULL, '2022-04-16 21:14:04', 'dine-in', 'completed', NULL, NULL, '2023-04-11 18:36:53', 1, 0, 0, 1800, 1, 1),
(1235, 14, NULL, NULL, '2023-05-06 03:48:14', 'takeaway', 'completed', NULL, NULL, '2023-05-08 12:47:28', 1, 0, 0, 4100, 1, 1),
(1236, 15, NULL, NULL, '2022-06-28 16:59:43', 'dine-in', 'completed', NULL, NULL, '2023-04-11 18:36:53', 1, 0, 0, 1245, 1, 1),
(1237, 14, NULL, NULL, '2022-04-18 04:39:45', 'dine-in', 'completed', NULL, NULL, '2023-04-11 18:36:53', 1, 0, 0, 3300, 1, 1),
(1238, 15, NULL, NULL, '2022-12-25 02:43:03', 'dine-in', 'completed', NULL, NULL, '2023-04-11 18:36:53', 1, 0, 0, 4100, 1, 1),
(1239, 17, NULL, NULL, '2022-12-29 16:30:38', 'takeaway', 'completed', NULL, NULL, '2023-04-11 18:36:53', 1, 0, 0, 2700, 1, 1),
(1240, 16, NULL, NULL, '2022-05-08 11:21:33', 'dine-in', 'completed', NULL, NULL, '2023-04-11 18:36:53', 1, 0, 0, 1660, 1, 1),
(1241, 15, NULL, NULL, '2023-02-05 02:24:37', 'dine-in', 'completed', NULL, NULL, '2023-04-11 18:36:53', 1, 0, 0, 4600, 1, 1),
(1242, 14, NULL, NULL, '2023-03-20 01:03:01', 'dine-in', 'completed', NULL, NULL, '2023-04-11 18:36:53', 1, 0, 0, 4000, 1, 1),
(1243, 14, NULL, NULL, '2022-06-07 11:29:50', 'dine-in', 'completed', NULL, NULL, '2023-04-11 18:36:53', 1, 0, 0, 1774, 1, 1),
(1244, 14, NULL, NULL, '2022-07-02 17:00:32', 'takeaway', 'completed', NULL, NULL, '2023-04-11 18:36:53', 1, 0, 0, 1967, 1, 1),
(1245, 17, NULL, NULL, '2022-04-16 13:51:19', 'dine-in', 'completed', NULL, NULL, '2023-04-11 18:36:53', 1, 0, 0, 2800, 1, 1),
(1246, 17, NULL, NULL, '2023-04-25 21:36:37', 'dine-in', 'completed', NULL, NULL, '2023-05-08 12:47:28', 1, 0, 0, 0, 1, 1),
(1247, 17, NULL, NULL, '2022-12-16 03:10:32', 'dine-in', 'completed', NULL, NULL, '2023-04-11 18:36:53', 1, 0, 0, 1992, 1, 1),
(1248, 17, NULL, NULL, '2023-01-11 02:41:31', 'takeaway', 'completed', NULL, NULL, '2023-04-11 18:36:53', 1, 0, 0, 7200, 1, 1),
(1249, 16, NULL, '', '2023-04-12 13:01:30', 'dine-in', 'completed', NULL, NULL, '2023-04-15 04:36:57', 1, 0, 0, 1300, 1, 1),
(1250, 14, NULL, NULL, '2022-03-21 15:16:34', 'takeaway', 'completed', NULL, NULL, '2023-04-11 18:36:53', 1, 0, 0, 0, 1, 1),
(1251, 17, NULL, NULL, '2022-06-22 05:46:30', 'takeaway', 'completed', NULL, NULL, '2023-04-11 18:36:53', 1, 0, 0, 2079, 1, 1),
(1252, 17, NULL, NULL, '2022-08-23 05:11:56', 'dine-in', 'completed', NULL, NULL, '2023-04-11 18:36:53', 1, 0, 0, 1203, 1, 1),
(1253, 14, NULL, NULL, '2022-09-12 21:08:46', 'takeaway', 'completed', NULL, NULL, '2023-04-11 18:36:53', 1, 0, 0, 2554, 1, 1),
(1254, 14, NULL, NULL, '2022-08-23 11:25:42', 'dine-in', 'completed', NULL, NULL, '2023-04-11 18:36:53', 1, 0, 0, 1206, 1, 1),
(1255, 17, NULL, NULL, '2023-01-31 00:15:40', 'takeaway', 'completed', NULL, NULL, '2023-04-11 18:36:53', 1, 0, 0, 0, 1, 1),
(1256, 17, NULL, NULL, '2022-11-07 08:55:46', 'takeaway', 'completed', NULL, NULL, '2023-04-11 18:36:53', 1, 0, 0, 1938, 1, 1),
(1257, 14, NULL, NULL, '2022-09-20 02:53:34', 'dine-in', 'completed', NULL, NULL, '2023-04-11 18:36:53', 1, 0, 0, 1098, 1, 1),
(1258, 17, NULL, NULL, '2023-04-28 15:21:57', 'dine-in', 'completed', NULL, NULL, '2023-05-08 12:47:28', 1, 0, 0, 800, 1, 1),
(1259, 15, NULL, NULL, '2022-09-15 03:50:34', 'dine-in', 'completed', NULL, NULL, '2023-04-11 18:36:53', 1, 0, 0, 2210, 1, 1),
(1260, 17, NULL, NULL, '2023-04-14 14:33:34', 'dine-in', 'completed', NULL, NULL, '2023-04-11 18:36:53', 1, 0, 0, 300, 1, 1),
(1261, 14, NULL, NULL, '2022-08-29 11:43:35', 'takeaway', 'completed', NULL, NULL, '2023-04-11 18:36:53', 1, 0, 0, 1065, 1, 1),
(1262, 17, NULL, NULL, '2022-05-02 13:03:22', 'takeaway', 'completed', NULL, NULL, '2023-04-11 18:36:53', 1, 0, 0, 1004, 1, 1),
(1263, 14, NULL, NULL, '2022-04-19 00:12:13', 'dine-in', 'completed', NULL, NULL, '2023-04-11 18:36:53', 1, 0, 0, 2000, 1, 1),
(1264, 14, NULL, NULL, '2023-01-16 14:57:02', 'dine-in', 'completed', NULL, NULL, '2023-04-11 18:36:53', 1, 0, 0, 4400, 1, 1),
(1265, 14, NULL, NULL, '2023-01-30 22:29:50', 'dine-in', 'completed', NULL, NULL, '2023-04-11 18:36:53', 1, 0, 0, 3000, 1, 1),
(1266, 16, NULL, NULL, '2023-02-05 22:36:03', 'takeaway', 'completed', NULL, NULL, '2023-04-11 18:36:53', 1, 0, 0, 400, 1, 1),
(1267, 17, NULL, NULL, '2023-04-23 21:14:57', 'dine-in', 'completed', NULL, NULL, '2023-05-08 12:47:28', 1, 0, 0, 3100, 1, 1),
(1268, 15, NULL, NULL, '2022-06-21 06:50:09', 'takeaway', 'completed', NULL, NULL, '2023-04-11 18:36:53', 1, 0, 0, 2929, 1, 1),
(1269, 15, NULL, NULL, '2022-08-13 15:06:45', 'dine-in', 'completed', NULL, NULL, '2023-04-11 18:36:53', 1, 0, 0, 2888, 1, 1),
(1270, 15, NULL, NULL, '2022-06-11 16:31:37', 'takeaway', 'completed', NULL, NULL, '2023-04-11 18:36:53', 1, 0, 0, 2719, 1, 1),
(1271, 16, NULL, NULL, '2023-01-15 00:48:15', 'takeaway', 'completed', NULL, NULL, '2023-04-11 18:36:53', 1, 0, 0, 2100, 1, 1),
(1272, 17, NULL, NULL, '2022-04-27 11:45:51', 'takeaway', 'completed', NULL, NULL, '2023-04-11 18:36:53', 1, 0, 0, 800, 1, 1),
(1273, 14, NULL, NULL, '2023-03-23 16:18:13', 'takeaway', 'completed', NULL, NULL, '2023-04-11 18:36:53', 1, 0, 0, 800, 1, 1),
(1274, 15, NULL, NULL, '2022-07-22 15:05:46', 'dine-in', 'completed', NULL, NULL, '2023-04-11 18:36:53', 1, 0, 0, 2864, 1, 1),
(1275, 17, NULL, NULL, '2022-03-17 23:49:35', 'dine-in', 'completed', NULL, NULL, '2023-04-11 18:36:53', 1, 0, 0, 4800, 1, 1),
(1276, 16, NULL, NULL, '2023-02-10 21:32:35', 'takeaway', 'completed', NULL, NULL, '2023-04-11 18:36:53', 1, 0, 0, 7500, 1, 1),
(1277, 15, NULL, NULL, '2022-04-28 14:27:45', 'takeaway', 'completed', NULL, NULL, '2023-04-11 18:36:53', 1, 0, 0, 6600, 1, 1),
(1278, 15, NULL, NULL, '2022-08-30 14:04:33', 'dine-in', 'completed', NULL, NULL, '2023-04-11 18:36:53', 1, 0, 0, 2232, 1, 1),
(1279, 16, NULL, NULL, '2023-04-07 03:52:04', 'takeaway', 'completed', NULL, NULL, '2023-04-11 18:36:53', 1, 0, 0, 300, 1, 1),
(1280, 15, NULL, NULL, '2022-11-22 22:37:23', 'takeaway', 'completed', NULL, NULL, '2023-04-11 18:36:53', 1, 0, 0, 1179, 1, 1),
(1281, 17, NULL, NULL, '2022-12-17 08:30:33', 'dine-in', 'completed', NULL, NULL, '2023-04-11 18:36:53', 1, 0, 0, 1264, 1, 1),
(1282, 16, NULL, NULL, '2023-04-18 21:12:55', 'takeaway', 'completed', NULL, NULL, '2023-05-08 12:47:28', 1, 0, 0, 1400, 1, 1),
(1283, 16, NULL, NULL, '2023-03-01 03:42:52', 'takeaway', 'completed', NULL, NULL, '2023-04-11 18:36:53', 1, 0, 0, 2000, 1, 1),
(1284, 17, NULL, NULL, '2023-04-05 22:27:58', 'takeaway', 'completed', NULL, NULL, '2023-04-11 18:36:53', 1, 0, 0, 2400, 1, 1),
(1285, 16, NULL, NULL, '2023-04-25 17:32:15', 'dine-in', 'completed', NULL, NULL, '2023-05-08 12:47:28', 1, 0, 0, 0, 1, 1),
(1286, 14, NULL, NULL, '2022-06-13 23:51:48', 'dine-in', 'completed', NULL, NULL, '2023-04-11 18:36:53', 1, 0, 0, 1951, 1, 1),
(1287, 17, NULL, NULL, '2022-09-14 18:54:08', 'dine-in', 'completed', NULL, NULL, '2023-04-11 18:36:53', 1, 0, 0, 2911, 1, 1),
(1288, 16, NULL, NULL, '2023-02-23 21:30:33', 'dine-in', 'completed', NULL, NULL, '2023-04-11 18:36:53', 1, 0, 0, 3200, 1, 1),
(1289, 15, NULL, NULL, '2022-11-14 09:52:05', 'bulk', 'completed', NULL, NULL, '2023-04-11 18:36:53', 1, 0, 0, 1684, 1, 1),
(1290, 14, NULL, NULL, '2022-03-23 08:14:56', 'dine-in', 'completed', NULL, NULL, '2023-04-11 18:36:53', 1, 0, 0, 5500, 1, 1),
(1291, 14, NULL, NULL, '2023-04-22 04:17:32', 'dine-in', 'completed', NULL, NULL, '2023-05-08 12:47:28', 1, 0, 0, 3300, 1, 1),
(1292, 14, NULL, NULL, '2022-04-20 18:29:31', 'bulk', 'completed', NULL, NULL, '2023-04-11 18:36:53', 1, 0, 0, 2700, 1, 1),
(1293, 16, NULL, NULL, '2023-01-08 02:30:35', 'takeaway', 'completed', NULL, NULL, '2023-04-11 18:36:53', 1, 0, 0, 5400, 1, 1),
(1294, 14, NULL, NULL, '2022-12-09 02:24:44', 'dine-in', 'completed', NULL, NULL, '2023-04-11 18:36:53', 1, 0, 0, 1881, 1, 1),
(1295, 14, NULL, NULL, '2022-04-24 13:39:46', 'dine-in', 'completed', NULL, NULL, '2023-04-11 18:36:53', 1, 0, 0, 2800, 1, 1),
(1296, 16, NULL, NULL, '2022-10-20 19:45:30', 'takeaway', 'completed', NULL, NULL, '2023-04-11 18:36:53', 1, 0, 0, 1710, 1, 1),
(1297, 17, NULL, NULL, '2023-02-17 10:13:34', 'dine-in', 'completed', NULL, NULL, '2023-04-11 18:36:53', 1, 0, 0, 1900, 1, 1),
(1298, 15, NULL, NULL, '2022-12-18 05:37:26', 'dine-in', 'completed', NULL, NULL, '2023-04-11 18:36:53', 1, 0, 0, 2857, 1, 1),
(1299, 14, NULL, NULL, '2023-04-01 17:52:02', 'takeaway', 'completed', NULL, NULL, '2023-04-11 18:36:53', 1, 0, 0, 7000, 1, 1),
(1300, 14, NULL, NULL, '2022-10-26 01:43:35', 'takeaway', 'completed', NULL, NULL, '2023-04-11 18:36:53', 1, 0, 0, 2503, 1, 1),
(1301, 15, NULL, NULL, '2022-08-08 13:16:10', 'bulk', 'completed', NULL, NULL, '2023-04-11 18:36:53', 1, 0, 0, 2074, 1, 1),
(1302, 14, NULL, NULL, '2022-04-26 12:30:56', 'dine-in', 'completed', NULL, NULL, '2023-04-11 18:36:53', 1, 0, 0, 3100, 1, 1),
(1303, 15, NULL, NULL, '2022-06-05 23:19:46', 'dine-in', 'completed', NULL, NULL, '2023-04-11 18:36:53', 1, 0, 0, 1767, 1, 1),
(1304, 16, NULL, NULL, '2022-10-12 14:11:48', 'dine-in', 'completed', NULL, NULL, '2023-04-11 18:36:53', 1, 0, 0, 1227, 1, 1),
(1305, 15, NULL, NULL, '2023-05-01 02:00:55', 'dine-in', 'completed', NULL, NULL, '2023-05-08 12:47:28', 1, 0, 0, 800, 1, 1),
(1306, 17, NULL, NULL, '2022-09-22 15:43:35', 'bulk', 'completed', NULL, NULL, '2023-04-11 18:36:53', 1, 0, 0, 1147, 1, 1),
(1307, 14, NULL, NULL, '2022-03-23 11:23:56', 'takeaway', 'completed', NULL, NULL, '2023-04-11 18:36:53', 1, 0, 0, 2700, 1, 1),
(1308, 15, NULL, NULL, '2022-11-29 08:35:00', 'dine-in', 'completed', NULL, NULL, '2023-04-11 18:36:53', 1, 0, 0, 2305, 1, 1),
(1309, 14, NULL, NULL, '2022-05-24 17:24:57', 'dine-in', 'completed', NULL, NULL, '2023-04-11 18:36:53', 1, 0, 0, 2772, 1, 1),
(1310, 17, NULL, NULL, '2022-09-07 05:13:43', 'dine-in', 'completed', NULL, NULL, '2023-04-11 18:36:53', 1, 0, 0, 2410, 1, 1),
(1311, 15, NULL, NULL, '2022-05-03 17:30:45', 'dine-in', 'completed', NULL, NULL, '2023-04-11 18:36:53', 1, 0, 0, 1017, 1, 1),
(1312, 14, NULL, NULL, '2023-02-26 08:53:43', 'takeaway', 'completed', NULL, NULL, '2023-04-11 18:36:53', 1, 0, 0, 0, 1, 1),
(1313, 16, NULL, 'Hi there', '2022-03-14 20:07:24', 'dine-in', 'completed', NULL, NULL, '2023-04-11 18:36:53', 1, 0, 0, 9800, 1, 1),
(1314, 16, NULL, NULL, '2022-05-10 19:30:34', 'dine-in', 'completed', NULL, NULL, '2023-04-11 18:36:53', 1, 0, 0, 2856, 1, 1),
(1315, 15, NULL, NULL, '2023-02-14 09:08:13', 'bulk', 'completed', NULL, NULL, '2023-04-11 18:36:53', 1, 0, 0, 4800, 1, 1),
(1316, 14, NULL, NULL, '2022-11-25 00:03:28', 'dine-in', 'completed', NULL, NULL, '2023-04-11 18:36:53', 1, 0, 0, 2078, 1, 1),
(1317, 17, NULL, NULL, '2022-10-28 14:07:35', 'bulk', 'completed', NULL, NULL, '2023-04-11 18:36:53', 1, 0, 0, 2566, 1, 1),
(1318, 16, NULL, NULL, '2022-11-12 14:29:20', 'takeaway', 'completed', NULL, NULL, '2023-04-11 18:36:53', 1, 0, 0, 2825, 1, 1),
(1319, 16, NULL, NULL, '2022-08-18 21:12:36', 'dine-in', 'completed', NULL, NULL, '2023-04-11 18:36:53', 1, 0, 0, 1722, 1, 1),
(1320, 16, NULL, NULL, '2022-05-24 08:16:23', 'takeaway', 'completed', NULL, NULL, '2023-04-11 18:36:53', 1, 0, 0, 1475, 1, 1),
(1321, 17, NULL, NULL, '2022-09-07 00:19:33', 'dine-in', 'completed', NULL, NULL, '2023-04-11 18:36:53', 1, 0, 0, 2990, 1, 1),
(1322, 17, NULL, NULL, '2023-02-21 04:56:13', 'takeaway', 'completed', NULL, NULL, '2023-04-11 18:36:53', 1, 0, 0, 300, 1, 1),
(1323, 16, NULL, NULL, '2022-09-08 17:44:07', 'dine-in', 'completed', NULL, NULL, '2023-04-11 18:36:53', 1, 0, 0, 2105, 1, 1),
(1324, 17, NULL, NULL, '2022-05-05 11:19:51', 'takeaway', 'completed', NULL, NULL, '2023-04-11 18:36:53', 1, 0, 0, 1578, 1, 1),
(1325, 17, NULL, NULL, '2022-05-27 09:03:31', 'dine-in', 'completed', NULL, NULL, '2023-04-11 18:36:53', 1, 0, 0, 1965, 1, 1),
(1326, 16, NULL, NULL, '2022-04-13 00:46:18', 'dine-in', 'completed', NULL, NULL, '2023-04-11 18:36:53', 1, 0, 0, 1200, 1, 1),
(1327, 16, NULL, NULL, '2022-12-27 03:04:05', 'takeaway', 'completed', NULL, NULL, '2023-04-11 18:36:53', 1, 0, 0, 8000, 1, 1),
(1328, 15, NULL, NULL, '2023-01-24 15:11:17', 'takeaway', 'completed', NULL, NULL, '2023-04-11 18:36:53', 1, 0, 0, 8800, 1, 1),
(1329, 17, NULL, NULL, '2022-09-20 23:43:48', 'takeaway', 'completed', NULL, NULL, '2023-04-11 18:36:53', 1, 0, 0, 1937, 1, 1),
(1330, 16, NULL, NULL, '2023-04-03 02:00:49', 'takeaway', 'completed', NULL, NULL, '2023-04-11 18:36:53', 1, 0, 0, 3200, 1, 1),
(1331, 17, NULL, NULL, '2022-11-10 16:53:09', 'dine-in', 'completed', NULL, NULL, '2023-04-11 18:36:53', 1, 0, 0, 1652, 1, 1),
(1332, 17, NULL, NULL, '2023-01-29 08:54:54', 'dine-in', 'completed', NULL, NULL, '2023-04-11 18:36:53', 1, 0, 0, 4100, 1, 1),
(1333, 14, NULL, NULL, '2023-02-08 10:43:08', 'takeaway', 'completed', NULL, NULL, '2023-04-11 18:36:53', 1, 0, 0, 0, 1, 1),
(1334, 14, NULL, NULL, '2023-02-11 12:53:58', 'dine-in', 'completed', NULL, NULL, '2023-04-11 18:36:53', 1, 0, 0, 0, 1, 1),
(1335, 17, NULL, NULL, '2022-10-17 01:27:22', 'dine-in', 'completed', NULL, NULL, '2023-04-11 18:36:53', 1, 0, 0, 2668, 1, 1),
(1336, 16, NULL, NULL, '2023-01-31 17:22:47', 'bulk', 'completed', NULL, NULL, '2023-04-11 18:36:53', 1, 0, 0, 4000, 1, 1),
(1337, 15, NULL, NULL, '2022-06-16 19:21:30', 'dine-in', 'completed', NULL, NULL, '2023-04-11 18:36:53', 1, 0, 0, 1454, 1, 1),
(1338, 17, NULL, NULL, '2022-03-24 08:53:17', 'dine-in', 'completed', NULL, NULL, '2023-04-11 18:36:53', 1, 0, 0, 6600, 1, 1),
(1339, 14, NULL, NULL, '2023-02-19 01:01:27', 'takeaway', 'completed', NULL, NULL, '2023-04-11 18:36:53', 1, 0, 0, 2500, 1, 1),
(1340, 16, NULL, NULL, '2023-04-21 09:27:35', 'takeaway', 'completed', NULL, NULL, '2023-05-08 12:47:28', 1, 0, 0, 2200, 1, 1),
(1341, 15, NULL, NULL, '2022-08-26 05:19:40', 'takeaway', 'completed', NULL, NULL, '2023-04-11 18:36:53', 1, 0, 0, 1388, 1, 1),
(1342, 14, NULL, NULL, '2022-05-12 06:42:36', 'takeaway', 'completed', NULL, NULL, '2023-04-11 18:36:53', 1, 0, 0, 1581, 1, 1),
(1343, 14, NULL, NULL, '2023-04-30 02:36:57', 'takeaway', 'completed', NULL, NULL, '2023-05-08 12:47:28', 1, 0, 0, 1700, 1, 1),
(1344, 14, NULL, NULL, '2022-12-28 11:57:22', 'dine-in', 'completed', NULL, NULL, '2023-04-11 18:36:53', 1, 0, 0, 5600, 1, 1),
(1345, 14, NULL, NULL, '2022-12-17 22:00:03', 'dine-in', 'completed', NULL, NULL, '2023-04-11 18:36:53', 1, 0, 0, 1547, 1, 1),
(1346, 14, NULL, NULL, '2023-02-17 23:37:25', 'takeaway', 'completed', NULL, NULL, '2023-04-11 18:36:53', 1, 0, 0, 3900, 1, 1),
(1347, 14, NULL, NULL, '2022-11-20 19:21:51', 'dine-in', 'completed', NULL, NULL, '2023-04-11 18:36:53', 1, 0, 0, 1483, 1, 1),
(1348, 17, NULL, NULL, '2022-06-28 20:16:12', 'dine-in', 'completed', NULL, NULL, '2023-04-11 18:36:53', 1, 0, 0, 1711, 1, 1),
(1349, 14, NULL, NULL, '2022-06-13 11:34:17', 'takeaway', 'completed', NULL, NULL, '2023-04-11 18:36:53', 1, 0, 0, 1339, 1, 1),
(1350, 16, NULL, NULL, '2022-08-16 20:02:10', 'dine-in', 'completed', NULL, NULL, '2023-04-11 18:36:53', 1, 0, 0, 2796, 1, 1),
(1351, 17, NULL, NULL, '2022-07-03 00:44:25', 'takeaway', 'completed', NULL, NULL, '2023-04-11 18:36:53', 1, 0, 0, 1272, 1, 1),
(1352, 15, NULL, NULL, '2023-04-30 11:44:57', 'takeaway', 'completed', NULL, NULL, '2023-05-08 12:47:28', 1, 0, 0, 8700, 1, 1),
(1353, 14, NULL, NULL, '2022-10-12 06:47:43', 'dine-in', 'completed', NULL, NULL, '2023-04-11 18:36:53', 1, 0, 0, 1767, 1, 1),
(1354, 14, NULL, NULL, '2022-06-02 15:42:22', 'takeaway', 'completed', NULL, NULL, '2023-04-11 18:36:53', 1, 0, 0, 1497, 1, 1),
(1355, 16, NULL, NULL, '2023-03-12 00:46:30', 'takeaway', 'completed', NULL, NULL, '2023-04-11 18:36:53', 1, 0, 0, 4100, 1, 1),
(1356, 14, NULL, NULL, '2022-03-20 12:38:48', 'dine-in', 'completed', NULL, NULL, '2023-04-11 18:36:53', 1, 0, 0, 8600, 1, 1),
(1357, 16, NULL, NULL, '2022-04-09 19:33:05', 'bulk', 'completed', NULL, NULL, '2023-04-11 18:36:53', 1, 0, 0, 1600, 1, 1),
(1358, 16, NULL, NULL, '2022-03-21 20:03:11', 'dine-in', 'completed', NULL, NULL, '2023-04-11 18:36:53', 1, 0, 0, 2500, 1, 1),
(1359, 14, NULL, NULL, '2022-05-22 21:18:30', 'dine-in', 'completed', NULL, NULL, '2023-04-11 18:36:53', 1, 0, 0, 2021, 1, 1),
(1360, 15, NULL, NULL, '2022-10-03 10:54:15', 'takeaway', 'completed', NULL, NULL, '2023-04-11 18:36:53', 1, 0, 0, 1915, 1, 1),
(1361, 17, NULL, NULL, '2023-04-11 06:21:58', 'dine-in', 'completed', NULL, NULL, '2023-04-11 18:36:53', 1, 0, 0, 1400, 1, 1),
(1362, 17, NULL, NULL, '2023-04-20 18:47:17', 'dine-in', 'completed', NULL, NULL, '2023-05-08 12:47:28', 1, 0, 0, 2700, 1, 1),
(1363, 16, NULL, NULL, '2022-09-05 13:18:58', 'takeaway', 'completed', NULL, NULL, '2023-04-11 18:36:53', 1, 0, 0, 2206, 1, 1),
(1364, 17, NULL, NULL, '2022-07-09 17:09:22', 'takeaway', 'completed', NULL, NULL, '2023-04-11 18:36:53', 1, 0, 0, 2651, 1, 1),
(1365, 16, NULL, NULL, '2022-05-25 22:36:02', 'bulk', 'completed', NULL, NULL, '2023-04-11 18:36:53', 1, 0, 0, 1787, 1, 1),
(1366, 15, NULL, NULL, '2022-10-20 06:36:30', 'dine-in', 'completed', NULL, NULL, '2023-04-11 18:36:53', 1, 0, 0, 1382, 1, 1),
(1367, 16, NULL, NULL, '2023-03-01 04:56:10', 'takeaway', 'completed', NULL, NULL, '2023-04-11 18:36:53', 1, 0, 0, 1700, 1, 1),
(1368, 15, NULL, NULL, '2022-07-09 06:37:25', 'takeaway', 'completed', NULL, NULL, '2023-04-11 18:36:53', 1, 0, 0, 2520, 1, 1),
(1369, 15, NULL, NULL, '2023-04-23 02:13:24', 'dine-in', 'completed', NULL, NULL, '2023-05-08 12:47:28', 1, 0, 0, 0, 1, 1),
(1370, 16, NULL, NULL, '2022-08-22 04:16:54', 'dine-in', 'completed', NULL, NULL, '2023-04-11 18:36:53', 1, 0, 0, 1241, 1, 1),
(1371, 15, NULL, NULL, '2023-02-11 15:14:16', 'dine-in', 'completed', NULL, NULL, '2023-04-11 18:36:53', 1, 0, 0, 3300, 1, 1),
(1372, 16, NULL, NULL, '2022-11-20 04:18:21', 'dine-in', 'completed', NULL, NULL, '2023-04-11 18:36:53', 1, 0, 0, 2913, 1, 1),
(1373, 14, NULL, NULL, '2022-12-23 12:16:54', 'dine-in', 'completed', NULL, NULL, '2023-04-11 18:36:53', 1, 0, 0, 1800, 1, 1),
(1374, 14, NULL, NULL, '2022-11-27 02:24:46', 'dine-in', 'completed', NULL, NULL, '2023-04-11 18:36:53', 1, 0, 0, 1681, 1, 1),
(1375, 15, NULL, NULL, '2022-04-21 07:00:33', 'takeaway', 'completed', NULL, NULL, '2023-04-11 18:36:53', 1, 0, 0, 7000, 1, 1),
(1376, 17, NULL, NULL, '2022-09-09 19:13:05', 'dine-in', 'completed', NULL, NULL, '2023-04-11 18:36:53', 1, 0, 0, 2617, 1, 1),
(1377, 15, NULL, NULL, '2023-01-25 21:37:48', 'takeaway', 'completed', NULL, NULL, '2023-04-11 18:36:53', 1, 0, 0, 4000, 1, 1),
(1378, 17, NULL, NULL, '2022-10-18 14:31:53', 'bulk', 'completed', NULL, NULL, '2023-04-11 18:36:53', 1, 0, 0, 1396, 1, 1),
(1379, 14, NULL, NULL, '2023-05-04 09:50:23', 'takeaway', 'completed', NULL, NULL, '2023-05-08 12:47:28', 1, 0, 0, 4300, 1, 1),
(1380, 14, NULL, NULL, '2022-03-31 23:26:54', 'bulk', 'completed', NULL, NULL, '2023-04-11 18:36:53', 1, 0, 0, 1200, 1, 1),
(1381, 17, NULL, NULL, '2023-03-07 01:44:49', 'dine-in', 'completed', NULL, NULL, '2023-04-11 18:36:53', 1, 0, 0, 0, 1, 1),
(1382, 17, NULL, NULL, '2022-12-19 13:47:55', 'takeaway', 'completed', NULL, NULL, '2023-04-11 18:36:53', 1, 0, 0, 4500, 1, 1),
(1383, 17, NULL, NULL, '2022-03-27 05:05:09', 'dine-in', 'completed', NULL, NULL, '2023-04-11 18:36:53', 1, 0, 0, 7700, 1, 1),
(1384, 15, NULL, NULL, '2022-06-13 12:04:51', 'dine-in', 'completed', NULL, NULL, '2023-04-11 18:36:53', 1, 0, 0, 2465, 1, 1),
(1385, 17, NULL, NULL, '2022-08-31 20:49:39', 'takeaway', 'completed', NULL, NULL, '2023-04-11 18:36:53', 1, 0, 0, 1335, 1, 1),
(1386, 14, NULL, NULL, '2022-10-15 09:32:52', 'takeaway', 'completed', NULL, NULL, '2023-04-11 18:36:53', 1, 0, 0, 2562, 1, 1),
(1387, 16, NULL, NULL, '2022-06-28 21:31:50', 'takeaway', 'completed', NULL, NULL, '2023-04-11 18:36:53', 1, 0, 0, 1559, 1, 1),
(1388, 15, NULL, NULL, '2022-12-21 10:40:27', 'takeaway', 'completed', NULL, NULL, '2023-04-11 18:36:53', 1, 0, 0, 1200, 1, 1),
(1389, 15, NULL, NULL, '2023-04-21 07:45:43', 'dine-in', 'completed', NULL, NULL, '2023-05-08 12:47:28', 1, 0, 0, 6300, 1, 1),
(1390, 14, NULL, '', '2023-05-08 09:50:06', 'takeaway', 'completed', NULL, NULL, '2023-05-09 03:37:05', 1, 0, 0, 400, 0, 0),
(1391, 17, NULL, NULL, '2022-08-01 00:03:58', 'dine-in', 'completed', NULL, NULL, '2023-04-11 18:36:53', 1, 0, 0, 2641, 1, 1),
(1392, 17, NULL, NULL, '2023-02-24 21:45:45', 'dine-in', 'completed', NULL, NULL, '2023-04-11 18:36:53', 1, 0, 0, 4000, 1, 1),
(1393, 15, NULL, NULL, '2023-05-05 17:26:54', 'dine-in', 'completed', NULL, NULL, '2023-05-08 12:47:28', 1, 0, 0, 1200, 1, 1),
(1394, 15, NULL, NULL, '2022-10-25 18:21:20', 'takeaway', 'completed', NULL, NULL, '2023-04-11 18:36:53', 1, 0, 0, 2635, 1, 1),
(1395, 14, NULL, NULL, '2022-12-22 12:53:31', 'dine-in', 'completed', NULL, NULL, '2023-04-11 18:36:53', 1, 0, 0, 1500, 1, 1),
(1396, 16, NULL, NULL, '2022-09-21 03:02:11', 'dine-in', 'completed', NULL, NULL, '2023-04-11 18:36:53', 1, 0, 0, 1310, 1, 1),
(1397, 16, NULL, NULL, '2022-07-30 02:21:33', 'takeaway', 'completed', NULL, NULL, '2023-04-11 18:36:53', 1, 0, 0, 2710, 1, 1),
(1398, 17, NULL, NULL, '2023-01-10 16:49:04', 'dine-in', 'completed', NULL, NULL, '2023-04-11 18:36:53', 1, 0, 0, 9500, 1, 1),
(1399, 17, NULL, NULL, '2023-02-06 12:30:28', 'dine-in', 'completed', NULL, NULL, '2023-04-11 18:36:53', 1, 0, 0, 5500, 1, 1),
(1400, 17, NULL, NULL, '2022-06-11 10:11:34', 'takeaway', 'completed', NULL, NULL, '2023-04-11 18:36:53', 1, 0, 0, 2028, 1, 1),
(1401, 15, NULL, NULL, '2022-04-14 04:17:10', 'dine-in', 'completed', NULL, NULL, '2023-04-11 18:36:53', 1, 0, 0, 300, 1, 1),
(1402, 17, NULL, NULL, '2022-10-31 12:46:15', 'takeaway', 'completed', NULL, NULL, '2023-04-11 18:36:53', 1, 0, 0, 2553, 1, 1),
(1403, 16, NULL, NULL, '2023-03-10 14:06:07', 'takeaway', 'completed', NULL, NULL, '2023-04-11 18:36:53', 1, 0, 0, 4000, 1, 1),
(1404, 17, NULL, NULL, '2022-04-06 22:47:27', 'takeaway', 'completed', NULL, NULL, '2023-04-11 18:36:53', 1, 0, 0, 0, 1, 1),
(1405, 16, NULL, NULL, '2022-07-19 18:02:58', 'dine-in', 'completed', NULL, NULL, '2023-04-11 18:36:53', 1, 0, 0, 2426, 1, 1),
(1406, 15, NULL, NULL, '2023-04-20 17:34:39', 'bulk', 'completed', NULL, NULL, '2023-05-08 12:47:28', 1, 0, 0, 300, 1, 1),
(1407, 15, NULL, NULL, '2023-03-19 18:12:34', 'bulk', 'completed', NULL, NULL, '2023-04-11 18:36:53', 1, 0, 0, 5500, 1, 1),
(1408, 15, NULL, NULL, '2022-07-02 07:47:54', 'dine-in', 'completed', NULL, NULL, '2023-04-11 18:36:53', 1, 0, 0, 2519, 1, 1),
(1409, 16, NULL, NULL, '2022-07-05 11:35:40', 'dine-in', 'completed', NULL, NULL, '2023-04-11 18:36:53', 1, 0, 0, 2330, 1, 1),
(1410, 16, NULL, NULL, '2022-07-30 10:06:29', 'takeaway', 'completed', NULL, NULL, '2023-04-11 18:36:53', 1, 0, 0, 1281, 1, 1),
(1411, 14, NULL, NULL, '2022-09-23 01:05:01', 'dine-in', 'completed', NULL, NULL, '2023-04-11 18:36:53', 1, 0, 0, 1983, 1, 1),
(1412, 16, NULL, NULL, '2022-10-02 23:02:38', 'takeaway', 'completed', NULL, NULL, '2023-04-11 18:36:53', 1, 0, 0, 1658, 1, 1),
(1413, 16, NULL, NULL, '2023-02-25 16:34:06', 'dine-in', 'completed', NULL, NULL, '2023-04-11 18:36:53', 1, 0, 0, 300, 1, 1),
(1414, 16, NULL, NULL, '2022-03-20 08:11:31', 'takeaway', 'completed', NULL, NULL, '2023-04-11 18:36:53', 1, 0, 0, 3300, 1, 1),
(1415, 17, NULL, NULL, '2022-05-30 06:28:53', 'dine-in', 'completed', NULL, NULL, '2023-04-11 18:36:53', 1, 0, 0, 1927, 1, 1),
(1416, 17, NULL, NULL, '2023-03-10 04:08:11', 'bulk', 'completed', NULL, NULL, '2023-04-11 18:36:53', 1, 0, 0, 2400, 1, 1),
(1417, 17, NULL, NULL, '2022-07-30 13:27:42', 'takeaway', 'completed', NULL, NULL, '2023-04-11 18:36:53', 1, 0, 0, 2574, 1, 1),
(1418, 16, NULL, NULL, '2023-04-19 00:06:45', 'bulk', 'completed', NULL, NULL, '2023-05-08 12:47:28', 1, 0, 0, 400, 1, 1),
(1419, 15, NULL, NULL, '2022-09-08 19:12:59', 'takeaway', 'completed', NULL, NULL, '2023-04-11 18:36:53', 1, 0, 0, 1532, 1, 1),
(1420, 14, NULL, NULL, '2022-07-30 04:39:03', 'bulk', 'completed', NULL, NULL, '2023-04-11 18:36:53', 1, 0, 0, 1237, 1, 1),
(1421, 16, NULL, NULL, '2022-06-18 16:43:26', 'takeaway', 'completed', NULL, NULL, '2023-04-11 18:36:53', 1, 0, 0, 1692, 1, 1),
(1422, 16, NULL, NULL, '2022-11-24 00:26:13', 'dine-in', 'completed', NULL, NULL, '2023-04-11 18:36:53', 1, 0, 0, 1906, 1, 1),
(1423, 16, NULL, NULL, '2022-10-16 19:46:01', 'dine-in', 'completed', NULL, NULL, '2023-04-11 18:36:53', 1, 0, 0, 2001, 1, 1),
(1424, 16, NULL, NULL, '2023-04-22 07:31:06', 'takeaway', 'completed', NULL, NULL, '2023-05-08 12:47:28', 1, 0, 0, 2700, 1, 1),
(1425, 16, NULL, NULL, '2022-08-04 22:05:15', 'takeaway', 'completed', NULL, NULL, '2023-04-11 18:36:53', 1, 0, 0, 2461, 1, 1),
(1426, 15, NULL, NULL, '2022-12-11 11:06:47', 'takeaway', 'completed', NULL, NULL, '2023-04-11 18:36:53', 1, 0, 0, 2551, 1, 1),
(1427, 14, NULL, NULL, '2023-03-24 21:32:13', 'dine-in', 'completed', NULL, NULL, '2023-04-11 18:36:53', 1, 0, 0, 2800, 1, 1),
(1428, 17, NULL, NULL, '2022-09-13 18:20:45', 'dine-in', 'completed', NULL, NULL, '2023-04-11 18:36:53', 1, 0, 0, 1010, 1, 1),
(1429, 14, NULL, NULL, '2022-09-07 11:24:15', 'dine-in', 'completed', NULL, NULL, '2023-04-11 18:36:53', 1, 0, 0, 2328, 1, 1),
(1430, 15, NULL, NULL, '2023-04-10 10:24:10', 'dine-in', 'completed', NULL, NULL, '2023-04-11 18:36:53', 1, 0, 0, 1000, 1, 1),
(1431, 14, NULL, NULL, '2022-07-01 12:37:30', 'takeaway', 'completed', NULL, NULL, '2023-04-11 18:36:53', 1, 0, 0, 1995, 1, 1),
(1432, 16, NULL, NULL, '2023-03-19 10:05:07', 'dine-in', 'completed', NULL, NULL, '2023-04-11 18:36:53', 1, 0, 0, 2800, 1, 1),
(1433, 14, NULL, NULL, '2022-08-07 01:02:24', 'takeaway', 'completed', NULL, NULL, '2023-04-11 18:36:53', 1, 0, 0, 2087, 1, 1),
(1434, 15, NULL, NULL, '2023-03-17 05:31:56', 'takeaway', 'completed', NULL, NULL, '2023-04-11 18:36:53', 1, 0, 0, 0, 1, 1),
(1435, 17, NULL, NULL, '2022-12-10 09:32:37', 'dine-in', 'completed', NULL, NULL, '2023-04-11 18:36:53', 1, 0, 0, 1024, 1, 1),
(1436, 14, NULL, NULL, '2022-05-12 15:29:56', 'dine-in', 'completed', NULL, NULL, '2023-04-11 18:36:53', 1, 0, 0, 1657, 1, 1),
(1437, 16, NULL, NULL, '2022-06-13 02:56:50', 'takeaway', 'completed', NULL, NULL, '2023-04-11 18:36:53', 1, 0, 0, 1858, 1, 1),
(1438, 17, NULL, NULL, '2022-04-08 04:54:22', 'takeaway', 'completed', NULL, NULL, '2023-04-11 18:36:53', 1, 0, 0, 3400, 1, 1),
(1439, 16, NULL, NULL, '2022-09-17 09:10:27', 'takeaway', 'completed', NULL, NULL, '2023-04-11 18:36:53', 1, 0, 0, 2273, 1, 1),
(1440, 15, NULL, NULL, '2023-02-17 17:55:27', 'dine-in', 'completed', NULL, NULL, '2023-04-11 18:36:53', 1, 0, 0, 900, 1, 1),
(1441, 16, NULL, NULL, '2022-04-01 23:39:49', 'takeaway', 'completed', NULL, NULL, '2023-04-11 18:36:53', 1, 0, 0, 1500, 1, 1),
(1442, 15, NULL, NULL, '2022-07-03 03:51:06', 'dine-in', 'completed', NULL, NULL, '2023-04-11 18:36:53', 1, 0, 0, 2339, 1, 1),
(1443, 16, NULL, NULL, '2022-07-20 09:13:15', 'takeaway', 'completed', NULL, NULL, '2023-04-11 18:36:53', 1, 0, 0, 1988, 1, 1),
(1444, 14, NULL, NULL, '2023-03-27 19:21:08', 'takeaway', 'completed', NULL, NULL, '2023-04-11 18:36:53', 1, 0, 0, 6800, 1, 1),
(1445, 15, NULL, NULL, '2023-04-23 01:19:53', 'dine-in', 'completed', NULL, NULL, '2023-05-08 12:47:28', 1, 0, 0, 3300, 1, 1),
(1446, 14, NULL, NULL, '2023-03-21 22:17:51', 'takeaway', 'completed', NULL, NULL, '2023-04-11 18:36:53', 1, 0, 0, 3500, 1, 1),
(1447, 16, NULL, NULL, '2022-07-15 22:29:32', 'takeaway', 'completed', NULL, NULL, '2023-04-11 18:36:53', 1, 0, 0, 2967, 1, 1),
(1448, 16, NULL, NULL, '2022-05-06 09:53:51', 'bulk', 'completed', NULL, NULL, '2023-04-11 18:36:53', 1, 0, 0, 2735, 1, 1),
(1449, 16, NULL, NULL, '2023-03-23 16:28:08', 'dine-in', 'completed', NULL, NULL, '2023-04-11 18:36:53', 1, 0, 0, 4000, 1, 1),
(1450, 15, NULL, NULL, '2022-10-09 07:50:54', 'dine-in', 'completed', NULL, NULL, '2023-04-11 18:36:53', 1, 0, 0, 1907, 1, 1),
(1451, 14, NULL, NULL, '2022-10-25 17:25:45', 'takeaway', 'completed', NULL, NULL, '2023-04-11 18:36:53', 1, 0, 0, 2321, 1, 1),
(1452, 16, NULL, NULL, '2022-06-28 14:56:33', 'takeaway', 'completed', NULL, NULL, '2023-04-11 18:36:53', 1, 0, 0, 1081, 1, 1),
(1453, 15, NULL, NULL, '2023-01-23 18:30:31', 'dine-in', 'completed', NULL, NULL, '2023-04-11 18:36:53', 1, 0, 0, 6700, 1, 1),
(1454, 16, NULL, NULL, '2022-04-07 10:33:37', 'takeaway', 'completed', NULL, NULL, '2023-04-11 18:36:53', 1, 0, 0, 0, 1, 1),
(1455, 15, NULL, NULL, '2022-06-25 09:21:41', 'takeaway', 'completed', NULL, NULL, '2023-04-11 18:36:53', 1, 0, 0, 2705, 1, 1),
(1456, 17, NULL, NULL, '2023-04-25 15:03:40', 'takeaway', 'completed', NULL, NULL, '2023-05-08 12:47:28', 1, 0, 0, 3000, 1, 1),
(1457, 16, NULL, NULL, '2023-03-18 21:07:48', 'dine-in', 'completed', NULL, NULL, '2023-04-11 18:36:53', 1, 0, 0, 4900, 1, 1),
(1458, 16, NULL, NULL, '2022-11-30 06:50:50', 'takeaway', 'completed', NULL, NULL, '2023-04-11 18:36:53', 1, 0, 0, 1252, 1, 1),
(1460, 14, NULL, NULL, '2022-04-03 18:15:06', 'dine-in', 'completed', NULL, NULL, '2023-04-11 18:36:53', 1, 0, 0, 0, 1, 1),
(1461, 15, NULL, NULL, '2022-06-18 23:19:12', 'dine-in', 'completed', NULL, NULL, '2023-04-11 18:36:53', 1, 0, 0, 1108, 1, 1),
(1462, 16, NULL, NULL, '2022-10-20 16:01:20', 'dine-in', 'completed', NULL, NULL, '2023-04-11 18:36:53', 1, 0, 0, 2312, 1, 1),
(1463, 17, NULL, NULL, '2023-02-12 06:32:31', 'dine-in', 'completed', NULL, NULL, '2023-04-11 18:36:53', 1, 0, 0, 4200, 1, 1),
(1464, 16, NULL, NULL, '2023-04-14 06:16:34', 'takeaway', 'completed', NULL, NULL, '2023-04-11 18:36:53', 1, 0, 0, 900, 1, 1),
(1465, 16, NULL, NULL, '2022-10-17 00:35:21', 'takeaway', 'completed', NULL, NULL, '2023-04-11 18:36:53', 1, 0, 0, 1047, 1, 1),
(1466, 15, NULL, NULL, '2023-01-11 22:45:05', 'dine-in', 'completed', NULL, NULL, '2023-04-11 18:36:53', 1, 0, 0, 3000, 1, 1),
(1467, 15, NULL, NULL, '2022-07-19 07:49:35', 'dine-in', 'completed', NULL, NULL, '2023-04-11 18:36:53', 1, 0, 0, 1997, 1, 1),
(1468, 16, NULL, NULL, '2023-03-14 07:50:38', 'takeaway', 'completed', NULL, NULL, '2023-04-11 18:36:53', 1, 0, 0, 5500, 1, 1),
(1469, 14, NULL, NULL, '2022-12-21 16:34:59', 'dine-in', 'completed', NULL, NULL, '2023-04-11 18:36:53', 1, 0, 0, 3900, 1, 1),
(1470, 17, NULL, NULL, '2023-02-05 22:51:33', 'takeaway', 'completed', NULL, NULL, '2023-04-11 18:36:53', 1, 0, 0, 3800, 1, 1),
(1471, 15, NULL, NULL, '2023-01-12 19:53:54', 'takeaway', 'completed', NULL, NULL, '2023-04-11 18:36:53', 1, 0, 0, 4800, 1, 1),
(1472, 14, NULL, NULL, '2022-08-21 15:51:07', 'dine-in', 'completed', NULL, NULL, '2023-04-11 18:36:53', 1, 0, 0, 2062, 1, 1),
(1473, 16, NULL, NULL, '2023-02-10 10:02:32', 'bulk', 'completed', NULL, NULL, '2023-04-11 18:36:53', 1, 0, 0, 1200, 1, 1),
(1474, 17, NULL, NULL, '2022-07-02 00:46:58', 'takeaway', 'completed', NULL, NULL, '2023-04-11 18:36:53', 1, 0, 0, 1686, 1, 1),
(1475, 17, NULL, NULL, '2023-01-22 09:13:42', 'dine-in', 'completed', NULL, NULL, '2023-04-11 18:36:53', 1, 0, 0, 1100, 1, 1),
(1476, 17, NULL, NULL, '2022-03-19 01:24:05', 'dine-in', 'completed', NULL, NULL, '2023-04-11 18:36:53', 1, 0, 0, 5000, 1, 1),
(1477, 17, NULL, NULL, '2022-12-08 18:29:26', 'dine-in', 'completed', NULL, NULL, '2023-04-11 18:36:53', 1, 0, 0, 1134, 1, 1),
(1478, NULL, 4, NULL, '2023-03-15 18:20:22', 'takeaway', 'completed', NULL, NULL, '2023-04-11 18:36:53', 1, 0, 0, 3200, 1, 1),
(1479, NULL, 3, '', '2023-03-15 18:23:45', 'takeaway', 'completed', NULL, NULL, '2023-04-11 18:36:53', 1, 0, 0, 5500, 1, 1),
(1480, NULL, 3, '', '2023-03-15 18:24:15', 'takeaway', 'completed', NULL, NULL, '2023-04-11 18:36:53', 1, 0, 0, 4400, 1, 1),
(1481, NULL, 6, '', '2023-03-15 18:24:56', 'dine-in', 'completed', NULL, 10, '2023-04-11 18:36:53', 1, 0, 0, 3600, 1, 1),
(1482, NULL, 2, '', '2023-03-15 18:26:46', 'dine-in', 'completed', NULL, 10, '2023-04-11 18:36:53', 1, 0, 0, 0, 1, 1),
(1483, NULL, 2, '', '2023-03-15 18:28:16', 'dine-in', 'completed', NULL, 10, '2023-04-11 18:36:53', 1, 0, 0, 0, 1, 1),
(1484, NULL, 4, '', '2023-03-15 19:48:02', 'dine-in', 'completed', NULL, 10, '2023-04-11 18:36:53', 1, 0, 0, 0, 1, 1),
(1485, NULL, 6, '', '2023-03-15 19:50:05', 'dine-in', 'completed', NULL, 10, '2023-04-11 18:36:53', 1, 0, 0, 0, 1, 1),
(1486, NULL, 2, '', '2023-03-15 19:53:28', 'dine-in', 'completed', NULL, 10, '2023-04-11 18:36:53', 1, 0, 0, 0, 1, 1),
(1487, NULL, 4, '', '2023-03-15 19:55:41', 'dine-in', 'completed', NULL, 10, '2023-04-11 18:36:53', 1, 0, 0, 0, 1, 1),
(1488, NULL, 5, '', '2023-03-15 19:56:17', 'dine-in', 'completed', NULL, 10, '2023-04-11 18:36:53', 1, 0, 0, 0, 1, 1),
(1489, NULL, 2, '', '2023-03-15 19:57:03', 'dine-in', 'completed', NULL, 10, '2023-04-11 18:36:53', 1, 0, 0, 0, 1, 1),
(1490, NULL, 5, '', '2023-03-15 19:57:35', 'dine-in', 'completed', NULL, 10, '2023-04-11 18:36:53', 1, 0, 0, 0, 1, 1),
(1493, NULL, 4, NULL, '2023-03-16 07:11:23', 'dine-in', 'completed', NULL, NULL, '2023-04-11 18:36:53', 1, 0, 0, 8300, 1, 1),
(1494, NULL, 3, 'No salt', '2023-03-16 10:18:35', 'takeaway', 'completed', '2023-03-16 15:48:00', NULL, '2023-04-11 18:36:53', 1, 0, 0, 300, 1, 1),
(1495, NULL, 2, 'No salt. Lots of sauce!', '2023-03-16 10:51:07', 'takeaway', 'completed', '2023-03-16 16:20:00', NULL, '2023-04-11 18:36:53', 1, 0, 0, 0, 1, 1),
(1496, NULL, 5, 'No salt. Lots of sauce!', '2023-03-16 10:52:49', 'takeaway', 'completed', '2023-03-16 16:20:00', NULL, '2023-04-11 18:36:53', 1, 0, 0, 1900, 1, 1),
(1497, 10, NULL, '', '2023-04-25 13:18:20', 'takeaway', 'completed', NULL, NULL, '2023-05-08 12:47:28', 1, 0, 0, 0, 1, 1),
(1498, 10, NULL, 'Testing', '2023-04-27 15:29:50', 'takeaway', 'completed', '2023-04-27 20:59:00', NULL, '2023-05-08 12:47:28', 1, 0, 0, 0, 1, 1),
(1499, 10, NULL, 'Testing', '2023-04-27 15:30:07', 'takeaway', 'completed', '2023-04-27 20:59:00', NULL, '2023-05-08 12:47:28', 1, 0, 0, 0, 1, 1),
(1500, 10, NULL, 'Testing', '2023-04-27 17:14:07', 'takeaway', 'completed', '2023-04-27 20:59:00', NULL, '2023-05-08 12:47:28', 1, 0, 0, 0, 1, 1),
(1501, 10, NULL, 'Testing', '2023-04-27 17:15:12', 'takeaway', 'completed', '2023-04-27 20:59:00', NULL, '2023-05-08 12:47:28', 1, 0, 0, 0, 1, 1),
(1502, 10, NULL, 'Testing', '2023-04-27 17:15:29', 'takeaway', 'completed', '2023-04-27 20:59:00', NULL, '2023-05-08 12:47:28', 1, 0, 0, 0, 1, 1),
(1503, 10, NULL, '', '2023-04-27 17:16:44', 'dine-in', 'completed', NULL, 10, '2023-05-08 12:47:28', 1, 0, 0, 0, 1, 1),
(1504, 10, NULL, '', '2023-04-27 17:39:57', 'dine-in', 'completed', NULL, 10, '2023-05-08 12:47:28', 1, 0, 0, 0, 1, 1),
(1505, 10, NULL, '', '2023-04-27 17:40:24', 'dine-in', 'completed', NULL, 10, '2023-05-08 12:47:28', 1, 0, 0, 0, 1, 1),
(1506, 10, NULL, '', '2023-04-27 17:41:39', 'dine-in', 'completed', NULL, 10, '2023-05-08 12:47:28', 1, 0, 0, 0, 1, 1),
(1507, 10, NULL, '', '2023-04-27 17:42:58', 'dine-in', 'completed', NULL, 10, '2023-05-08 12:47:28', 1, 0, 0, 0, 1, 1),
(1508, 10, NULL, '', '2023-04-27 17:43:52', 'dine-in', 'completed', NULL, 10, '2023-05-08 12:47:28', 1, 0, 0, 0, 1, 1),
(1509, 10, NULL, '', '2023-04-27 17:44:02', 'dine-in', 'completed', NULL, 10, '2023-05-08 12:47:28', 1, 0, 0, 0, 1, 1),
(1510, 10, NULL, '', '2023-04-27 17:45:06', 'dine-in', 'completed', NULL, 10, '2023-05-08 12:47:28', 1, 0, 0, 0, 1, 1),
(1511, 10, NULL, '', '2023-04-27 17:46:12', 'dine-in', 'completed', NULL, 10, '2023-05-08 12:47:28', 1, 0, 0, 0, 1, 1),
(1512, 10, NULL, '', '2023-04-27 17:46:29', 'dine-in', 'completed', NULL, 10, '2023-05-08 12:47:28', 1, 0, 0, 0, 1, 1),
(1513, 10, NULL, '', '2023-04-27 17:47:35', 'dine-in', 'completed', NULL, 10, '2023-05-08 12:47:28', 1, 0, 0, 0, 1, 1),
(1514, 10, NULL, 'Hello World', '2023-04-27 19:20:47', 'dine-in', 'completed', NULL, 10, '2023-05-08 12:47:28', 1, 0, 0, 0, 1, 1),
(1515, 10, NULL, 'more food', '2023-04-30 04:13:50', 'dine-in', 'completed', NULL, 20, '2023-05-08 12:47:28', 1, 0, 0, 0, 1, 1),
(1516, 10, NULL, 'No idea', '2023-04-30 05:49:59', 'dine-in', 'completed', NULL, 20, '2023-05-08 12:47:28', 1, 0, 0, 0, 1, 1),
(1517, 10, NULL, '', '2023-04-30 06:08:54', 'takeaway', 'completed', NULL, NULL, '2023-05-08 12:47:28', 1, 0, 0, 0, 1, 1),
(1518, 10, NULL, 'No Salt', '2023-04-30 06:30:09', 'takeaway', 'completed', '2023-04-30 11:38:00', NULL, '2023-05-08 12:47:28', 1, 0, 0, 0, 1, 1),
(1519, 10, NULL, 'No ice', '2023-05-03 12:42:01', 'dine-in', 'completed', NULL, 50, '2023-05-08 12:47:28', 1, 0, 0, 0, 1, 1),
(1520, 10, NULL, 'No ice', '2023-05-03 12:42:31', 'dine-in', 'completed', NULL, 50, '2023-05-08 12:47:28', 1, 0, 0, 0, 1, 1),
(1521, 10, NULL, '', '2023-05-03 12:45:15', 'dine-in', 'completed', '2023-05-03 13:44:00', NULL, '2023-05-08 12:47:28', 1, 0, 0, 0, 1, 1),
(1522, 10, NULL, '', '2023-05-03 12:48:08', 'dine-in', 'completed', NULL, 5, '2023-05-08 12:47:28', 1, 0, 0, 0, 1, 1),
(1523, 10, NULL, '', '2023-05-03 12:50:33', 'dine-in', 'completed', NULL, 1000, '2023-05-08 12:47:28', 1, 0, 0, 0, 1, 1),
(1524, 10, NULL, '', '2023-05-03 14:03:58', 'dine-in', 'completed', NULL, 20, '2023-05-03 08:47:45', 1, 0, 0, 0, 1, 1),
(1525, 1, NULL, NULL, '2023-05-03 14:13:57', 'dine-in', 'completed', NULL, NULL, '2023-05-08 12:47:28', 1, 0, 0, 0, 1, 1),
(1526, NULL, 17, 'Not too sweet', '2023-05-04 11:26:58', 'dine-in', 'completed', '2023-05-04 23:25:00', NULL, '2023-05-08 12:47:28', 2, 310, 0, 6210, 1, 1),
(1527, NULL, 17, 'Don\'t let it melt', '2023-05-04 11:29:16', 'takeaway', 'completed', '2023-05-04 14:30:00', NULL, '2023-05-08 12:47:28', 1, 0, 0, 3600, 1, 1),
(1528, NULL, 17, 'Good wine', '2023-05-04 11:55:52', 'dine-in', 'completed', NULL, NULL, '2023-05-08 12:47:28', 1, 722, 0, 15172, 1, 1),
(1529, NULL, 18, 'Not too frozen', '2023-05-04 12:04:32', 'dine-in', 'completed', NULL, NULL, '2023-05-08 12:47:28', 19, 990, 0, 19190, 1, 1),
(1530, 10, NULL, 'Less spice', '2023-05-06 18:22:02', 'dine-in', 'completed', NULL, 5, '2023-05-08 12:47:28', 1, 0, 0, 0, 1, 1),
(1531, 10, NULL, '', '2023-05-09 04:10:37', 'bulk', 'accepted', '2023-05-09 22:42:00', NULL, NULL, 20, 0, 0, 19000, 0, 0),
(1532, 10, NULL, '', '2023-05-09 04:13:10', 'bulk', 'accepted', '2023-05-09 22:42:00', NULL, NULL, 20, 0, 0, 19000, 0, 0),
(1533, 10, NULL, 'Less spice', '2023-05-09 04:14:55', 'bulk', 'completed', NULL, 20, '2023-05-09 04:15:24', 20, 0, 0, 19000, 0, 0),
(1534, 10, NULL, 'Less sauce', '2023-05-09 10:59:07', 'bulk', 'pending', '2023-05-09 18:31:00', NULL, NULL, 2, 0, 0, 2100, 0, 0),
(1535, 10, NULL, '', '2023-05-09 11:02:41', 'bulk', 'pending', NULL, 0, NULL, 2, 0, 0, 300, 0, 0),
(1536, 10, NULL, 'My final tip', '2023-05-09 11:29:32', 'takeaway', 'pending', NULL, NULL, NULL, 2, 0, 30, 300, 0, 0),
(1537, 10, NULL, 'No plastic straws', '2023-05-09 11:32:37', 'dine-in', 'pending', NULL, 50, NULL, 2, 0, 210, 1800, 0, 0),
(1538, 10, NULL, '', '2023-05-09 11:36:45', 'dine-in', 'pending', NULL, 20, NULL, 2, 45, 90, 900, 0, 0),
(1539, 10, NULL, '', '2023-05-09 11:41:24', 'dine-in', 'pending', NULL, 15, NULL, 2, 110, 220, 1900, 0, 0);

--
-- Triggers `orders`
--
DELIMITER $$
CREATE TRIGGER `update_time_completed` BEFORE UPDATE ON `orders` FOR EACH ROW BEGIN
  IF NEW.status = 'completed' AND OLD.status != 'completed' THEN
    SET NEW.time_completed = NOW();
  END IF;
END
$$
DELIMITER ;

-- --------------------------------------------------------

--
-- Table structure for table `order_dishes`
--

CREATE TABLE `order_dishes` (
  `order_id` int(11) NOT NULL,
  `dish_id` int(11) NOT NULL,
  `quantity` int(11) NOT NULL DEFAULT 1
) ENGINE=InnoDB DEFAULT CHARSET=utf8mb4;

--
-- Dumping data for table `order_dishes`
--

INSERT INTO `order_dishes` (`order_id`, `dish_id`, `quantity`) VALUES
(1, 33, 2),
(2, 34, 5),
(2, 42, 7),
(3, 35, 2),
(3, 43, 5),
(4, 36, 7),
(5, 37, 4),
(6, 38, 8),
(7, 39, 6),
(8, 40, 9),
(9, 33, 3),
(9, 34, 4),
(9, 35, 5),
(9, 36, 3),
(9, 37, 2),
(9, 40, 1),
(9, 43, 3),
(9, 46, 2),
(11, 33, 4),
(11, 34, 5),
(11, 35, 4),
(12, 36, 4),
(12, 37, 3),
(12, 40, 1),
(13, 36, 3),
(13, 37, 4),
(14, 38, 5),
(14, 39, 4),
(14, 40, 3),
(15, 40, 3),
(15, 41, 4),
(16, 37, 1),
(16, 41, 5),
(16, 42, 4),
(16, 43, 3),
(17, 33, 3),
(17, 36, 4),
(18, 34, 5),
(18, 37, 4),
(18, 40, 3),
(19, 35, 3),
(19, 38, 4),
(20, 36, 5),
(20, 41, 4),
(20, 43, 3),
(21, 33, 4),
(21, 34, 5),
(21, 36, 4),
(22, 35, 5),
(22, 37, 4),
(23, 36, 3),
(23, 38, 4),
(23, 40, 3),
(24, 39, 4),
(24, 41, 3),
(25, 42, 5),
(25, 43, 4),
(26, 33, 3),
(26, 35, 4),
(26, 37, 6),
(27, 34, 4),
(27, 36, 3),
(28, 35, 5),
(28, 38, 4),
(28, 43, 3),
(29, 36, 3),
(29, 39, 4),
(30, 37, 5),
(30, 41, 4),
(30, 42, 3),
(31, 33, 4),
(31, 36, 5),
(32, 37, 4),
(32, 40, 5),
(33, 38, 5),
(33, 42, 4),
(34, 33, 3),
(34, 35, 4),
(34, 39, 5),
(35, 36, 5),
(35, 40, 4),
(35, 43, 3),
(36, 33, 4),
(36, 34, 3),
(37, 35, 5),
(37, 37, 4),
(37, 41, 3),
(38, 36, 3),
(38, 38, 4),
(38, 42, 5),
(39, 34, 3),
(39, 42, 3),
(40, 33, 4),
(40, 41, 5),
(41, 43, 1),
(42, 38, 2),
(42, 41, 1),
(43, 36, 3),
(43, 37, 4),
(43, 40, 3),
(43, 43, 4),
(44, 42, 2),
(45, 33, 3),
(45, 35, 3),
(45, 36, 5),
(45, 37, 2),
(45, 40, 5),
(46, 34, 3),
(46, 41, 1),
(47, 34, 2),
(47, 37, 4),
(47, 42, 5),
(47, 43, 5),
(48, 42, 3),
(49, 37, 4),
(49, 40, 3),
(50, 41, 2),
(50, 43, 5),
(51, 35, 5),
(51, 37, 3),
(51, 43, 2),
(54, 35, 4),
(54, 38, 4),
(54, 43, 5),
(55, 34, 2),
(55, 35, 4),
(56, 34, 3),
(56, 36, 3),
(56, 38, 4),
(56, 42, 3),
(56, 43, 5),
(57, 40, 5),
(58, 40, 4),
(58, 41, 4),
(58, 42, 5),
(59, 40, 1),
(59, 41, 4),
(60, 38, 3),
(61, 36, 2),
(62, 41, 3),
(62, 42, 2),
(63, 35, 2),
(63, 38, 4),
(64, 42, 4),
(65, 33, 1),
(65, 34, 1),
(65, 35, 5),
(65, 36, 5),
(65, 37, 2),
(65, 43, 2),
(67, 35, 3),
(67, 42, 2),
(68, 33, 5),
(69, 37, 1),
(70, 39, 5),
(71, 41, 3),
(72, 33, 4),
(72, 37, 1),
(72, 39, 4),
(73, 33, 1),
(73, 40, 2),
(74, 34, 4),
(74, 43, 4),
(75, 41, 4),
(76, 39, 3),
(77, 35, 4),
(77, 38, 5),
(77, 40, 2),
(78, 40, 5),
(79, 33, 5),
(79, 34, 1),
(80, 35, 3),
(80, 39, 3),
(80, 41, 1),
(82, 36, 3),
(82, 41, 5),
(82, 42, 2),
(83, 33, 3),
(84, 33, 3),
(84, 34, 2),
(84, 39, 1),
(85, 39, 2),
(85, 41, 1),
(86, 38, 3),
(87, 43, 2),
(88, 42, 5),
(89, 33, 1),
(89, 39, 1),
(90, 40, 1),
(91, 33, 3),
(91, 35, 4),
(91, 36, 1),
(92, 34, 4),
(93, 33, 4),
(93, 40, 1),
(94, 33, 2),
(95, 34, 2),
(95, 35, 4),
(97, 37, 1),
(98, 33, 4),
(99, 33, 1),
(100, 36, 5),
(100, 38, 4),
(100, 40, 2),
(100, 41, 2),
(100, 43, 3),
(101, 33, 3),
(101, 35, 1),
(101, 41, 2),
(101, 43, 5),
(102, 37, 4),
(102, 42, 3),
(103, 33, 1),
(104, 37, 2),
(104, 38, 4),
(104, 41, 1),
(105, 38, 2),
(106, 38, 3),
(107, 38, 5),
(108, 35, 3),
(108, 38, 1),
(109, 33, 5),
(109, 36, 1),
(110, 40, 3),
(111, 35, 1),
(112, 34, 1),
(112, 38, 2),
(113, 33, 1),
(114, 41, 5),
(115, 41, 4),
(116, 34, 2),
(116, 40, 4),
(117, 38, 3),
(117, 40, 4),
(118, 37, 5),
(118, 41, 5),
(118, 42, 1),
(119, 34, 2),
(119, 37, 3),
(119, 39, 3),
(120, 37, 2),
(121, 40, 2),
(121, 42, 3),
(122, 34, 5),
(122, 35, 3),
(123, 43, 3),
(124, 34, 2),
(126, 34, 4),
(126, 35, 3),
(126, 43, 5),
(127, 39, 1),
(128, 38, 2),
(128, 41, 3),
(128, 43, 5),
(129, 33, 3),
(129, 35, 5),
(131, 34, 2),
(131, 36, 5),
(132, 35, 4),
(132, 37, 4),
(132, 40, 2),
(132, 41, 1),
(133, 40, 5),
(134, 33, 1),
(134, 41, 3),
(135, 38, 5),
(137, 35, 2),
(138, 33, 3),
(138, 40, 3),
(138, 43, 4),
(140, 40, 4),
(141, 35, 5),
(141, 39, 4),
(141, 40, 5),
(141, 41, 1),
(141, 42, 4),
(141, 43, 3),
(142, 36, 1),
(142, 42, 5),
(143, 36, 5),
(143, 41, 2),
(145, 35, 3),
(145, 37, 2),
(145, 40, 4),
(146, 38, 1),
(146, 39, 3),
(146, 41, 3),
(147, 33, 1),
(147, 35, 3),
(148, 35, 5),
(149, 33, 3),
(149, 34, 1),
(149, 39, 4),
(150, 41, 3),
(151, 34, 3),
(151, 36, 5),
(151, 42, 3),
(151, 43, 5),
(153, 40, 3),
(153, 41, 3),
(154, 35, 4),
(154, 36, 5),
(154, 38, 1),
(154, 40, 2),
(154, 42, 3),
(155, 38, 1),
(156, 43, 1),
(157, 33, 5),
(157, 34, 4),
(157, 35, 5),
(158, 40, 5),
(159, 34, 3),
(159, 37, 5),
(159, 43, 3),
(160, 33, 3),
(161, 36, 3),
(161, 37, 1),
(162, 35, 2),
(162, 36, 2),
(163, 35, 5),
(164, 43, 5),
(165, 37, 4),
(165, 43, 4),
(166, 33, 3),
(166, 42, 3),
(167, 33, 5),
(167, 36, 2),
(167, 37, 5),
(167, 42, 5),
(167, 43, 1),
(168, 40, 5),
(168, 41, 4),
(168, 42, 2),
(170, 37, 4),
(170, 41, 1),
(170, 42, 5),
(171, 34, 3),
(171, 35, 4),
(172, 38, 2),
(172, 42, 2),
(174, 34, 5),
(174, 35, 4),
(174, 41, 5),
(175, 37, 2),
(176, 33, 3),
(176, 37, 2),
(176, 40, 5),
(176, 41, 4),
(176, 42, 2),
(176, 43, 4),
(177, 38, 3),
(177, 41, 1),
(178, 43, 5),
(179, 37, 2),
(179, 40, 3),
(180, 42, 1),
(181, 34, 2),
(181, 36, 4),
(181, 38, 4),
(181, 41, 2),
(183, 37, 1),
(183, 43, 2),
(184, 35, 3),
(184, 37, 1),
(184, 43, 3),
(185, 37, 5),
(185, 38, 4),
(187, 38, 5),
(187, 42, 2),
(188, 42, 2),
(189, 34, 2),
(189, 35, 3),
(189, 36, 2),
(189, 38, 5),
(189, 42, 3),
(190, 34, 2),
(190, 36, 3),
(190, 41, 2),
(191, 36, 1),
(191, 37, 5),
(191, 38, 5),
(191, 43, 1),
(192, 34, 3),
(192, 35, 4),
(192, 37, 2),
(193, 36, 4),
(193, 39, 1),
(194, 33, 2),
(195, 33, 5),
(195, 38, 5),
(195, 39, 1),
(195, 40, 2),
(196, 37, 1),
(196, 42, 5),
(197, 36, 2),
(198, 33, 5),
(198, 39, 5),
(198, 40, 4),
(199, 40, 3),
(200, 33, 4),
(201, 38, 5),
(202, 36, 5),
(203, 35, 1),
(204, 37, 4),
(205, 34, 3),
(205, 41, 1),
(205, 43, 4),
(207, 36, 1),
(207, 39, 3),
(208, 38, 4),
(208, 42, 3),
(209, 37, 1),
(209, 40, 4),
(209, 42, 5),
(210, 37, 1),
(213, 37, 5),
(213, 38, 1),
(213, 42, 1),
(214, 40, 3),
(215, 35, 4),
(215, 37, 4),
(215, 40, 3),
(215, 43, 3),
(216, 35, 1),
(216, 36, 2),
(216, 39, 4),
(216, 40, 2),
(216, 41, 1),
(217, 33, 2),
(217, 35, 1),
(217, 41, 1),
(217, 42, 5),
(217, 43, 1),
(218, 37, 3),
(218, 39, 5),
(218, 40, 4),
(219, 38, 3),
(220, 34, 3),
(220, 38, 3),
(221, 36, 2),
(223, 36, 4),
(223, 38, 3),
(224, 33, 5),
(224, 35, 1),
(225, 34, 5),
(226, 34, 2),
(226, 41, 1),
(227, 34, 2),
(227, 37, 2),
(228, 37, 1),
(228, 40, 2),
(228, 42, 5),
(228, 43, 2),
(229, 36, 2),
(229, 40, 2),
(229, 41, 1),
(230, 35, 2),
(232, 43, 3),
(233, 36, 5),
(234, 36, 4),
(234, 38, 4),
(235, 35, 2),
(235, 42, 1),
(236, 36, 2),
(236, 41, 3),
(238, 35, 4),
(238, 37, 4),
(238, 38, 3),
(238, 40, 5),
(240, 34, 1),
(240, 38, 1),
(240, 39, 3),
(240, 40, 1),
(241, 38, 1),
(241, 39, 3),
(242, 33, 1),
(242, 34, 4),
(242, 37, 1),
(244, 33, 1),
(244, 35, 2),
(245, 37, 4),
(245, 40, 5),
(245, 43, 5),
(246, 33, 1),
(246, 34, 5),
(246, 35, 5),
(246, 39, 1),
(247, 36, 3),
(247, 37, 5),
(247, 43, 4),
(248, 37, 3),
(250, 34, 3),
(251, 38, 2),
(251, 42, 2),
(253, 36, 4),
(253, 39, 3),
(254, 34, 1),
(254, 38, 5),
(255, 37, 5),
(256, 38, 3),
(256, 41, 1),
(257, 36, 2),
(257, 40, 4),
(257, 43, 5),
(258, 33, 2),
(258, 36, 5),
(258, 41, 2),
(259, 34, 4),
(259, 35, 2),
(259, 40, 4),
(259, 43, 1),
(260, 41, 3),
(260, 43, 2),
(261, 36, 3),
(261, 38, 5),
(261, 40, 5),
(262, 35, 3),
(262, 39, 2),
(262, 41, 1),
(263, 34, 5),
(263, 35, 3),
(263, 39, 3),
(264, 34, 5),
(264, 40, 1),
(264, 41, 4),
(265, 36, 4),
(265, 40, 3),
(266, 34, 4),
(266, 41, 1),
(266, 43, 2),
(267, 35, 3),
(267, 36, 3),
(267, 42, 2),
(269, 35, 4),
(271, 34, 5),
(271, 39, 5),
(271, 41, 2),
(272, 34, 5),
(272, 42, 3),
(273, 38, 3),
(273, 39, 3),
(274, 42, 4),
(275, 37, 5),
(277, 34, 3),
(277, 37, 3),
(278, 33, 3),
(278, 36, 5),
(278, 37, 2),
(278, 39, 5),
(278, 41, 2),
(279, 34, 4),
(279, 40, 4),
(279, 42, 1),
(279, 43, 3),
(281, 34, 5),
(282, 40, 5),
(283, 35, 5),
(283, 39, 1),
(284, 37, 2),
(284, 38, 2),
(284, 39, 5),
(284, 43, 3),
(285, 34, 3),
(286, 42, 4),
(287, 36, 1),
(287, 41, 2),
(288, 39, 5),
(289, 35, 2),
(290, 37, 4),
(291, 33, 2),
(291, 39, 5),
(292, 39, 3),
(293, 43, 4),
(294, 33, 3),
(294, 34, 2),
(294, 40, 1),
(295, 42, 1),
(296, 36, 3),
(296, 39, 2),
(296, 41, 1),
(297, 36, 1),
(297, 43, 1),
(298, 41, 2),
(299, 35, 5),
(299, 36, 1),
(299, 41, 4),
(300, 33, 5),
(300, 34, 2),
(300, 41, 1),
(302, 37, 1),
(302, 42, 1),
(303, 36, 3),
(303, 39, 5),
(304, 34, 4),
(304, 38, 3),
(305, 38, 1),
(305, 43, 3),
(309, 41, 1),
(309, 43, 5),
(310, 34, 3),
(310, 41, 2),
(312, 35, 5),
(312, 42, 2),
(313, 33, 2),
(313, 34, 1),
(313, 37, 1),
(313, 38, 4),
(314, 34, 3),
(317, 39, 2),
(317, 41, 4),
(317, 43, 1),
(318, 33, 2),
(318, 43, 5),
(319, 34, 4),
(319, 40, 2),
(320, 39, 5),
(320, 42, 4),
(322, 37, 3),
(322, 39, 4),
(322, 43, 3),
(323, 40, 4),
(324, 36, 1),
(324, 43, 1),
(325, 33, 1),
(325, 34, 4),
(326, 36, 4),
(326, 38, 3),
(327, 34, 2),
(327, 37, 1),
(327, 40, 5),
(327, 41, 1),
(328, 33, 3),
(330, 35, 1),
(330, 39, 3),
(331, 35, 5),
(331, 43, 4),
(332, 38, 4),
(332, 43, 4),
(333, 35, 3),
(333, 37, 1),
(333, 42, 3),
(334, 36, 2),
(334, 39, 2),
(334, 42, 3),
(335, 33, 5),
(335, 41, 1),
(337, 33, 4),
(337, 34, 3),
(337, 42, 2),
(338, 35, 1),
(338, 38, 5),
(339, 34, 4),
(339, 39, 4),
(340, 38, 4),
(340, 42, 4),
(341, 42, 1),
(342, 42, 3),
(342, 43, 4),
(345, 36, 2),
(346, 36, 5),
(346, 38, 2),
(346, 39, 5),
(346, 41, 2),
(346, 43, 4),
(347, 38, 4),
(347, 39, 3),
(348, 36, 2),
(348, 37, 1),
(348, 39, 3),
(348, 40, 5),
(349, 34, 4),
(349, 38, 3),
(349, 39, 2),
(350, 34, 5),
(350, 39, 3),
(351, 37, 3),
(351, 42, 1),
(352, 43, 2),
(353, 36, 2),
(355, 33, 5),
(355, 37, 5),
(355, 38, 2),
(356, 35, 5),
(356, 43, 4),
(357, 34, 2),
(357, 37, 2),
(357, 39, 3),
(358, 33, 3),
(358, 37, 2),
(358, 38, 4),
(358, 39, 1),
(358, 41, 5),
(359, 40, 3),
(360, 41, 1),
(361, 37, 1),
(362, 39, 5),
(362, 41, 1),
(363, 37, 3),
(363, 41, 2),
(364, 35, 3),
(365, 37, 3),
(366, 33, 5),
(366, 40, 5),
(366, 42, 1),
(366, 43, 2),
(367, 41, 3),
(367, 43, 1),
(368, 33, 2),
(368, 37, 3),
(368, 38, 2),
(368, 40, 5),
(369, 34, 3),
(369, 36, 3),
(369, 41, 5),
(371, 43, 5),
(372, 40, 1),
(372, 43, 5),
(373, 43, 5),
(374, 33, 2),
(374, 37, 2),
(374, 38, 4),
(375, 34, 3),
(375, 43, 4),
(376, 33, 3),
(376, 34, 3),
(376, 35, 5),
(376, 37, 1),
(376, 40, 3),
(378, 33, 2),
(378, 38, 3),
(378, 41, 3),
(379, 37, 1),
(379, 39, 5),
(380, 39, 2),
(382, 34, 4),
(382, 35, 1),
(382, 42, 1),
(383, 33, 5),
(384, 33, 2),
(384, 38, 1),
(384, 40, 3),
(384, 41, 2),
(386, 35, 5),
(386, 42, 4),
(387, 38, 2),
(387, 39, 1),
(387, 42, 1),
(387, 43, 1),
(388, 34, 5),
(388, 35, 4),
(388, 36, 4),
(388, 41, 4),
(389, 35, 3),
(389, 36, 5),
(389, 39, 2),
(390, 35, 2),
(390, 37, 2),
(391, 37, 5),
(391, 40, 1),
(392, 34, 4),
(392, 43, 2),
(393, 34, 1),
(393, 41, 2),
(395, 33, 3),
(395, 39, 2),
(395, 41, 5),
(395, 43, 1),
(396, 38, 3),
(396, 41, 1),
(397, 33, 2),
(397, 36, 4),
(397, 40, 2),
(397, 41, 4),
(398, 34, 5),
(398, 39, 5),
(398, 40, 3),
(399, 39, 1),
(399, 40, 1),
(400, 33, 2),
(400, 35, 5),
(400, 36, 3),
(400, 41, 3),
(400, 42, 4),
(402, 39, 5),
(403, 40, 1),
(405, 35, 4),
(405, 40, 3),
(406, 39, 1),
(408, 41, 2),
(409, 33, 2),
(409, 39, 1),
(409, 43, 2),
(410, 33, 1),
(410, 34, 3),
(410, 36, 1),
(410, 42, 2),
(411, 36, 4),
(411, 40, 1),
(412, 40, 2),
(413, 36, 5),
(413, 38, 4),
(413, 41, 5),
(414, 35, 4),
(414, 38, 5),
(415, 35, 1),
(415, 41, 1),
(415, 42, 3),
(416, 34, 4),
(416, 41, 1),
(417, 36, 5),
(417, 37, 4),
(417, 38, 5),
(418, 35, 5),
(419, 36, 5),
(419, 40, 3),
(419, 42, 4),
(421, 36, 5),
(421, 38, 4),
(421, 42, 5),
(421, 43, 1),
(422, 42, 5),
(423, 34, 3),
(423, 41, 2),
(424, 34, 5),
(424, 37, 4),
(424, 43, 1),
(425, 40, 3),
(426, 36, 5),
(426, 39, 1),
(427, 34, 1),
(427, 37, 4),
(427, 38, 1),
(428, 38, 2),
(428, 42, 3),
(430, 41, 1),
(431, 35, 1),
(431, 36, 2),
(431, 39, 2),
(431, 42, 2),
(433, 38, 4),
(434, 36, 5),
(434, 40, 5),
(435, 39, 1),
(436, 33, 1),
(436, 38, 5),
(436, 39, 3),
(436, 41, 1),
(437, 34, 5),
(437, 35, 5),
(438, 37, 3),
(438, 42, 2),
(438, 43, 1),
(439, 35, 4),
(439, 37, 1),
(441, 33, 2),
(441, 38, 4),
(441, 39, 2),
(442, 34, 5),
(443, 42, 2),
(444, 34, 4),
(445, 35, 4),
(445, 41, 2),
(445, 43, 4),
(446, 39, 3),
(446, 40, 1),
(447, 40, 2),
(447, 42, 5),
(448, 34, 3),
(448, 42, 3),
(451, 37, 4),
(452, 40, 4),
(453, 34, 2),
(453, 36, 1),
(454, 37, 5),
(454, 41, 3),
(455, 40, 1),
(456, 40, 4),
(457, 36, 4),
(457, 42, 4),
(459, 33, 5),
(459, 36, 2),
(459, 39, 1),
(460, 37, 5),
(460, 39, 1),
(460, 42, 4),
(462, 35, 1),
(462, 41, 2),
(462, 43, 5),
(463, 43, 3),
(464, 33, 4),
(464, 42, 2),
(465, 34, 1),
(466, 40, 5),
(469, 33, 2),
(469, 40, 4),
(472, 33, 4),
(473, 33, 4),
(473, 35, 1),
(473, 38, 1),
(474, 34, 4),
(474, 35, 3),
(474, 41, 4),
(475, 36, 4),
(476, 43, 4),
(477, 40, 2),
(477, 42, 1),
(477, 43, 5),
(478, 36, 5),
(478, 37, 5),
(479, 34, 1),
(479, 36, 1),
(479, 43, 2),
(480, 35, 4),
(480, 37, 3),
(480, 38, 5),
(480, 39, 5),
(480, 42, 1),
(481, 35, 1),
(481, 38, 4),
(481, 41, 3),
(481, 43, 2),
(482, 38, 2),
(482, 42, 2),
(483, 33, 2),
(483, 34, 5),
(483, 37, 1),
(484, 41, 3),
(484, 43, 3),
(485, 34, 5),
(485, 35, 3),
(485, 41, 1),
(486, 36, 4),
(486, 37, 5),
(487, 34, 5),
(488, 35, 2),
(489, 35, 3),
(489, 38, 1),
(489, 40, 4),
(493, 35, 1),
(494, 35, 2),
(494, 37, 3),
(494, 43, 5),
(495, 35, 5),
(495, 38, 5),
(495, 41, 1),
(495, 43, 5),
(496, 33, 2),
(496, 39, 4),
(497, 35, 2),
(497, 36, 1),
(497, 39, 5),
(497, 40, 4),
(498, 35, 2),
(498, 37, 2),
(498, 38, 1),
(498, 41, 3),
(499, 41, 1),
(500, 36, 4),
(500, 37, 1),
(500, 42, 4),
(501, 39, 3),
(502, 37, 2),
(502, 39, 5),
(502, 42, 2),
(503, 39, 5),
(504, 35, 5),
(504, 38, 1),
(505, 39, 2),
(505, 40, 5),
(506, 42, 5),
(507, 38, 1),
(508, 36, 3),
(508, 40, 2),
(508, 41, 5),
(508, 42, 5),
(509, 35, 5),
(509, 39, 2),
(509, 40, 1),
(510, 35, 5),
(511, 35, 5),
(511, 36, 2),
(511, 40, 1),
(512, 35, 1),
(512, 39, 1),
(512, 40, 3),
(512, 42, 2),
(513, 36, 1),
(514, 39, 3),
(515, 35, 5),
(515, 36, 4),
(515, 40, 3),
(516, 38, 3),
(517, 40, 2),
(517, 42, 5),
(519, 33, 3),
(520, 33, 3),
(520, 37, 3),
(520, 39, 5),
(521, 33, 1),
(522, 34, 2),
(522, 35, 5),
(522, 40, 1),
(522, 43, 5),
(523, 34, 4),
(523, 38, 3),
(524, 36, 5),
(524, 38, 3),
(524, 40, 1),
(525, 37, 4),
(525, 38, 5),
(526, 37, 5),
(526, 38, 4),
(528, 36, 2),
(528, 38, 1),
(528, 42, 5),
(529, 35, 5),
(529, 38, 3),
(529, 39, 2),
(530, 34, 4),
(531, 34, 2),
(531, 38, 4),
(531, 40, 4),
(532, 37, 3),
(533, 37, 5),
(533, 42, 4),
(534, 36, 3),
(534, 40, 1),
(536, 38, 5),
(536, 39, 3),
(536, 40, 5),
(537, 33, 3),
(537, 41, 5),
(538, 34, 1),
(538, 35, 3),
(538, 37, 3),
(538, 39, 4),
(538, 42, 3),
(539, 41, 2),
(540, 38, 5),
(540, 39, 5),
(540, 41, 1),
(542, 34, 1),
(543, 39, 3),
(543, 43, 4),
(544, 34, 5),
(544, 36, 1),
(544, 41, 3),
(546, 33, 4),
(546, 34, 3),
(546, 40, 1),
(547, 33, 3),
(547, 42, 1),
(548, 40, 2),
(549, 38, 2),
(549, 39, 1),
(549, 42, 3),
(550, 37, 1),
(550, 38, 2),
(550, 40, 3),
(550, 42, 2),
(551, 41, 4),
(552, 37, 3),
(553, 33, 2),
(553, 38, 5),
(554, 38, 3),
(555, 38, 1),
(556, 34, 1),
(556, 36, 2),
(556, 39, 5),
(557, 35, 3),
(557, 43, 1),
(558, 34, 4),
(559, 37, 3),
(559, 40, 2),
(560, 43, 5),
(561, 35, 4),
(561, 40, 5),
(561, 41, 3),
(562, 33, 4),
(562, 37, 5),
(563, 35, 4),
(563, 37, 1),
(564, 36, 5),
(564, 42, 4),
(565, 36, 4),
(565, 41, 4),
(565, 42, 2),
(568, 33, 1),
(568, 36, 5),
(568, 42, 2),
(568, 43, 5),
(569, 34, 1),
(569, 36, 2),
(569, 38, 4),
(570, 36, 4),
(571, 33, 1),
(571, 36, 2),
(571, 38, 1),
(571, 40, 4),
(572, 34, 4),
(572, 35, 5),
(572, 43, 3),
(573, 42, 2),
(574, 43, 5),
(575, 39, 5),
(575, 40, 2),
(576, 38, 4),
(577, 33, 4),
(577, 37, 4),
(577, 42, 1),
(577, 43, 3),
(578, 37, 1),
(579, 35, 5),
(579, 38, 3),
(580, 36, 3),
(580, 37, 3),
(580, 40, 2),
(580, 41, 2),
(581, 42, 4),
(582, 33, 3),
(584, 33, 5),
(584, 35, 3),
(584, 43, 4),
(585, 41, 5),
(586, 36, 3),
(587, 42, 5),
(588, 35, 4),
(589, 36, 1),
(589, 39, 4),
(589, 41, 1),
(590, 33, 5),
(591, 35, 4),
(591, 38, 5),
(592, 40, 2),
(592, 43, 2),
(594, 42, 2),
(595, 43, 3),
(596, 37, 2),
(596, 38, 4),
(596, 39, 2),
(596, 42, 2),
(597, 33, 3),
(597, 37, 3),
(597, 40, 3),
(598, 33, 2),
(598, 37, 3),
(599, 33, 5),
(600, 37, 5),
(600, 41, 2),
(601, 43, 1),
(602, 34, 2),
(603, 34, 1),
(604, 34, 3),
(604, 37, 1),
(604, 43, 2),
(605, 37, 4),
(606, 38, 4),
(606, 41, 2),
(607, 34, 2),
(607, 42, 3),
(607, 43, 1),
(608, 36, 2),
(609, 33, 4),
(609, 35, 5),
(609, 37, 5),
(610, 40, 4),
(610, 41, 4),
(610, 43, 5),
(611, 35, 5),
(611, 37, 3),
(611, 40, 1),
(611, 41, 3),
(612, 39, 4),
(613, 34, 1),
(613, 37, 1),
(614, 34, 2),
(614, 35, 3),
(614, 36, 1),
(615, 43, 2),
(617, 35, 2),
(617, 39, 5),
(618, 38, 1),
(619, 38, 5),
(619, 43, 1),
(620, 34, 3),
(620, 40, 3),
(620, 43, 5),
(621, 34, 4),
(621, 36, 1),
(624, 35, 4),
(624, 36, 1),
(624, 38, 1),
(625, 35, 5),
(625, 39, 3),
(626, 35, 1),
(627, 33, 5),
(627, 37, 1),
(628, 40, 1),
(629, 36, 5),
(629, 37, 1),
(629, 42, 3),
(630, 35, 3),
(630, 39, 1),
(630, 41, 4),
(632, 34, 4),
(632, 42, 4),
(633, 36, 5),
(633, 41, 3),
(634, 37, 2),
(635, 33, 1),
(635, 34, 2),
(635, 40, 2),
(636, 36, 5),
(637, 37, 1),
(637, 42, 2),
(638, 42, 4),
(640, 41, 5),
(641, 37, 1),
(641, 38, 3),
(641, 41, 5),
(641, 42, 1),
(642, 42, 4),
(643, 43, 5),
(644, 34, 1),
(644, 42, 1),
(645, 39, 1),
(647, 37, 1),
(647, 38, 4),
(651, 33, 5),
(652, 36, 4),
(652, 38, 3),
(653, 34, 3),
(653, 35, 2),
(655, 33, 3),
(655, 34, 3),
(655, 39, 1),
(655, 41, 2),
(656, 33, 2),
(656, 36, 1),
(656, 37, 1),
(656, 39, 3),
(657, 37, 5),
(658, 42, 4),
(659, 33, 5),
(659, 35, 2),
(659, 37, 2),
(659, 39, 1),
(659, 41, 1),
(661, 33, 1),
(661, 43, 4),
(662, 34, 5),
(662, 35, 2),
(663, 40, 4),
(664, 37, 5),
(664, 40, 1),
(665, 33, 5),
(665, 36, 2),
(665, 37, 1),
(666, 34, 3),
(666, 42, 2),
(667, 33, 4),
(667, 35, 5),
(667, 41, 3),
(668, 34, 4),
(668, 42, 4),
(669, 33, 2),
(669, 34, 4),
(669, 43, 5),
(670, 36, 1),
(670, 37, 2),
(670, 38, 3),
(672, 42, 5),
(673, 33, 5),
(673, 41, 3),
(673, 43, 1),
(674, 38, 4),
(675, 35, 4),
(676, 36, 1),
(676, 42, 4),
(676, 43, 1),
(677, 36, 5),
(678, 37, 3),
(679, 34, 5),
(680, 35, 3),
(681, 37, 3),
(681, 38, 2),
(682, 34, 4),
(682, 43, 4),
(683, 36, 3),
(683, 37, 2),
(683, 41, 4),
(684, 33, 2),
(684, 43, 3),
(685, 35, 3),
(685, 37, 2),
(685, 40, 5),
(686, 35, 5),
(686, 36, 3),
(686, 42, 2),
(687, 33, 5),
(688, 38, 3),
(688, 41, 5),
(689, 36, 5),
(689, 43, 1),
(690, 43, 3),
(691, 33, 1),
(691, 36, 2),
(691, 41, 5),
(692, 35, 1),
(692, 41, 5),
(693, 36, 1),
(693, 38, 4),
(693, 41, 2),
(693, 43, 1),
(694, 37, 1),
(695, 33, 2),
(695, 36, 4),
(696, 37, 3),
(696, 38, 2),
(698, 33, 1),
(698, 37, 1),
(698, 39, 1),
(699, 42, 5),
(699, 43, 2),
(700, 35, 2),
(700, 39, 1),
(701, 40, 2),
(701, 43, 2),
(702, 34, 2),
(702, 38, 1),
(702, 41, 1),
(703, 36, 5),
(703, 41, 5),
(704, 35, 5),
(704, 41, 3),
(705, 33, 4),
(705, 35, 5),
(705, 38, 1),
(705, 39, 2),
(706, 41, 3),
(707, 34, 1),
(708, 40, 5),
(708, 41, 5),
(709, 33, 5),
(710, 36, 2),
(710, 40, 4),
(711, 39, 3),
(711, 41, 3),
(711, 42, 3),
(712, 35, 1),
(712, 40, 5),
(713, 33, 4),
(713, 35, 3),
(713, 36, 3),
(713, 41, 3),
(714, 35, 4),
(714, 40, 2),
(715, 35, 1),
(715, 39, 3),
(715, 40, 1),
(717, 33, 2),
(718, 43, 2),
(719, 40, 1),
(721, 33, 5),
(721, 39, 4),
(723, 33, 3),
(723, 37, 5),
(724, 40, 1),
(725, 35, 3),
(725, 43, 2),
(727, 33, 4),
(727, 36, 2),
(727, 38, 4),
(727, 40, 1),
(727, 42, 4),
(728, 33, 2),
(728, 35, 3),
(728, 42, 2),
(729, 37, 4),
(730, 34, 4),
(730, 37, 3),
(730, 41, 2),
(730, 42, 4),
(730, 43, 4),
(731, 33, 1),
(731, 41, 1),
(731, 42, 2),
(732, 37, 2),
(732, 41, 4),
(733, 42, 2),
(734, 35, 1),
(734, 38, 2),
(734, 40, 3),
(735, 36, 3),
(736, 37, 3),
(738, 33, 3),
(738, 34, 2),
(738, 37, 4),
(739, 34, 2),
(739, 35, 1),
(739, 41, 4),
(741, 36, 5),
(741, 40, 4),
(742, 43, 5),
(744, 40, 4),
(745, 33, 2),
(745, 34, 3),
(745, 36, 3),
(745, 40, 3),
(747, 35, 5),
(747, 36, 3),
(747, 37, 4),
(747, 38, 3),
(748, 36, 4),
(748, 37, 3),
(749, 33, 5),
(750, 34, 1),
(750, 36, 3),
(752, 35, 3),
(753, 36, 1),
(753, 37, 3),
(753, 39, 5),
(753, 43, 1),
(754, 35, 3),
(754, 39, 3),
(755, 33, 1),
(755, 38, 2),
(755, 40, 2),
(755, 43, 4),
(756, 34, 2),
(756, 38, 4),
(756, 43, 2),
(757, 33, 5),
(757, 36, 3),
(757, 42, 2),
(758, 37, 1),
(758, 41, 3),
(758, 42, 2),
(759, 35, 4),
(759, 41, 5),
(759, 42, 1),
(760, 40, 5),
(762, 41, 4),
(764, 36, 5),
(765, 33, 4),
(765, 35, 5),
(765, 38, 1),
(765, 39, 5),
(766, 33, 5),
(766, 35, 2),
(766, 38, 5),
(766, 39, 4),
(766, 42, 3),
(767, 35, 1),
(767, 38, 2),
(767, 43, 2),
(768, 35, 2),
(768, 38, 5),
(768, 42, 1),
(769, 36, 3),
(769, 43, 5),
(770, 38, 4),
(771, 34, 3),
(771, 41, 5),
(772, 34, 1),
(772, 40, 3),
(774, 35, 4),
(774, 37, 1),
(774, 38, 4),
(774, 39, 3),
(775, 37, 4),
(775, 39, 1),
(775, 42, 1),
(775, 43, 5),
(776, 40, 1),
(777, 35, 2),
(777, 36, 3),
(777, 37, 1),
(777, 41, 3),
(778, 33, 1),
(778, 34, 5),
(778, 42, 5),
(779, 35, 1),
(779, 38, 5),
(779, 43, 4),
(780, 42, 4),
(781, 38, 1),
(781, 42, 4),
(782, 37, 2),
(782, 38, 5),
(783, 55, 1),
(785, 36, 2),
(786, 33, 4),
(787, 33, 1),
(787, 36, 4),
(787, 37, 5),
(787, 40, 1),
(787, 41, 1),
(789, 35, 3),
(789, 43, 5),
(791, 42, 4),
(791, 43, 2),
(792, 38, 5),
(792, 39, 5),
(792, 42, 1),
(793, 33, 1),
(793, 34, 3),
(793, 36, 4),
(794, 36, 3),
(794, 42, 3),
(795, 33, 1),
(795, 38, 2),
(796, 34, 3),
(796, 39, 5),
(796, 41, 4),
(796, 43, 2),
(797, 33, 3),
(797, 39, 2),
(798, 36, 1),
(798, 40, 5),
(798, 41, 4),
(799, 34, 5),
(799, 37, 3),
(800, 33, 1),
(800, 40, 3),
(801, 35, 1),
(801, 36, 5),
(801, 37, 3),
(801, 38, 5),
(802, 40, 2),
(802, 43, 5),
(803, 38, 1),
(803, 39, 1),
(803, 41, 3),
(804, 34, 4),
(804, 40, 4),
(804, 43, 1),
(805, 34, 4),
(805, 42, 1),
(805, 43, 2),
(806, 35, 1),
(806, 43, 3),
(807, 33, 1),
(807, 34, 2),
(808, 33, 3),
(808, 35, 2),
(808, 36, 1),
(808, 39, 2),
(808, 42, 3),
(810, 37, 1),
(811, 33, 1),
(811, 43, 4),
(812, 37, 5),
(812, 43, 2),
(813, 43, 4),
(814, 41, 5),
(815, 37, 2),
(816, 33, 1),
(816, 34, 1),
(816, 39, 1),
(817, 40, 2),
(817, 41, 2),
(818, 33, 4),
(818, 37, 1),
(818, 38, 5),
(818, 43, 3),
(819, 34, 2),
(819, 35, 3),
(819, 38, 1),
(822, 38, 2),
(823, 37, 2),
(824, 35, 2),
(825, 36, 1),
(825, 40, 2),
(826, 42, 5),
(827, 33, 4),
(827, 36, 1),
(828, 34, 2),
(828, 38, 3),
(830, 37, 1),
(830, 38, 3),
(830, 41, 5),
(830, 42, 1),
(831, 33, 3),
(831, 34, 1),
(832, 33, 1),
(832, 39, 5),
(834, 41, 1),
(834, 43, 3),
(835, 35, 4),
(835, 36, 3),
(835, 40, 4),
(836, 34, 1),
(836, 41, 1),
(837, 33, 4),
(837, 34, 3),
(837, 39, 5),
(837, 40, 2),
(838, 37, 2),
(839, 34, 3),
(839, 37, 1),
(842, 37, 3),
(843, 34, 2),
(843, 41, 4),
(843, 43, 5),
(844, 38, 1),
(845, 33, 3),
(845, 36, 2),
(845, 40, 2),
(845, 43, 2),
(846, 35, 2),
(846, 41, 4),
(848, 40, 5),
(848, 41, 2),
(849, 34, 5),
(849, 35, 2),
(849, 41, 1),
(850, 43, 3),
(851, 33, 1),
(851, 38, 1),
(851, 41, 4),
(851, 42, 5),
(852, 34, 3),
(852, 35, 5),
(852, 42, 1),
(853, 33, 4),
(853, 35, 4),
(853, 37, 3),
(853, 42, 2),
(855, 42, 2),
(856, 33, 2),
(856, 36, 5),
(856, 40, 5),
(857, 40, 1),
(858, 39, 4),
(859, 35, 1),
(859, 38, 4),
(859, 41, 5),
(860, 35, 1),
(860, 42, 5),
(861, 37, 5),
(861, 39, 4),
(863, 35, 5),
(863, 37, 2),
(863, 40, 3),
(864, 41, 5),
(865, 36, 2),
(865, 39, 2),
(865, 40, 3),
(866, 33, 5),
(866, 34, 1),
(866, 36, 4),
(866, 42, 3),
(866, 43, 5),
(868, 33, 2),
(868, 34, 5),
(868, 35, 4),
(868, 38, 3),
(869, 33, 4),
(869, 35, 1),
(869, 36, 1),
(870, 37, 2),
(870, 38, 2),
(870, 39, 5),
(871, 34, 1),
(871, 37, 1),
(871, 38, 3),
(871, 41, 2),
(872, 35, 4),
(872, 36, 4),
(872, 39, 1),
(872, 41, 4),
(872, 43, 4),
(873, 42, 2),
(874, 35, 3),
(874, 39, 5),
(874, 42, 4),
(875, 35, 1),
(876, 40, 2),
(876, 42, 2),
(877, 41, 5),
(878, 42, 1),
(879, 34, 1),
(879, 37, 3),
(879, 40, 2),
(880, 33, 4),
(881, 33, 2),
(881, 34, 4),
(881, 36, 2),
(882, 35, 1),
(882, 39, 2),
(882, 40, 2),
(883, 33, 2),
(883, 36, 2),
(883, 37, 5),
(883, 39, 5),
(883, 43, 1),
(885, 34, 1),
(886, 33, 2),
(886, 35, 4),
(887, 35, 4),
(888, 36, 2),
(889, 35, 5),
(890, 36, 1),
(890, 38, 4),
(892, 33, 3),
(892, 40, 5),
(893, 33, 5),
(894, 36, 1),
(895, 33, 1),
(895, 38, 1),
(895, 40, 2),
(896, 35, 4),
(896, 43, 2),
(897, 36, 1),
(897, 40, 1),
(897, 43, 4),
(898, 41, 4),
(898, 42, 1),
(899, 34, 5),
(900, 33, 4),
(900, 37, 1),
(900, 43, 2),
(901, 38, 2),
(902, 35, 3),
(902, 39, 3),
(903, 35, 5),
(903, 38, 2),
(904, 36, 2),
(904, 39, 3),
(904, 43, 2),
(905, 33, 3),
(905, 38, 3),
(906, 33, 2),
(906, 34, 3),
(906, 39, 4),
(907, 39, 5),
(907, 40, 5),
(907, 43, 5),
(908, 33, 1),
(908, 35, 2),
(908, 39, 2),
(909, 39, 1),
(910, 33, 1),
(911, 34, 5),
(911, 35, 1),
(913, 36, 4),
(914, 34, 5),
(914, 36, 2),
(914, 43, 2),
(915, 36, 3),
(915, 42, 4),
(916, 34, 4),
(916, 39, 5),
(918, 43, 5),
(919, 37, 5),
(919, 42, 4),
(920, 39, 5),
(921, 33, 2),
(921, 41, 4),
(921, 43, 2),
(922, 33, 4),
(922, 37, 3),
(923, 37, 2),
(923, 38, 2),
(923, 39, 4),
(923, 43, 2),
(924, 36, 1),
(925, 36, 1),
(925, 37, 2),
(925, 38, 5),
(925, 40, 5),
(925, 41, 3),
(928, 33, 4),
(928, 35, 1),
(928, 37, 1),
(928, 40, 5),
(929, 35, 2),
(930, 36, 4),
(930, 39, 2),
(930, 41, 2),
(931, 39, 4),
(931, 43, 4),
(932, 33, 5),
(932, 36, 2),
(933, 34, 5),
(933, 39, 5),
(933, 41, 2),
(934, 38, 2),
(935, 35, 2),
(936, 35, 4),
(936, 36, 2),
(936, 39, 3),
(936, 40, 3),
(936, 42, 1),
(937, 38, 1),
(937, 40, 4),
(937, 41, 4),
(937, 43, 2),
(938, 38, 4),
(938, 40, 2),
(938, 42, 5),
(939, 36, 5),
(939, 38, 4),
(939, 39, 4),
(939, 41, 3),
(939, 43, 5),
(940, 35, 3),
(940, 38, 4),
(940, 40, 5),
(940, 42, 3),
(940, 43, 4),
(941, 38, 5),
(941, 40, 4),
(941, 41, 4),
(942, 34, 4),
(943, 38, 3),
(943, 39, 1),
(943, 40, 5),
(943, 43, 4),
(944, 37, 3),
(944, 39, 4),
(946, 38, 1),
(946, 40, 2),
(946, 41, 5),
(946, 42, 1),
(947, 38, 3),
(947, 40, 2),
(949, 38, 1),
(949, 43, 4),
(950, 36, 3),
(950, 41, 3),
(951, 34, 3),
(951, 42, 4),
(952, 36, 2),
(952, 37, 1),
(954, 39, 1),
(954, 40, 3),
(954, 41, 4),
(954, 42, 5),
(955, 40, 3),
(956, 35, 3),
(957, 35, 4),
(957, 41, 3),
(958, 36, 5),
(958, 40, 4),
(959, 34, 3),
(959, 36, 1),
(959, 43, 3),
(960, 42, 2),
(961, 42, 2),
(962, 37, 1),
(962, 40, 2),
(962, 42, 1),
(964, 36, 4),
(964, 40, 5),
(964, 42, 3),
(965, 36, 2),
(965, 38, 3),
(965, 39, 3),
(966, 33, 4),
(966, 36, 2),
(966, 39, 4),
(967, 43, 2),
(968, 33, 3),
(968, 38, 1),
(968, 40, 2),
(968, 41, 4),
(968, 43, 2),
(969, 38, 5),
(970, 43, 5),
(971, 37, 4),
(971, 41, 2),
(972, 41, 2),
(972, 42, 4),
(973, 39, 5),
(973, 40, 1),
(974, 36, 4),
(974, 42, 1),
(975, 34, 1),
(975, 35, 3),
(975, 42, 2),
(976, 37, 1),
(976, 38, 1),
(976, 40, 2),
(977, 35, 5),
(978, 41, 3),
(980, 37, 1),
(981, 33, 3),
(982, 34, 2),
(982, 36, 3),
(983, 38, 5),
(984, 33, 2),
(985, 33, 2),
(985, 36, 3),
(985, 42, 3),
(986, 33, 4),
(986, 36, 5),
(987, 39, 5),
(988, 33, 3),
(988, 34, 1),
(989, 34, 2),
(989, 43, 4),
(990, 33, 2),
(990, 43, 4),
(992, 36, 4),
(993, 42, 5),
(994, 34, 4),
(994, 35, 2),
(995, 33, 3),
(995, 36, 3),
(995, 43, 2),
(996, 33, 1),
(996, 42, 4),
(998, 41, 2),
(999, 33, 5),
(999, 40, 5),
(1000, 33, 5),
(1000, 34, 3),
(1001, 36, 1),
(1001, 38, 3),
(1002, 33, 1),
(1002, 35, 5),
(1002, 41, 2),
(1003, 38, 5),
(1004, 37, 2),
(1006, 40, 5),
(1007, 33, 5),
(1007, 39, 5),
(1008, 41, 3),
(1009, 36, 4),
(1009, 37, 2),
(1009, 38, 4),
(1010, 34, 2),
(1010, 35, 4),
(1010, 38, 4),
(1010, 39, 3),
(1010, 43, 3),
(1011, 33, 3),
(1011, 34, 1),
(1011, 37, 5),
(1012, 40, 5),
(1013, 34, 3),
(1013, 37, 3),
(1013, 43, 2),
(1014, 33, 2),
(1014, 39, 1),
(1014, 43, 4),
(1015, 38, 3),
(1015, 43, 4),
(1017, 33, 2),
(1017, 41, 1),
(1018, 34, 4),
(1018, 40, 3),
(1018, 42, 5),
(1019, 33, 3),
(1020, 39, 2),
(1021, 38, 1),
(1022, 34, 5),
(1022, 40, 5),
(1022, 42, 5),
(1023, 34, 4),
(1023, 37, 2),
(1023, 39, 3),
(1023, 40, 1),
(1024, 33, 1),
(1024, 36, 3),
(1025, 37, 1),
(1026, 33, 5),
(1026, 35, 1),
(1026, 38, 2),
(1026, 42, 1),
(1027, 40, 4),
(1027, 42, 1),
(1027, 43, 5),
(1029, 33, 1),
(1029, 39, 1),
(1030, 33, 1),
(1030, 42, 5),
(1031, 40, 1),
(1031, 43, 5),
(1032, 36, 2),
(1032, 43, 4),
(1033, 42, 5),
(1034, 40, 5),
(1034, 43, 4),
(1035, 37, 5),
(1035, 42, 3),
(1036, 39, 5),
(1036, 41, 1),
(1037, 33, 5),
(1037, 39, 5),
(1038, 33, 4),
(1038, 37, 4),
(1039, 37, 2),
(1040, 33, 2),
(1040, 43, 1),
(1041, 36, 2),
(1041, 39, 2),
(1042, 35, 2),
(1043, 34, 5),
(1043, 36, 5),
(1044, 35, 2),
(1044, 37, 4),
(1044, 40, 1),
(1045, 36, 2),
(1046, 33, 3),
(1047, 37, 5),
(1047, 43, 5),
(1048, 36, 5),
(1048, 37, 4),
(1049, 38, 4),
(1049, 39, 4),
(1049, 40, 3),
(1049, 42, 1),
(1050, 37, 5),
(1050, 39, 1),
(1050, 41, 3),
(1051, 33, 3),
(1051, 34, 1),
(1051, 36, 1),
(1052, 37, 2),
(1052, 41, 2),
(1052, 43, 1),
(1053, 34, 5),
(1053, 37, 3),
(1053, 41, 5),
(1054, 40, 2),
(1055, 36, 3),
(1057, 39, 3),
(1057, 43, 4),
(1058, 35, 2),
(1058, 41, 1),
(1059, 38, 1),
(1059, 41, 1),
(1060, 36, 4),
(1060, 38, 2),
(1061, 38, 4),
(1061, 41, 2),
(1062, 37, 4),
(1062, 39, 2),
(1062, 42, 5),
(1064, 38, 4),
(1065, 35, 4),
(1065, 36, 1),
(1066, 41, 1),
(1067, 38, 5),
(1067, 41, 3),
(1067, 43, 2),
(1068, 41, 3),
(1069, 36, 1),
(1069, 37, 2),
(1071, 35, 5),
(1071, 38, 2),
(1071, 42, 1),
(1072, 34, 4),
(1072, 36, 3),
(1072, 40, 4),
(1072, 41, 1),
(1072, 42, 1),
(1073, 37, 5),
(1073, 38, 3),
(1074, 35, 4),
(1075, 36, 1),
(1075, 42, 1),
(1077, 33, 5),
(1077, 35, 5),
(1077, 38, 5),
(1077, 42, 3),
(1079, 34, 5),
(1079, 40, 3),
(1080, 36, 5),
(1080, 40, 2),
(1080, 42, 2),
(1080, 43, 2),
(1081, 36, 1),
(1082, 41, 1),
(1082, 43, 4),
(1083, 41, 4),
(1085, 33, 3),
(1085, 35, 4),
(1085, 38, 4),
(1085, 39, 2),
(1085, 41, 1),
(1086, 33, 2),
(1086, 39, 4),
(1087, 34, 5),
(1088, 37, 4),
(1089, 35, 5),
(1089, 39, 5),
(1089, 40, 2),
(1090, 43, 1),
(1091, 37, 5),
(1091, 43, 5),
(1092, 36, 3),
(1092, 38, 4),
(1093, 33, 5),
(1093, 36, 5),
(1093, 43, 2),
(1094, 36, 1),
(1094, 43, 5),
(1095, 34, 2),
(1095, 35, 3),
(1095, 42, 5),
(1095, 43, 1),
(1096, 39, 3),
(1096, 40, 5),
(1096, 43, 5),
(1097, 33, 3),
(1097, 34, 3),
(1098, 33, 5),
(1098, 38, 1),
(1098, 40, 2),
(1098, 41, 1),
(1098, 42, 4),
(1100, 36, 5),
(1100, 41, 5),
(1102, 42, 2),
(1103, 33, 4),
(1103, 38, 3),
(1103, 42, 4),
(1104, 39, 4),
(1104, 42, 2),
(1105, 34, 4),
(1105, 35, 2),
(1105, 38, 5),
(1105, 40, 2),
(1105, 43, 1),
(1107, 37, 2),
(1108, 35, 2),
(1108, 41, 4),
(1109, 33, 3),
(1109, 34, 2),
(1109, 40, 5),
(1109, 43, 3),
(1110, 37, 2),
(1110, 39, 3),
(1110, 40, 4),
(1110, 43, 3),
(1111, 33, 5),
(1111, 34, 1),
(1112, 34, 3),
(1113, 33, 3),
(1113, 41, 3),
(1114, 34, 2),
(1114, 38, 3),
(1114, 43, 5),
(1115, 36, 2),
(1116, 34, 2),
(1116, 41, 2),
(1117, 38, 3),
(1117, 41, 4),
(1119, 33, 1),
(1119, 39, 5),
(1120, 40, 5),
(1121, 42, 1),
(1122, 35, 1),
(1123, 34, 2),
(1123, 36, 2),
(1124, 39, 4),
(1125, 35, 5),
(1125, 40, 1),
(1126, 34, 5),
(1126, 38, 4),
(1126, 39, 3),
(1126, 40, 1),
(1127, 39, 1),
(1127, 42, 1),
(1128, 33, 2),
(1128, 40, 2),
(1129, 38, 2),
(1130, 39, 2),
(1131, 33, 4),
(1132, 36, 1),
(1132, 37, 2),
(1132, 42, 1),
(1133, 34, 4),
(1133, 41, 5),
(1134, 37, 5),
(1134, 39, 5),
(1134, 43, 2),
(1135, 34, 3),
(1135, 37, 3),
(1135, 43, 2),
(1136, 36, 3),
(1136, 39, 3),
(1137, 39, 2),
(1139, 33, 4),
(1139, 35, 1),
(1139, 41, 1),
(1139, 43, 2),
(1140, 33, 1),
(1140, 34, 5),
(1140, 35, 5),
(1141, 42, 4),
(1143, 34, 4),
(1143, 37, 3),
(1143, 40, 3),
(1144, 36, 5),
(1144, 38, 3),
(1145, 33, 2),
(1145, 39, 5),
(1145, 42, 2),
(1146, 34, 3),
(1146, 38, 1),
(1148, 38, 4),
(1148, 42, 4),
(1149, 40, 5),
(1149, 42, 5),
(1150, 33, 2),
(1150, 34, 1),
(1150, 37, 2),
(1150, 54, 1),
(1151, 35, 2),
(1151, 36, 1),
(1151, 39, 3),
(1152, 34, 1),
(1152, 39, 5),
(1153, 34, 5),
(1153, 36, 1),
(1154, 34, 2),
(1154, 37, 5),
(1156, 37, 4),
(1156, 42, 4),
(1157, 33, 1),
(1157, 34, 1),
(1158, 39, 2),
(1158, 41, 5),
(1159, 39, 3),
(1159, 41, 2),
(1159, 42, 1),
(1160, 34, 2),
(1160, 36, 3),
(1160, 43, 5),
(1161, 40, 3),
(1162, 34, 1),
(1162, 41, 1),
(1163, 34, 2),
(1163, 35, 1),
(1163, 37, 1),
(1164, 33, 3),
(1164, 38, 3),
(1164, 42, 4),
(1165, 38, 3),
(1165, 42, 3),
(1166, 39, 2),
(1167, 43, 5),
(1168, 33, 2),
(1168, 34, 5),
(1168, 40, 5),
(1168, 43, 4),
(1169, 33, 1),
(1169, 35, 5),
(1169, 42, 4),
(1170, 35, 3),
(1171, 40, 1),
(1172, 33, 1),
(1172, 37, 2),
(1172, 41, 1),
(1174, 39, 1),
(1175, 33, 3),
(1175, 34, 5),
(1175, 35, 5),
(1175, 36, 1),
(1175, 37, 4),
(1176, 33, 5),
(1176, 36, 1),
(1176, 38, 4),
(1176, 41, 4),
(1176, 42, 2),
(1177, 33, 3),
(1177, 34, 1),
(1177, 35, 2),
(1178, 35, 1),
(1178, 36, 2),
(1178, 38, 5),
(1179, 40, 1),
(1180, 33, 3),
(1181, 33, 2),
(1181, 34, 5),
(1182, 33, 5),
(1182, 41, 2),
(1183, 38, 2),
(1183, 39, 5),
(1184, 43, 1),
(1185, 41, 4),
(1185, 43, 2),
(1186, 36, 5),
(1186, 40, 4),
(1187, 39, 4),
(1187, 40, 2),
(1187, 43, 1),
(1188, 33, 2),
(1188, 35, 1),
(1188, 37, 5),
(1188, 41, 5),
(1189, 38, 2),
(1190, 34, 1),
(1191, 38, 2),
(1191, 43, 5),
(1192, 34, 5),
(1192, 35, 4),
(1192, 36, 2),
(1192, 39, 4),
(1193, 39, 5),
(1193, 41, 1),
(1194, 33, 2),
(1194, 37, 5),
(1196, 43, 3),
(1197, 38, 5),
(1197, 39, 4),
(1197, 40, 5),
(1199, 43, 3),
(1200, 35, 5),
(1201, 38, 4),
(1201, 42, 2),
(1202, 43, 5),
(1203, 35, 2),
(1203, 37, 3),
(1203, 40, 2),
(1204, 33, 2),
(1205, 41, 1),
(1206, 40, 5),
(1206, 41, 3),
(1207, 33, 4),
(1207, 41, 5),
(1207, 43, 4),
(1208, 36, 5),
(1208, 38, 2),
(1208, 41, 2),
(1209, 37, 5),
(1209, 41, 1),
(1210, 35, 4),
(1210, 36, 4),
(1210, 42, 2),
(1210, 43, 1),
(1211, 42, 1),
(1212, 35, 5),
(1212, 38, 4),
(1212, 43, 1),
(1213, 33, 4),
(1213, 42, 2),
(1214, 40, 3),
(1214, 41, 4),
(1215, 40, 2),
(1216, 41, 2),
(1217, 33, 3),
(1217, 36, 3),
(1217, 40, 1),
(1218, 35, 5),
(1218, 39, 5),
(1220, 34, 1),
(1220, 39, 4),
(1222, 37, 2),
(1223, 39, 1),
(1223, 43, 2),
(1224, 38, 5),
(1224, 39, 3),
(1224, 42, 1),
(1224, 43, 3),
(1225, 33, 4),
(1226, 43, 3),
(1228, 37, 4),
(1230, 43, 2),
(1231, 35, 1),
(1232, 36, 3),
(1232, 37, 1),
(1233, 36, 3),
(1234, 35, 3),
(1234, 38, 2),
(1235, 33, 1),
(1235, 35, 3),
(1235, 36, 3),
(1235, 40, 2),
(1236, 36, 4),
(1237, 36, 4),
(1237, 37, 2),
(1237, 42, 3),
(1238, 38, 3),
(1238, 43, 4),
(1239, 40, 3),
(1239, 41, 3),
(1240, 35, 3),
(1240, 38, 2),
(1240, 43, 4),
(1241, 33, 1),
(1241, 35, 1),
(1241, 39, 2),
(1241, 43, 3),
(1242, 34, 5),
(1243, 41, 1),
(1244, 36, 4),
(1245, 36, 4),
(1245, 41, 2),
(1245, 43, 1),
(1247, 37, 4),
(1247, 43, 1),
(1248, 33, 5),
(1248, 38, 2),
(1248, 39, 4),
(1249, 35, 1),
(1249, 36, 3),
(1253, 38, 3),
(1254, 33, 3),
(1254, 36, 1),
(1254, 40, 2),
(1256, 34, 2),
(1256, 40, 4),
(1257, 35, 4),
(1257, 39, 4),
(1258, 34, 1),
(1259, 43, 3),
(1260, 42, 1),
(1261, 34, 2),
(1262, 34, 1),
(1262, 36, 2),
(1262, 37, 4),
(1263, 33, 2),
(1264, 39, 3),
(1264, 43, 4),
(1265, 33, 2),
(1265, 37, 1),
(1265, 39, 1),
(1266, 39, 1),
(1267, 34, 1),
(1267, 36, 3),
(1267, 39, 1),
(1267, 40, 2),
(1268, 33, 3),
(1268, 38, 4),
(1269, 33, 2),
(1270, 33, 1),
(1270, 41, 1),
(1271, 39, 4),
(1271, 40, 1),
(1272, 39, 2),
(1273, 35, 2),
(1274, 35, 3),
(1274, 36, 4),
(1274, 38, 3),
(1275, 33, 4),
(1275, 43, 1),
(1276, 33, 2),
(1276, 38, 3),
(1276, 42, 2),
(1276, 43, 5),
(1277, 35, 1),
(1277, 37, 5),
(1277, 43, 4),
(1278, 40, 1),
(1278, 43, 2),
(1279, 38, 1),
(1280, 33, 2),
(1280, 37, 5),
(1280, 42, 5),
(1281, 39, 3),
(1282, 37, 1),
(1282, 41, 2),
(1283, 41, 5),
(1284, 35, 1),
(1284, 39, 5),
(1286, 38, 2),
(1286, 39, 5),
(1287, 34, 3),
(1288, 36, 1),
(1288, 37, 1),
(1288, 38, 5),
(1288, 43, 1),
(1289, 43, 3),
(1290, 35, 3),
(1290, 36, 2),
(1290, 37, 4),
(1290, 38, 3),
(1290, 41, 1),
(1291, 36, 1),
(1291, 37, 5),
(1292, 34, 3),
(1292, 38, 1),
(1293, 35, 2),
(1293, 37, 5),
(1293, 43, 2),
(1295, 35, 4),
(1295, 38, 4),
(1296, 36, 3),
(1296, 38, 5),
(1296, 41, 1),
(1296, 42, 3),
(1297, 39, 1),
(1297, 42, 5),
(1298, 36, 5),
(1298, 41, 4),
(1299, 33, 5),
(1299, 34, 1),
(1299, 35, 3),
(1300, 37, 5),
(1301, 36, 3),
(1301, 37, 5),
(1301, 39, 5),
(1301, 43, 2),
(1302, 39, 4),
(1302, 40, 3),
(1303, 33, 5),
(1303, 35, 5),
(1304, 33, 4),
(1304, 34, 2),
(1304, 36, 3),
(1304, 39, 1),
(1304, 43, 1),
(1305, 41, 2),
(1306, 33, 2),
(1306, 35, 5),
(1306, 38, 4),
(1307, 34, 1),
(1307, 36, 3),
(1307, 38, 2),
(1307, 39, 1),
(1308, 36, 3),
(1308, 38, 2),
(1308, 41, 3),
(1308, 42, 2),
(1310, 39, 3),
(1313, 33, 5),
(1313, 34, 4),
(1313, 35, 1),
(1313, 37, 2),
(1314, 35, 2),
(1315, 34, 3),
(1315, 43, 3),
(1316, 36, 2),
(1316, 43, 2),
(1317, 42, 1),
(1317, 43, 2),
(1318, 33, 1),
(1318, 37, 4),
(1318, 38, 4),
(1321, 39, 1),
(1321, 43, 1),
(1322, 42, 1),
(1324, 40, 4),
(1324, 41, 3),
(1324, 42, 4),
(1325, 34, 2),
(1325, 39, 3),
(1325, 43, 3),
(1326, 35, 3),
(1327, 37, 2),
(1327, 39, 2),
(1327, 40, 4),
(1327, 43, 5),
(1328, 33, 5),
(1328, 36, 2),
(1328, 37, 2),
(1328, 40, 4),
(1329, 39, 5),
(1330, 43, 4),
(1331, 41, 1),
(1331, 43, 4),
(1332, 39, 4),
(1332, 40, 5),
(1335, 37, 5),
(1335, 40, 5),
(1335, 42, 1),
(1335, 43, 5),
(1336, 34, 3),
(1336, 39, 4),
(1337, 35, 5),
(1338, 34, 4),
(1338, 37, 3),
(1338, 39, 4),
(1339, 38, 2),
(1339, 41, 1),
(1339, 42, 5),
(1340, 35, 2),
(1340, 36, 2),
(1340, 41, 2),
(1341, 35, 5),
(1341, 37, 5),
(1341, 43, 4),
(1342, 36, 2),
(1343, 38, 3),
(1343, 43, 1),
(1344, 34, 4),
(1344, 38, 3),
(1344, 42, 5),
(1345, 35, 2),
(1345, 42, 2),
(1346, 34, 2),
(1346, 41, 5),
(1346, 42, 1),
(1347, 42, 1),
(1349, 42, 1),
(1350, 33, 2),
(1350, 35, 3),
(1350, 36, 1),
(1350, 42, 4),
(1351, 33, 1),
(1351, 42, 3),
(1352, 34, 4),
(1352, 35, 5),
(1352, 38, 5),
(1352, 39, 5),
(1353, 34, 2),
(1353, 36, 4),
(1353, 39, 2),
(1354, 36, 5),
(1354, 40, 2),
(1355, 35, 1),
(1355, 38, 3),
(1355, 42, 4),
(1355, 43, 2),
(1356, 33, 3),
(1356, 35, 4),
(1356, 37, 2),
(1356, 41, 3),
(1356, 43, 2),
(1357, 39, 4),
(1358, 40, 5),
(1359, 39, 2),
(1360, 39, 3),
(1360, 40, 3),
(1361, 35, 2),
(1361, 38, 2),
(1362, 42, 1),
(1362, 43, 3),
(1363, 42, 1),
(1363, 43, 4),
(1364, 39, 5),
(1364, 43, 4),
(1366, 39, 1),
(1367, 36, 3),
(1367, 39, 2),
(1368, 35, 4),
(1368, 38, 2),
(1368, 41, 1),
(1370, 34, 4),
(1370, 38, 5),
(1371, 37, 4),
(1371, 42, 3),
(1372, 33, 4),
(1372, 34, 1),
(1372, 36, 5),
(1372, 37, 2),
(1373, 36, 5),
(1373, 42, 1),
(1374, 40, 5),
(1374, 41, 3),
(1375, 33, 5),
(1375, 36, 5),
(1375, 40, 1),
(1376, 36, 4),
(1377, 43, 5),
(1378, 36, 4),
(1378, 38, 3),
(1379, 34, 5),
(1379, 42, 1),
(1380, 38, 4),
(1382, 37, 5),
(1382, 40, 3),
(1383, 35, 5),
(1383, 36, 5),
(1383, 37, 5),
(1383, 38, 4),
(1384, 39, 4),
(1385, 34, 3),
(1385, 36, 2),
(1385, 37, 4),
(1385, 42, 5),
(1386, 34, 1),
(1386, 38, 1),
(1387, 37, 5),
(1387, 43, 2),
(1388, 39, 3),
(1389, 33, 2),
(1389, 35, 5),
(1389, 38, 5),
(1389, 39, 2),
(1390, 39, 1),
(1392, 33, 4),
(1393, 41, 3),
(1394, 34, 4),
(1394, 39, 5),
(1394, 42, 5),
(1395, 40, 3),
(1396, 34, 1),
(1396, 37, 1),
(1397, 34, 5),
(1397, 38, 4),
(1398, 33, 4),
(1398, 35, 3),
(1398, 42, 1),
(1398, 43, 5),
(1399, 35, 3),
(1399, 38, 5),
(1399, 39, 3),
(1399, 41, 4),
(1400, 34, 3),
(1400, 35, 5),
(1400, 40, 1),
(1400, 41, 5),
(1401, 38, 1),
(1402, 33, 4),
(1402, 42, 5),
(1402, 43, 1),
(1403, 41, 2),
(1403, 43, 4),
(1405, 43, 1),
(1406, 38, 1),
(1407, 34, 4),
(1407, 36, 1),
(1407, 40, 4),
(1408, 33, 4),
(1408, 42, 2),
(1409, 35, 5),
(1409, 38, 4),
(1409, 39, 5),
(1410, 39, 3),
(1411, 34, 3),
(1412, 38, 2),
(1412, 40, 1),
(1413, 42, 1),
(1414, 40, 5),
(1414, 41, 2),
(1415, 37, 1),
(1415, 40, 2),
(1415, 41, 2),
(1416, 37, 2),
(1416, 41, 3),
(1417, 38, 2),
(1417, 40, 3),
(1417, 41, 2),
(1418, 39, 1),
(1419, 37, 4),
(1419, 38, 5),
(1420, 42, 4),
(1421, 36, 2),
(1421, 37, 1),
(1421, 38, 5),
(1422, 35, 1),
(1423, 36, 4),
(1423, 38, 4),
(1424, 37, 4),
(1424, 38, 1),
(1425, 33, 3),
(1425, 36, 2),
(1426, 36, 1),
(1426, 43, 2),
(1427, 36, 1),
(1427, 40, 5),
(1428, 33, 4),
(1428, 40, 4),
(1429, 38, 2),
(1429, 40, 5),
(1430, 40, 2),
(1431, 36, 3),
(1431, 39, 1),
(1431, 40, 5),
(1431, 41, 5),
(1432, 35, 2),
(1432, 41, 5),
(1433, 39, 3),
(1433, 40, 4),
(1433, 42, 4),
(1435, 37, 4),
(1435, 40, 4),
(1435, 42, 3),
(1438, 35, 1),
(1438, 37, 3),
(1438, 38, 4),
(1439, 34, 4),
(1440, 36, 3),
(1441, 40, 3),
(1443, 34, 4),
(1443, 41, 5),
(1444, 33, 4),
(1444, 39, 2),
(1444, 41, 5),
(1445, 42, 3),
(1445, 43, 3),
(1446, 33, 2),
(1446, 37, 2),
(1446, 42, 1),
(1447, 34, 5),
(1447, 39, 1),
(1447, 40, 1),
(1447, 42, 1),
(1448, 42, 5),
(1449, 37, 2),
(1449, 40, 4),
(1449, 41, 2),
(1450, 33, 1),
(1450, 34, 4),
(1450, 36, 3),
(1450, 37, 2),
(1450, 39, 4),
(1451, 33, 3),
(1452, 39, 5),
(1453, 33, 5),
(1453, 35, 2),
(1453, 38, 3),
(1455, 36, 1),
(1455, 38, 5),
(1455, 41, 4),
(1456, 37, 5),
(1457, 38, 4),
(1457, 40, 5),
(1457, 42, 4),
(1458, 36, 2),
(1458, 39, 5),
(1461, 38, 1),
(1462, 41, 2),
(1463, 33, 1),
(1463, 34, 2),
(1463, 43, 2),
(1464, 42, 3),
(1465, 33, 2),
(1465, 38, 5),
(1466, 40, 3),
(1466, 42, 5),
(1467, 33, 4),
(1467, 40, 3),
(1468, 40, 3),
(1468, 43, 5),
(1469, 36, 1),
(1469, 42, 4),
(1469, 43, 3),
(1470, 33, 3),
(1470, 39, 2),
(1471, 34, 1),
(1471, 43, 5),
(1472, 41, 2),
(1473, 39, 1),
(1473, 41, 2),
(1474, 34, 3),
(1474, 41, 2),
(1475, 36, 2),
(1475, 40, 1),
(1476, 33, 5),
(1477, 33, 2),
(1478, 34, 3),
(1478, 43, 1),
(1479, 34, 5),
(1479, 36, 5),
(1480, 34, 1),
(1480, 35, 3),
(1480, 38, 3),
(1480, 40, 3),
(1481, 34, 2),
(1481, 40, 4),
(1493, 37, 6),
(1493, 40, 7),
(1493, 41, 3),
(1494, 38, 1),
(1496, 38, 3),
(1496, 40, 2),
(1513, 35, 3),
(1513, 53, 2),
(1514, 50, 2),
(1514, 52, 2),
(1514, 54, 2),
(1515, 35, 2),
(1515, 54, 2),
(1515, 55, 1),
(1516, 52, 1),
(1516, 55, 1),
(1517, 50, 3),
(1517, 52, 2),
(1517, 55, 1),
(1518, 50, 3),
(1518, 52, 2),
(1518, 55, 1),
(1519, 52, 1),
(1519, 54, 1),
(1520, 52, 1),
(1520, 54, 1),
(1521, 52, 1),
(1521, 54, 1),
(1521, 55, 1),
(1522, 52, 1),
(1522, 54, 1),
(1523, 35, 3),
(1524, 52, 1),
(1524, 54, 1),
(1524, 55, 1),
(1525, 51, 69),
(1526, 35, 8),
(1526, 56, 6),
(1527, 35, 5),
(1527, 53, 4),
(1528, 50, 13),
(1528, 54, 5),
(1529, 35, 8),
(1529, 50, 6),
(1529, 53, 8),
(1529, 54, 3),
(1529, 55, 3),
(1529, 56, 1),
(1530, 35, 2),
(1530, 50, 2),
(1530, 55, 3),
(1531, 62, 6),
(1532, 62, 6),
(1533, 62, 6),
(1534, 37, 4),
(1535, 38, 1),
(1536, 38, 1),
(1537, 36, 1),
(1537, 37, 1),
(1537, 39, 1),
(1537, 43, 1),
(1538, 39, 1),
(1538, 40, 1),
(1539, 36, 2),
(1539, 39, 2),
(1539, 43, 1);

-- --------------------------------------------------------

--
-- Table structure for table `otp_reg_users`
--

CREATE TABLE `otp_reg_users` (
  `user_id` int(11) NOT NULL,
  `otp` int(11) NOT NULL,
  `time_of_expiry` timestamp NOT NULL DEFAULT (current_timestamp() + interval 5 minute)
) ENGINE=InnoDB DEFAULT CHARSET=utf8mb4;

--
-- Dumping data for table `otp_reg_users`
--

INSERT INTO `otp_reg_users` (`user_id`, `otp`, `time_of_expiry`) VALUES
(12, 887897, '2023-03-03 09:33:59'),
(18, 337354, '2023-04-25 19:38:46'),
(21, 472643, '2023-04-27 09:08:03'),
(19, 823844, '2023-04-28 12:26:26'),
(24, 505916, '2023-04-29 03:18:25'),
(1, 210342, '2023-04-30 05:07:53');

-- --------------------------------------------------------

--
-- Table structure for table `promotions`
--

CREATE TABLE `promotions` (
  `promo_id` int(11) NOT NULL,
  `title` varchar(100) DEFAULT NULL,
  `description` varchar(500) DEFAULT NULL,
  `type` varchar(50) NOT NULL,
  `status` tinyint(1) NOT NULL,
  `image_url` varchar(255) DEFAULT NULL,
  `deleted` tinyint(1) NOT NULL DEFAULT 0
) ENGINE=InnoDB DEFAULT CHARSET=utf8mb4;

--
-- Dumping data for table `promotions`
--

INSERT INTO `promotions` (`promo_id`, `title`, `description`, `type`, `status`, `image_url`, `deleted`) VALUES
(1, 'None', NULL, '', 1, NULL, 0),
(2, '300 LKR Spending Bonus!', 'Spend 2000 and get 300 LKR off of your next order!', 'spending_bonus', 1, 'Pb20.png', 0),
(3, 'BGF! Handouts', 'Buy a Kottu and get one Kottu free!', 'free_dish', 1, 'Pfkottu.jpg', 0),
(17, 'Naan 10% off', 'Couldn\'t find better ones if you tried', 'discounts', 1, 'PNaan.png', 0),
(18, 'Cheesy Deals', 'Save up to 50% on our Cheese Burgers', 'discounts', 1, 'CheesyDeals20_23_59.jpg', 0),
(19, 'Get Free Ice Cream', 'Enjoy a cold treat in this sweltering weather', 'free_dish', 1, 'FreeIcecream22_29_25.jpg', 0),
(20, 'Loyalty Rewards', 'Spend up to 10000 LKR and get 2000 off', 'spending_bonus', 1, 'LoyaltyRewards22_54_17.jpg', 0);

-- --------------------------------------------------------

--
-- Table structure for table `promo_buy1get1free`
--

CREATE TABLE `promo_buy1get1free` (
  `promo_id` int(11) NOT NULL,
  `dish1_id` int(11) NOT NULL,
  `dish2_id` int(11) NOT NULL
) ENGINE=InnoDB DEFAULT CHARSET=latin1;

--
-- Dumping data for table `promo_buy1get1free`
--

INSERT INTO `promo_buy1get1free` (`promo_id`, `dish1_id`, `dish2_id`) VALUES
(3, 57, 57),
(19, 53, 53);

-- --------------------------------------------------------

--
-- Table structure for table `promo_discounts`
--

CREATE TABLE `promo_discounts` (
  `promo_id` int(11) NOT NULL,
  `dish_id` int(11) NOT NULL,
  `discount` float NOT NULL
) ENGINE=InnoDB DEFAULT CHARSET=utf8mb4;

--
-- Dumping data for table `promo_discounts`
--

INSERT INTO `promo_discounts` (`promo_id`, `dish_id`, `discount`) VALUES
(17, 38, 150),
(18, 58, 700);

-- --------------------------------------------------------

--
-- Table structure for table `promo_spending_bonus`
--

CREATE TABLE `promo_spending_bonus` (
  `promo_id` int(11) NOT NULL,
  `spent_amount` float NOT NULL,
  `bonus_amount` float NOT NULL
) ENGINE=InnoDB DEFAULT CHARSET=utf8mb4;

--
-- Dumping data for table `promo_spending_bonus`
--

INSERT INTO `promo_spending_bonus` (`promo_id`, `spent_amount`, `bonus_amount`) VALUES
(2, 2000, 300),
(20, 10000, 2000);

-- --------------------------------------------------------

--
-- Table structure for table `purchases`
--

CREATE TABLE `purchases` (
  `purchase_id` int(11) NOT NULL,
  `item` int(11) NOT NULL,
  `quantity` float NOT NULL,
  `vendor` int(11) DEFAULT NULL,
  `brand` varchar(256) DEFAULT NULL,
  `purchase_date` timestamp NULL DEFAULT current_timestamp(),
  `expiry_date` date DEFAULT NULL,
  `cost` float NOT NULL,
  `discount` float NOT NULL DEFAULT 0,
  `tax` float NOT NULL DEFAULT 0,
  `final_price` float NOT NULL
) ENGINE=InnoDB DEFAULT CHARSET=utf8mb4;

--
-- Dumping data for table `purchases`
--

INSERT INTO `purchases` (`purchase_id`, `item`, `quantity`, `vendor`, `brand`, `purchase_date`, `expiry_date`, `cost`, `discount`, `tax`, `final_price`) VALUES
(71, 15, 43, 7, NULL, '2023-01-31 13:00:00', '2023-09-14', 423, 0, 0, 423),
(72, 13, 430, 10, NULL, '2023-01-31 13:00:00', '2023-07-16', 4230, 0, 0, 4230),
(73, 14, 45630, 12, NULL, '2023-01-31 13:00:00', '2023-06-25', 42330, 0, 0, 43230),
(74, 15, 10, 10, NULL, '2023-01-31 13:00:00', '2023-09-13', 1000, 0, 0, 1000),
(75, 16, 50, 7, 'Samba rice cultivated in Tartarus', '2023-01-31 13:00:00', '2023-12-17', 5000, 0, 0, 5000),
(76, 17, 10, 12, NULL, '2023-01-31 13:00:00', '2023-08-10', 1000, 0, 0, 1000),
(78, 19, 20, 13, NULL, '2023-01-31 13:00:00', '2023-05-09', 2000, 0, 0, 2000),
(79, 13, 43, 4, NULL, '2023-01-31 13:00:00', '2023-07-04', 423, 0, 0, 423),
(80, 11, 5, 7, NULL, '2023-01-31 13:00:00', '2023-05-18', 4230, 0, 0, 4230),
(81, 12, 10, 9, NULL, '2023-01-31 13:00:00', '2023-04-07', 42330, 0, 0, 43230),
(82, 13, 10, 4, NULL, '2023-01-31 13:00:00', '2023-02-07', 1000, 0, 0, 1000),
(83, 14, 50, 4, NULL, '2023-01-31 13:00:00', '2023-08-16', 5000, 0, 0, 5000),
(84, 15, 10, 9, NULL, '2023-01-31 13:00:00', '2023-09-15', 1000, 0, 0, 1000),
(85, 16, 40, 7, NULL, '2023-01-31 13:00:00', NULL, 430, 0, 0, 430),
(86, 17, 20, 10, NULL, '2023-01-31 13:00:00', '2023-08-19', 2000, 0, 0, 2000),
(88, 3, 50, 10, NULL, '2023-01-31 13:00:00', '2023-10-20', 4230, 0, 0, 4230),
(89, 7, 10, 12, NULL, '2023-01-31 13:00:00', '2023-10-31', 42330, 0, 0, 43230),
(90, 9, 10, 10, NULL, '2023-01-31 13:00:00', '2023-08-30', 1000, 0, 0, 1000),
(91, 10, 10, 10, NULL, '2023-01-31 13:00:00', '2023-09-20', 1000, 0, 0, 1000),
(95, 23, 10, 8, NULL, '2023-03-19 18:20:10', NULL, 1000, 0, 0, 1000),
(116, 24, 10, 8, NULL, '2023-03-19 18:26:35', NULL, 1000, 0, 0, 1000),
(117, 25, 10, 8, NULL, '2023-03-19 18:26:35', NULL, 1000, 0, 0, 1000),
(118, 26, 10, 9, NULL, '2023-03-19 18:26:35', NULL, 1000, 0, 0, 1000),
(119, 27, 10, 12, NULL, '2023-03-19 18:26:35', NULL, 1000, 0, 0, 1000),
(120, 28, 10, 10, NULL, '2023-03-19 18:26:35', NULL, 1000, 0, 0, 1000),
(121, 29, 10, 11, NULL, '2023-03-19 18:26:35', NULL, 1000, 0, 0, 1000),
(122, 30, 10, 7, NULL, '2023-03-19 18:26:35', NULL, 1000, 0, 0, 1000),
(123, 31, 10, 1, NULL, '2023-03-19 18:26:35', NULL, 1000, 0, 0, 1000),
(124, 32, 10, 13, NULL, '2023-03-19 18:26:35', NULL, 1000, 0, 0, 1000),
(125, 33, 2, 1, NULL, '2023-03-19 18:26:35', NULL, 2000, 0, 0, 2000),
(126, 7, 3, 1, NULL, '2023-04-18 10:50:54', '2023-05-05', 1000, 0, 100, 1100),
(127, 11, 3, 11, 'Highland', '2023-04-18 15:08:19', '2023-05-02', 3000, 500, 200, 2700),
(129, 44, 50, 12, 'Virgin', '2023-05-04 00:00:00', '2023-05-20', 500, 0, 20, 520),
(131, 46, 50, 4, 'Chicks', '2023-05-08 18:30:00', '2024-06-01', 10000, 0, 0, 10000),
(132, 19, 40, 2, 'Nescafe', '2023-05-07 18:30:00', '2025-01-09', 1000, 0, 0, 1000),
(133, 10, 80, 9, NULL, '2023-05-08 18:30:00', '2024-11-09', 1000, 0, 0, 1000),
(134, 2, 40, 1, 'Saman Distributers', '2023-05-06 18:30:00', '2023-11-09', 400, 0, 0, 400),
(135, 32, 60, 1, NULL, '2023-05-09 04:25:36', '2023-06-10', 2000, 0, 0, 2000),
(136, 3, 50, 1, NULL, '2023-05-28 18:30:00', '2023-05-28', 300, 0, 0, 300),
(137, 44, 25, 1, NULL, '2023-05-08 18:30:00', '2025-12-09', 2000, 0, 0, 2000),
(138, 27, 60, 9, NULL, '2023-05-08 18:30:00', '2023-05-27', 1500, 0, 0, 1500),
(139, 24, 90, 1, NULL, '2023-04-30 18:30:00', '2023-06-03', 500, 0, 0, 500),
(140, 26, 30, 9, NULL, '2023-05-07 18:30:00', '2023-06-03', 600, 0, 0, 600),
(141, 23, 50, 13, NULL, '2023-05-09 04:32:28', '2023-06-23', 1000, 0, 0, 1000),
(142, 9, 50, 10, NULL, '2023-05-09 04:33:35', '2023-12-13', 1500, 0, 0, 1500),
(143, 33, 60, 1, NULL, '2023-05-09 04:34:18', '2023-05-26', 5000, 0, 0, 5000),
(144, 12, 50, 4, NULL, '2023-05-07 18:30:00', '2023-05-20', 7000, 0, 0, 7000),
(145, 11, 60, 1, NULL, '2023-05-01 18:30:00', '2023-05-14', 3000, 0, 0, 3000);

-- --------------------------------------------------------

--
-- Table structure for table `reg_users`
--

CREATE TABLE `reg_users` (
  `user_id` int(11) NOT NULL,
  `first_name` varchar(100) NOT NULL,
  `last_name` varchar(100) NOT NULL,
  `contact_no` varchar(20) NOT NULL,
  `email` varchar(100) NOT NULL,
  `password` varchar(512) NOT NULL,
  `registered_date` timestamp NOT NULL DEFAULT current_timestamp(),
  `last_login` timestamp NOT NULL DEFAULT current_timestamp(),
  `verified_email` tinyint(1) NOT NULL DEFAULT 0,
  `promo_id` int(11) NOT NULL DEFAULT 1,
  `blacklisted` tinyint(1) NOT NULL DEFAULT 0
) ENGINE=InnoDB DEFAULT CHARSET=utf8mb4;

--
-- Dumping data for table `reg_users`
--

INSERT INTO `reg_users` (`user_id`, `first_name`, `last_name`, `contact_no`, `email`, `password`, `registered_date`, `last_login`, `verified_email`, `promo_id`, `blacklisted`) VALUES
(1, 'Clint', 'Barton', '555', 'cb@xmail.com', '$2y$10$tHdvolbPMWUhtVzFTe/U9upVSyxcJ.RxDA15aBbqmIBaGmr4XalKa', '2022-11-19 11:07:40', '2022-12-01 18:30:00', 0, 1, 0),
(2, 'Bruce', 'Wayne', '1234', 'bw@xmail.com', '$2y$10$n2MLfG2NVoAyw5kM7WHrPePkaM9oVODNU8FYymBh68MZkt2YrlbdW', '2022-12-03 20:37:41', '2022-12-03 20:37:41', 0, 1, 0),
(3, 'Thor', 'Odinson', '1234', 'to@xmail.com', '$2y$10$W5tNA5WjXlBjS6bE7tB7CehMFlmkE2mFsh1jZ5v75Tzc3fK1voi8G', '2022-12-04 07:32:30', '2022-12-04 07:32:30', 0, 1, 0),
(6, 'Andrew', 'Tate', '1', 'at@xmail.com', '$2y$10$gqM/6DlLpjgtbUqLwL9lzetNEIGT6w6KV44aG4miDNhIl5WMRGHAu', '2022-12-15 05:39:19', '2022-12-15 05:39:19', 0, 1, 0),
(10, 'Nipun', 'Weerasiri', '0703489775', 'nipunchamikara@yahoo.com', '$2y$10$cPuKs8x/V/F0CaomtJq8nOkarvuKIRfOL2cMZ5SQRTJoXuOZ3d8wi', '2023-01-08 19:23:09', '2023-05-09 10:52:57', 1, 2, 0),
(11, 'Sandul', 'Renuja', '0775415464', 'sandulrenuja@gmail.com', '$2y$10$whGLeFNbZrcN/zWWgT2xYeJvt9QHFFQ7Y0xWWkX3iMZOr/PyxyILy', '2023-02-09 21:06:29', '2023-02-09 21:06:29', 1, 1, 0),
(12, 'Test', 'Test', '123', 'test@gmail.com', '$2y$10$M1TSHlb9D.U5EU3PuxzYCuoFhg3BKLxjeu7MivcBMHtnvcbtr/yzO', '2023-03-03 09:28:49', '2023-03-03 09:28:49', 0, 1, 0),
(13, 'Test', 'Test', '12345', 'jonawa6506@v2ssr.com', '$2y$10$Waj3FsAqMb6YgXof2noieu/913xZC3mjQ6wfnaL0CWZkgpjEwDDyO', '2023-03-03 09:29:37', '2023-03-03 09:29:37', 1, 1, 0),
(14, 'Claire', 'Pritchett', '074434223', 'cp@xmail.com', '$2y$10$z4CDI0M8SBUvRZkHmQQVYek/jNPlxR/y5zexIVTu.AgFQmv72V9kG', '2023-03-15 18:15:36', '2023-03-15 18:15:36', 0, 1, 0),
(15, 'Phil', 'Dunphy', '078342324', 'pd@xmail.com', '$2y$10$8nDZYpSQao2rq7LT96nY3.3mAdOPAND5aVlIDJXjx3fAdWwZSpeiS', '2023-03-15 18:16:19', '2023-03-15 18:16:19', 0, 1, 0),
(16, 'Haley', 'Dunphy', '07943223', 'hd@xmail.com', '$2y$10$i6Tiw3.qSbg/6f.mAz9a0ufGWmf3IVbbGpMFfWHBM3sKje.9a1Sji', '2023-03-15 18:17:49', '2023-03-15 18:17:49', 0, 1, 0),
(17, 'Alex', 'Dunphy', '074689322', 'ad@xmail.com', '$2y$10$9tPGg5HV/VfRyVzH9dgW2OdNQzkGZPySb/408/6OTe8Tc7PoQt.J2', '2023-03-15 18:18:15', '2023-03-15 18:18:15', 0, 1, 0),
(20, 'keethu', 'mano', '0779099259', 'k@gmail.com', '$2y$10$pwj2lOVzpyGGFckqlb7Zw.lSc1BPyyw0Dlr0dDhj/HKiBEg37WCn6', '2023-04-25 19:33:45', '2023-04-25 19:33:45', 0, 1, 0),
(21, 'maya', 'silva', '1114477', 'maya@gmail.com', '$2y$10$tsEudry3kMb5Co5plykcROxZGypS4rt8V3tQxBGrqc295rpFvuauC', '2023-04-27 09:03:02', '2023-04-27 09:03:02', 0, 1, 0),
(24, 'Keethu', 'M', '0773392817', 'manoharankeethu3@gmail.com', '$2y$10$.blQzISLbxt5apSQY32qlO5/Nxwl0ADYCiDZiN/jQn3wi7XDDvCn6', '2023-04-29 03:10:14', '2023-04-29 03:10:14', 0, 1, 0),
(26, 'Dinendra', 'Hettiarachchi', '0713462964', 'dinethhettiarachchi5@gmail.com', '$2y$10$lKptSZzUJ0IoVE3/nihmnujb/qFmoJqwDIRBq3rwj0qTkQEEs.s6C', '2023-05-09 04:36:14', '2023-05-09 04:37:52', 1, 1, 0);

-- --------------------------------------------------------

--
-- Table structure for table `roles`
--

CREATE TABLE `roles` (
  `role_id` int(11) NOT NULL,
  `role` varchar(50) NOT NULL
) ENGINE=InnoDB DEFAULT CHARSET=utf8mb4;

--
-- Dumping data for table `roles`
--

INSERT INTO `roles` (`role_id`, `role`) VALUES
(1, 'Chef'),
(2, 'General Manager'),
(3, 'Cashier'),
(4, 'Inventory Manager');

-- --------------------------------------------------------

--
-- Table structure for table `stats`
--

CREATE TABLE `stats` (
  `day` date NOT NULL,
  `revenue` float DEFAULT 0,
  `foodCost` float DEFAULT 0,
  `dishesSold` int(11) DEFAULT 0,
  `dineinTotal` int(11) DEFAULT 0,
  `bulkTotal` int(11) DEFAULT 0,
  `takeawayTotal` int(11) DEFAULT 0,
  `dineinWaitTime` int(11) DEFAULT 0,
  `takeawayWaitTime` int(11) DEFAULT 0,
  `f_1` int(11) DEFAULT 0,
  `f_2` int(11) DEFAULT 0,
  `f_3` int(11) DEFAULT 0,
  `f_4` int(11) DEFAULT 0,
  `f_5` int(11) DEFAULT 0,
  `f_6` int(11) DEFAULT 0,
  `f_7` int(11) DEFAULT 0,
  `f_8` int(11) DEFAULT 0,
  `f_9` int(11) DEFAULT 0,
  `f_10` int(11) DEFAULT 0,
  `f_11` int(11) DEFAULT 0,
  `f_12` int(11) DEFAULT 0,
  `f_13` int(11) DEFAULT 0,
  `f_14` int(11) DEFAULT 0,
  `f_15` int(11) DEFAULT 0,
  `f_16` int(11) DEFAULT 0,
  `f_17` int(11) DEFAULT 0,
  `f_18` int(11) DEFAULT 0,
  `f_19` int(11) DEFAULT 0,
  `f_20` int(11) DEFAULT 0,
  `f_21` int(11) DEFAULT 0,
  `f_22` int(11) DEFAULT 0,
  `f_23` int(11) DEFAULT 0,
  `f_0` int(11) NOT NULL DEFAULT 0
) ENGINE=InnoDB DEFAULT CHARSET=utf8mb4;

--
-- Dumping data for table `stats`
--

INSERT INTO `stats` (`day`, `revenue`, `foodCost`, `dishesSold`, `dineinTotal`, `bulkTotal`, `takeawayTotal`, `dineinWaitTime`, `takeawayWaitTime`, `f_1`, `f_2`, `f_3`, `f_4`, `f_5`, `f_6`, `f_7`, `f_8`, `f_9`, `f_10`, `f_11`, `f_12`, `f_13`, `f_14`, `f_15`, `f_16`, `f_17`, `f_18`, `f_19`, `f_20`, `f_21`, `f_22`, `f_23`, `f_0`) VALUES
('2022-01-15', 8252, 3200, 4, 3, 0, 0, 256, 0, 0, 0, 0, 0, 0, 0, 0, 0, 0, 0, 0, 0, 0, 0, 0, 0, 0, 4, 0, 0, 0, 0, 0, 0),
('2022-07-03', 1737, 600, 2, 0, 1, 0, 0, 0, 0, 0, 0, 0, 0, 0, 0, 0, 0, 1, 0, 0, 0, 0, 0, 0, 0, 0, 0, 0, 0, 0, 0, 0),
('2022-10-01', 3758, 1360, 120, 23, 2, 25, 210, 293, 0, 0, 0, 0, 3, 1, 12, 28, 12, 13, 21, 12, 22, 22, 19, 29, 19, 18, 4, 3, 3, 0, 0, 0),
('2022-10-02', 3422, 1370, 153, 52, 4, 62, 202, 291, 0, 0, 0, 0, 0, 7, 27, 26, 22, 10, 20, 27, 14, 25, 15, 18, 19, 14, 1, 2, 1, 0, 0, 0),
('2022-10-03', 3858, 1750, 167, 70, 6, 51, 204, 193, 0, 0, 0, 0, 3, 2, 22, 22, 16, 12, 17, 22, 15, 20, 8, 20, 21, 14, 0, 4, 4, 0, 0, 0),
('2022-10-04', 2046, 1742, 153, 27, 4, 56, 178, 155, 0, 0, 0, 0, 1, 9, 23, 15, 15, 11, 11, 23, 20, 18, 14, 27, 11, 25, 2, 0, 4, 0, 0, 0),
('2022-10-05', 3319, 1000, 173, 52, 7, 62, 259, 300, 0, 0, 0, 0, 0, 9, 28, 10, 14, 6, 8, 28, 21, 23, 22, 28, 23, 22, 4, 4, 0, 0, 0, 0),
('2022-10-06', 1712, 1473, 174, 41, 5, 47, 243, 129, 0, 0, 0, 0, 0, 5, 25, 22, 25, 6, 17, 25, 18, 10, 13, 24, 19, 12, 3, 0, 3, 0, 0, 0),
('2022-10-07', 3894, 1169, 139, 36, 2, 21, 245, 168, 0, 0, 0, 0, 0, 5, 12, 15, 29, 6, 11, 12, 16, 14, 20, 21, 16, 28, 1, 0, 4, 0, 0, 0),
('2022-10-08', 2981, 1368, 164, 11, 0, 46, 173, 127, 0, 0, 0, 0, 3, 8, 21, 20, 26, 11, 15, 21, 14, 23, 14, 19, 26, 25, 1, 1, 1, 0, 0, 0),
('2022-10-09', 2398, 1979, 148, 51, 7, 60, 150, 155, 0, 0, 0, 0, 2, 6, 23, 19, 17, 9, 14, 23, 8, 15, 10, 10, 22, 10, 0, 1, 2, 0, 0, 0),
('2022-10-10', 2921, 1206, 139, 58, 5, 15, 156, 145, 0, 0, 0, 0, 4, 5, 26, 11, 25, 12, 8, 26, 14, 13, 19, 18, 25, 21, 0, 1, 0, 0, 0, 0),
('2022-10-11', 3558, 1397, 165, 29, 7, 17, 166, 130, 0, 0, 0, 0, 3, 7, 16, 19, 17, 8, 14, 16, 17, 20, 20, 23, 27, 18, 1, 3, 1, 0, 0, 0),
('2022-10-12', 1523, 1123, 191, 53, 6, 22, 276, 124, 0, 0, 0, 0, 4, 0, 22, 11, 20, 8, 8, 22, 15, 20, 11, 20, 10, 21, 3, 2, 2, 0, 0, 0),
('2022-10-13', 3829, 1870, 180, 58, 4, 13, 196, 270, 0, 0, 0, 0, 0, 8, 13, 26, 23, 13, 20, 13, 17, 23, 18, 22, 28, 24, 3, 4, 3, 0, 0, 0),
('2022-10-14', 3153, 1421, 122, 57, 3, 16, 118, 122, 0, 0, 0, 0, 3, 5, 14, 21, 14, 8, 16, 14, 12, 25, 18, 16, 19, 18, 2, 4, 0, 0, 0, 0),
('2022-10-15', 4686, 1178, 115, 61, 1, 50, 115, 202, 0, 0, 0, 0, 1, 2, 27, 21, 13, 6, 16, 27, 9, 25, 14, 12, 13, 19, 1, 1, 0, 0, 0, 0),
('2022-10-16', 2214, 1714, 127, 45, 2, 31, 280, 270, 0, 0, 0, 0, 0, 4, 11, 11, 11, 7, 8, 11, 18, 29, 12, 24, 21, 23, 0, 0, 1, 0, 0, 0),
('2022-10-17', 1343, 1858, 196, 52, 9, 25, 286, 172, 0, 0, 0, 0, 2, 4, 27, 22, 20, 13, 17, 27, 14, 25, 18, 18, 27, 11, 2, 3, 2, 0, 0, 0),
('2022-10-18', 3720, 1110, 147, 45, 9, 39, 125, 282, 0, 0, 0, 0, 1, 4, 15, 11, 22, 13, 8, 15, 18, 24, 13, 24, 21, 22, 3, 0, 0, 0, 0, 0),
('2022-10-19', 2729, 1884, 107, 55, 7, 34, 201, 249, 0, 0, 0, 0, 1, 8, 29, 20, 23, 14, 15, 29, 10, 16, 20, 13, 16, 12, 2, 4, 4, 0, 0, 0),
('2022-10-20', 2520, 1868, 163, 17, 1, 17, 187, 242, 0, 0, 0, 0, 4, 3, 17, 16, 18, 7, 12, 17, 18, 22, 18, 24, 18, 10, 1, 2, 3, 0, 0, 0),
('2022-10-21', 1261, 1124, 151, 56, 8, 43, 115, 146, 0, 0, 0, 0, 3, 3, 25, 14, 24, 14, 11, 25, 9, 24, 17, 12, 20, 16, 1, 0, 1, 0, 0, 0),
('2022-10-22', 2858, 1638, 166, 51, 7, 20, 254, 185, 0, 0, 0, 0, 3, 4, 17, 15, 14, 8, 11, 17, 12, 10, 8, 16, 16, 24, 2, 2, 0, 0, 0, 0),
('2022-10-23', 2008, 1153, 195, 42, 8, 57, 224, 217, 0, 0, 0, 0, 3, 5, 25, 11, 11, 6, 8, 25, 10, 21, 19, 13, 19, 26, 3, 0, 0, 0, 0, 0),
('2022-10-24', 1813, 1458, 171, 62, 10, 10, 167, 123, 0, 0, 0, 0, 3, 9, 17, 20, 20, 5, 15, 17, 18, 25, 14, 24, 17, 23, 4, 4, 4, 0, 0, 0),
('2022-10-25', 4328, 1461, 108, 42, 6, 61, 268, 195, 0, 0, 0, 0, 3, 0, 19, 17, 17, 13, 13, 19, 16, 14, 8, 21, 24, 29, 4, 0, 2, 0, 0, 0),
('2022-10-26', 3886, 1860, 172, 66, 9, 24, 203, 142, 0, 0, 0, 0, 2, 7, 27, 27, 25, 8, 20, 27, 17, 25, 19, 23, 12, 19, 1, 0, 2, 0, 0, 0),
('2022-10-27', 2954, 1875, 189, 45, 3, 13, 262, 222, 0, 0, 0, 0, 2, 3, 15, 18, 15, 6, 14, 15, 22, 11, 20, 29, 16, 25, 4, 0, 3, 0, 0, 0),
('2022-10-28', 1835, 1234, 101, 66, 10, 33, 244, 204, 0, 0, 0, 0, 3, 5, 20, 19, 24, 8, 14, 20, 11, 25, 18, 14, 28, 28, 0, 3, 4, 0, 0, 0),
('2022-10-29', 4541, 1558, 194, 29, 6, 40, 299, 146, 0, 0, 0, 0, 2, 8, 17, 29, 22, 7, 22, 17, 12, 26, 13, 16, 22, 11, 3, 3, 2, 0, 0, 0),
('2022-10-30', 2099, 1145, 122, 14, 6, 64, 157, 253, 0, 0, 0, 0, 4, 5, 28, 15, 21, 6, 11, 28, 16, 18, 22, 21, 11, 20, 3, 3, 2, 0, 0, 0),
('2022-10-31', 2781, 1143, 170, 41, 7, 57, 292, 256, 0, 0, 0, 0, 0, 8, 25, 20, 14, 11, 15, 25, 12, 17, 11, 16, 24, 23, 2, 4, 1, 0, 0, 0),
('2022-11-01', 3373, 1863, 200, 21, 6, 69, 253, 274, 0, 0, 0, 0, 2, 4, 20, 22, 23, 9, 17, 20, 13, 16, 14, 17, 19, 14, 2, 1, 0, 0, 0, 0),
('2022-11-02', 4404, 1909, 110, 56, 7, 47, 240, 213, 0, 0, 0, 0, 2, 9, 27, 13, 15, 14, 10, 27, 11, 25, 8, 14, 24, 10, 2, 3, 2, 0, 0, 0),
('2022-11-03', 3169, 1137, 177, 30, 3, 52, 228, 209, 0, 0, 0, 0, 3, 8, 23, 23, 15, 9, 17, 23, 20, 10, 22, 27, 16, 29, 3, 0, 0, 0, 0, 0),
('2022-11-04', 4299, 1596, 142, 27, 8, 61, 164, 277, 0, 0, 0, 0, 2, 9, 15, 11, 21, 12, 8, 15, 8, 29, 22, 10, 10, 12, 0, 1, 4, 0, 0, 0),
('2022-11-05', 4279, 1035, 103, 19, 2, 39, 178, 266, 0, 0, 0, 0, 4, 1, 22, 11, 21, 10, 8, 22, 15, 22, 17, 20, 20, 12, 3, 4, 2, 0, 0, 0),
('2022-11-06', 3921, 1447, 174, 27, 6, 29, 115, 169, 0, 0, 0, 0, 3, 1, 10, 20, 20, 6, 15, 10, 14, 29, 14, 19, 29, 19, 3, 2, 4, 0, 0, 0),
('2022-11-07', 3760, 1322, 182, 15, 9, 13, 100, 176, 0, 0, 0, 0, 3, 4, 24, 18, 29, 10, 14, 24, 10, 17, 14, 13, 21, 18, 4, 3, 4, 0, 0, 0),
('2022-11-08', 3886, 1902, 193, 42, 4, 13, 270, 158, 0, 0, 0, 0, 0, 4, 26, 18, 26, 12, 14, 26, 17, 14, 20, 23, 25, 25, 1, 3, 4, 0, 0, 0),
('2022-11-09', 4096, 1419, 194, 40, 4, 64, 270, 284, 0, 0, 0, 0, 2, 3, 29, 26, 12, 8, 20, 29, 14, 20, 14, 19, 10, 24, 2, 1, 2, 0, 0, 0),
('2022-11-10', 1547, 1249, 147, 48, 6, 44, 221, 179, 0, 0, 0, 0, 2, 4, 28, 24, 28, 9, 18, 28, 11, 21, 20, 14, 22, 21, 2, 4, 0, 0, 0, 0),
('2022-11-11', 2910, 1698, 180, 28, 10, 66, 202, 226, 0, 0, 0, 0, 0, 1, 11, 14, 28, 14, 11, 11, 17, 28, 20, 23, 24, 20, 0, 1, 4, 0, 0, 0),
('2022-11-12', 4301, 1471, 197, 28, 1, 43, 100, 219, 0, 0, 0, 0, 3, 4, 29, 29, 28, 12, 22, 29, 20, 21, 12, 26, 13, 18, 1, 4, 2, 0, 0, 0),
('2022-11-13', 2256, 1311, 156, 39, 0, 23, 151, 233, 0, 0, 0, 0, 3, 1, 25, 25, 18, 15, 19, 25, 14, 21, 17, 19, 20, 13, 0, 1, 2, 0, 0, 0),
('2022-11-14', 3158, 1221, 101, 24, 8, 70, 243, 143, 0, 0, 0, 0, 0, 0, 20, 24, 29, 13, 18, 20, 16, 14, 17, 21, 26, 19, 0, 3, 1, 0, 0, 0),
('2022-11-15', 3314, 1817, 187, 50, 2, 50, 270, 190, 0, 0, 0, 0, 4, 7, 14, 23, 23, 8, 17, 14, 18, 29, 12, 24, 23, 12, 0, 4, 2, 0, 0, 0),
('2022-11-16', 4469, 1859, 180, 34, 5, 11, 202, 123, 0, 0, 0, 0, 4, 0, 17, 10, 29, 13, 8, 17, 20, 21, 15, 26, 22, 22, 2, 0, 4, 0, 0, 0),
('2022-11-17', 1451, 1892, 182, 14, 3, 28, 201, 295, 0, 0, 0, 0, 0, 8, 28, 17, 13, 11, 13, 28, 14, 16, 17, 18, 13, 20, 2, 3, 2, 0, 0, 0),
('2022-11-18', 3108, 1144, 130, 67, 6, 21, 150, 147, 0, 0, 0, 0, 4, 3, 21, 12, 26, 13, 9, 21, 17, 13, 11, 22, 16, 28, 4, 1, 2, 0, 0, 0),
('2022-11-19', 3103, 1048, 105, 12, 10, 17, 178, 240, 0, 0, 0, 0, 1, 7, 23, 26, 10, 12, 20, 23, 14, 23, 14, 18, 23, 11, 0, 3, 0, 0, 0, 0),
('2022-11-20', 4573, 1223, 198, 59, 4, 24, 121, 261, 0, 0, 0, 0, 3, 2, 22, 28, 24, 14, 21, 22, 19, 17, 16, 25, 14, 24, 0, 4, 4, 0, 0, 0),
('2022-11-21', 2943, 1734, 109, 26, 0, 12, 266, 177, 0, 0, 0, 0, 2, 8, 15, 25, 27, 7, 19, 15, 15, 28, 14, 20, 15, 27, 1, 3, 2, 0, 0, 0),
('2022-11-22', 2121, 1764, 103, 28, 1, 22, 121, 236, 0, 0, 0, 0, 2, 4, 16, 10, 14, 14, 8, 16, 9, 20, 21, 12, 26, 23, 4, 3, 2, 0, 0, 0),
('2022-11-23', 2868, 1786, 175, 38, 9, 31, 172, 291, 0, 0, 0, 0, 2, 9, 29, 11, 18, 15, 8, 29, 18, 11, 10, 24, 10, 10, 0, 2, 1, 0, 0, 0),
('2022-11-24', 4753, 1706, 143, 56, 0, 53, 147, 197, 0, 0, 0, 0, 3, 3, 21, 29, 12, 11, 22, 21, 14, 29, 20, 18, 19, 12, 0, 2, 4, 0, 0, 0),
('2022-11-25', 1356, 1872, 111, 29, 9, 68, 171, 132, 0, 0, 0, 0, 2, 6, 27, 20, 29, 9, 15, 27, 12, 13, 16, 16, 26, 15, 2, 3, 1, 0, 0, 0),
('2022-11-26', 4556, 1895, 140, 47, 6, 63, 284, 157, 0, 0, 0, 0, 4, 2, 28, 20, 27, 13, 15, 28, 14, 26, 14, 19, 14, 24, 3, 1, 0, 0, 0, 0),
('2022-11-27', 2882, 1151, 142, 40, 5, 36, 203, 230, 0, 0, 0, 0, 4, 6, 13, 21, 16, 14, 16, 13, 15, 29, 18, 20, 22, 19, 3, 3, 0, 0, 0, 0),
('2022-11-28', 4552, 1394, 120, 31, 1, 59, 190, 129, 0, 0, 0, 0, 1, 9, 17, 17, 21, 14, 13, 17, 8, 21, 12, 10, 12, 19, 4, 0, 2, 0, 0, 0),
('2022-11-29', 1454, 1357, 147, 70, 10, 17, 285, 168, 0, 0, 0, 0, 0, 5, 25, 11, 29, 13, 8, 25, 13, 12, 9, 17, 17, 26, 3, 1, 4, 0, 0, 0),
('2022-11-30', 2350, 1981, 141, 32, 0, 48, 295, 112, 0, 0, 0, 0, 1, 2, 11, 29, 22, 7, 22, 11, 8, 27, 21, 11, 19, 13, 4, 1, 0, 0, 0, 0),
('2022-12-01', 1662, 1366, 109, 34, 5, 17, 114, 119, 0, 0, 0, 0, 2, 5, 12, 10, 23, 8, 8, 12, 14, 19, 19, 19, 13, 15, 0, 4, 3, 0, 0, 0),
('2022-12-02', 3832, 1329, 113, 59, 3, 63, 183, 155, 0, 0, 0, 0, 3, 1, 23, 19, 14, 13, 14, 23, 19, 28, 18, 25, 27, 29, 3, 2, 3, 0, 0, 0),
('2022-12-03', 3607, 1841, 200, 37, 3, 16, 171, 171, 0, 0, 0, 0, 3, 2, 16, 13, 10, 10, 10, 16, 22, 15, 12, 29, 25, 29, 3, 2, 2, 0, 0, 0),
('2022-12-04', 1282, 1532, 147, 69, 1, 49, 175, 281, 0, 0, 0, 0, 0, 0, 15, 28, 27, 12, 21, 15, 20, 21, 21, 26, 16, 13, 1, 3, 1, 0, 0, 0),
('2022-12-05', 4505, 1680, 148, 23, 5, 36, 161, 204, 0, 0, 0, 0, 1, 9, 23, 17, 28, 8, 13, 23, 9, 10, 14, 12, 17, 18, 2, 3, 3, 0, 0, 0),
('2022-12-06', 3025, 1076, 148, 47, 3, 49, 115, 252, 0, 0, 0, 0, 2, 6, 29, 25, 11, 14, 19, 29, 15, 29, 17, 20, 20, 11, 1, 1, 2, 0, 0, 0),
('2022-12-07', 1090, 1430, 111, 67, 10, 29, 265, 145, 0, 0, 0, 0, 4, 9, 20, 24, 10, 5, 18, 20, 16, 27, 8, 21, 26, 18, 4, 3, 3, 0, 0, 0),
('2022-12-08', 3717, 1466, 108, 56, 1, 11, 238, 129, 0, 0, 0, 0, 0, 4, 10, 29, 28, 12, 22, 10, 9, 20, 12, 12, 23, 29, 3, 1, 1, 0, 0, 0),
('2022-12-09', 1030, 1556, 106, 45, 2, 33, 193, 112, 0, 0, 0, 0, 4, 9, 21, 26, 19, 13, 20, 21, 11, 28, 17, 15, 23, 18, 4, 1, 2, 0, 0, 0),
('2022-12-10', 4620, 1120, 153, 22, 5, 28, 101, 187, 0, 0, 0, 0, 0, 7, 26, 22, 20, 14, 17, 26, 17, 11, 10, 22, 22, 13, 4, 0, 1, 0, 0, 0),
('2022-12-11', 3720, 1357, 105, 20, 5, 49, 207, 137, 0, 0, 0, 0, 2, 4, 27, 23, 25, 12, 17, 27, 8, 12, 8, 10, 27, 17, 3, 0, 2, 0, 0, 0),
('2022-12-12', 3817, 1316, 181, 47, 7, 22, 259, 110, 0, 0, 0, 0, 4, 5, 18, 29, 21, 14, 22, 18, 11, 13, 18, 14, 27, 25, 4, 2, 3, 0, 0, 0),
('2022-12-13', 3904, 1204, 103, 37, 0, 30, 109, 192, 0, 0, 0, 0, 1, 5, 27, 23, 23, 10, 17, 27, 11, 15, 8, 14, 12, 29, 4, 3, 1, 0, 0, 0),
('2022-12-14', 1309, 1121, 152, 45, 7, 70, 262, 204, 0, 0, 0, 0, 0, 8, 13, 22, 19, 10, 17, 13, 20, 18, 11, 26, 20, 10, 4, 2, 3, 0, 0, 0),
('2022-12-15', 2522, 1252, 191, 33, 0, 41, 216, 263, 0, 0, 0, 0, 2, 9, 11, 25, 26, 12, 19, 11, 20, 24, 13, 26, 27, 28, 1, 1, 2, 0, 0, 0),
('2022-12-16', 2901, 1237, 136, 13, 4, 17, 188, 213, 0, 0, 0, 0, 4, 5, 27, 16, 29, 5, 12, 27, 8, 28, 22, 10, 14, 11, 4, 2, 3, 0, 0, 0),
('2022-12-17', 3154, 1050, 117, 63, 8, 52, 148, 109, 0, 0, 0, 0, 4, 6, 14, 11, 23, 7, 8, 14, 15, 23, 9, 20, 15, 27, 0, 1, 3, 0, 0, 0),
('2022-12-18', 4960, 1813, 131, 55, 8, 37, 210, 126, 0, 0, 0, 0, 3, 4, 11, 22, 27, 11, 17, 11, 14, 19, 19, 19, 29, 20, 1, 3, 1, 0, 0, 0),
('2022-12-19', 1100, 1887, 152, 19, 9, 38, 263, 131, 0, 0, 0, 0, 2, 7, 12, 29, 19, 9, 22, 12, 8, 24, 8, 11, 13, 21, 3, 3, 1, 0, 0, 0),
('2022-12-20', 4460, 1438, 144, 27, 4, 42, 149, 176, 0, 0, 0, 0, 3, 4, 22, 27, 20, 6, 20, 22, 22, 18, 14, 29, 19, 18, 0, 4, 3, 0, 0, 0),
('2022-12-21', 2527, 1846, 197, 47, 7, 25, 200, 131, 0, 0, 0, 0, 3, 6, 22, 11, 18, 15, 8, 22, 20, 23, 10, 27, 25, 15, 0, 2, 3, 0, 0, 0),
('2022-12-22', 1457, 1024, 148, 10, 3, 13, 167, 115, 0, 0, 0, 0, 0, 0, 22, 14, 12, 15, 11, 22, 10, 29, 8, 13, 27, 26, 3, 3, 0, 0, 0, 0),
('2022-12-23', 1426, 1245, 197, 47, 7, 53, 221, 104, 0, 0, 0, 0, 3, 5, 21, 27, 25, 6, 20, 21, 14, 21, 14, 18, 24, 19, 0, 2, 0, 0, 0, 0),
('2022-12-24', 3295, 1499, 156, 14, 5, 60, 200, 167, 0, 0, 0, 0, 0, 6, 17, 18, 28, 10, 14, 17, 21, 14, 18, 28, 20, 24, 3, 0, 1, 0, 0, 0),
('2022-12-25', 3640, 1307, 166, 64, 3, 51, 120, 102, 0, 0, 0, 0, 1, 2, 20, 16, 28, 12, 12, 20, 22, 11, 11, 29, 11, 19, 2, 1, 1, 0, 0, 0),
('2022-12-26', 2318, 1645, 111, 49, 6, 47, 278, 176, 0, 0, 0, 0, 2, 0, 20, 24, 27, 9, 18, 20, 13, 12, 9, 17, 18, 29, 0, 1, 3, 0, 0, 0),
('2022-12-27', 3236, 1044, 173, 45, 5, 42, 270, 225, 0, 0, 0, 0, 4, 2, 14, 11, 22, 14, 8, 14, 11, 24, 17, 14, 13, 10, 1, 0, 0, 0, 0, 0),
('2022-12-28', 1783, 1098, 113, 14, 2, 47, 180, 298, 0, 0, 0, 0, 2, 6, 20, 27, 29, 7, 20, 20, 19, 24, 17, 25, 12, 14, 1, 0, 0, 0, 0, 0),
('2022-12-29', 4723, 1856, 189, 44, 5, 35, 243, 160, 0, 0, 0, 0, 1, 3, 13, 14, 20, 5, 11, 13, 13, 26, 13, 17, 25, 24, 2, 2, 0, 0, 0, 0),
('2022-12-30', 4017, 1855, 174, 60, 6, 58, 205, 287, 0, 0, 0, 0, 0, 1, 19, 18, 21, 12, 14, 19, 8, 16, 14, 11, 14, 29, 1, 3, 3, 0, 0, 0),
('2022-12-31', 3406, 1464, 194, 68, 7, 19, 227, 275, 0, 0, 0, 0, 2, 3, 29, 20, 23, 13, 15, 29, 20, 11, 14, 27, 11, 24, 3, 0, 3, 0, 0, 0),
('2023-01-01', 1535, 1465, 184, 13, 3, 34, 294, 235, 0, 0, 0, 0, 3, 6, 29, 17, 12, 10, 13, 29, 20, 18, 8, 26, 11, 26, 0, 0, 0, 0, 0, 0),
('2023-01-02', 4617, 1253, 144, 52, 4, 43, 279, 117, 0, 0, 0, 0, 2, 9, 11, 25, 25, 10, 19, 11, 15, 27, 8, 20, 19, 24, 0, 2, 4, 0, 0, 0),
('2023-01-03', 1589, 1131, 119, 20, 7, 36, 151, 126, 0, 0, 0, 0, 3, 6, 11, 10, 25, 14, 8, 11, 8, 15, 10, 11, 26, 10, 2, 0, 3, 0, 0, 0),
('2023-01-04', 3545, 1031, 149, 39, 8, 34, 162, 299, 0, 0, 0, 0, 4, 3, 15, 20, 24, 7, 15, 15, 12, 20, 16, 16, 26, 13, 4, 2, 3, 0, 0, 0),
('2023-01-05', 3587, 1131, 107, 54, 8, 25, 222, 273, 0, 0, 0, 0, 2, 7, 24, 13, 20, 7, 10, 24, 8, 20, 21, 11, 23, 11, 3, 3, 3, 0, 0, 0),
('2023-01-06', 3227, 1609, 155, 24, 5, 26, 165, 121, 0, 0, 0, 0, 2, 9, 22, 16, 25, 15, 12, 22, 21, 16, 13, 28, 18, 17, 1, 4, 0, 0, 0, 0),
('2023-01-07', 4491, 1198, 165, 36, 5, 30, 246, 253, 0, 0, 0, 0, 4, 3, 19, 19, 27, 5, 14, 19, 20, 22, 21, 27, 19, 24, 4, 0, 0, 0, 0, 0),
('2023-01-08', 1638, 1395, 184, 58, 4, 22, 263, 159, 0, 0, 0, 0, 3, 8, 17, 29, 22, 8, 22, 17, 12, 16, 14, 16, 15, 16, 4, 2, 4, 0, 0, 0),
('2023-01-09', 2846, 1905, 195, 16, 0, 45, 297, 107, 0, 0, 0, 0, 4, 4, 18, 14, 29, 8, 11, 18, 8, 28, 16, 11, 22, 26, 2, 4, 3, 0, 0, 0),
('2023-01-10', 1235, 1387, 100, 13, 0, 14, 150, 267, 0, 0, 0, 0, 1, 1, 15, 21, 12, 13, 16, 15, 17, 17, 13, 23, 14, 15, 0, 1, 4, 0, 0, 0),
('2023-01-11', 1744, 1751, 193, 16, 7, 26, 211, 179, 0, 0, 0, 0, 0, 8, 26, 21, 19, 12, 16, 26, 18, 20, 20, 24, 28, 22, 4, 2, 3, 0, 0, 0),
('2023-01-12', 3887, 1325, 159, 50, 8, 61, 112, 144, 0, 0, 0, 0, 4, 5, 28, 23, 20, 11, 17, 28, 19, 14, 11, 25, 29, 23, 3, 0, 1, 0, 0, 0),
('2023-01-13', 2738, 1421, 133, 47, 5, 45, 296, 153, 0, 0, 0, 0, 2, 6, 21, 29, 11, 10, 22, 21, 8, 17, 20, 10, 24, 21, 4, 4, 1, 0, 0, 0),
('2023-01-14', 3522, 1671, 147, 55, 6, 46, 263, 190, 0, 0, 0, 0, 0, 9, 14, 23, 25, 13, 17, 14, 8, 23, 17, 11, 18, 29, 0, 2, 1, 0, 0, 0),
('2023-01-15', 4297, 1182, 148, 17, 9, 37, 187, 288, 0, 0, 0, 0, 2, 1, 25, 16, 14, 8, 12, 25, 20, 22, 9, 26, 24, 11, 3, 3, 4, 0, 0, 0),
('2023-01-16', 3094, 1358, 194, 54, 3, 15, 134, 272, 0, 0, 0, 0, 3, 3, 28, 21, 12, 14, 16, 28, 20, 14, 20, 26, 17, 19, 0, 2, 2, 0, 0, 0),
('2023-01-17', 2364, 1889, 101, 37, 1, 27, 217, 216, 0, 0, 0, 0, 2, 8, 13, 13, 18, 10, 10, 13, 17, 13, 14, 22, 29, 26, 4, 3, 0, 0, 0, 0),
('2023-01-18', 4741, 1274, 164, 21, 7, 38, 148, 104, 0, 0, 0, 0, 4, 6, 13, 18, 20, 8, 14, 13, 11, 17, 11, 14, 17, 13, 0, 0, 4, 0, 0, 0),
('2023-01-19', 1982, 1419, 145, 51, 2, 50, 193, 151, 0, 0, 0, 0, 1, 3, 11, 17, 24, 11, 13, 11, 22, 22, 19, 29, 19, 18, 2, 3, 2, 0, 0, 0),
('2023-01-20', 2683, 1409, 153, 59, 8, 65, 235, 172, 0, 0, 0, 0, 3, 2, 22, 18, 13, 11, 14, 22, 20, 25, 17, 26, 15, 26, 0, 3, 4, 0, 0, 0),
('2023-01-21', 1734, 1496, 169, 51, 1, 44, 207, 143, 0, 0, 0, 0, 2, 2, 24, 22, 11, 8, 17, 24, 8, 14, 19, 11, 14, 24, 3, 1, 0, 0, 0, 0),
('2023-01-22', 2391, 1563, 113, 44, 7, 23, 137, 183, 0, 0, 0, 0, 4, 4, 20, 22, 22, 6, 17, 20, 19, 29, 18, 25, 21, 21, 1, 2, 1, 0, 0, 0),
('2023-01-23', 2099, 1225, 190, 43, 4, 48, 176, 193, 0, 0, 0, 0, 1, 0, 23, 11, 16, 9, 8, 23, 12, 11, 18, 16, 21, 26, 0, 3, 4, 0, 0, 0),
('2023-01-24', 4144, 1054, 187, 41, 1, 50, 112, 125, 0, 0, 0, 0, 1, 7, 14, 26, 19, 13, 20, 14, 8, 18, 17, 10, 13, 27, 1, 2, 1, 0, 0, 0),
('2023-01-25', 3850, 1914, 138, 19, 9, 43, 143, 222, 0, 0, 0, 0, 3, 2, 25, 15, 11, 12, 11, 25, 17, 24, 22, 23, 17, 10, 4, 3, 2, 0, 0, 0),
('2023-01-26', 2603, 1220, 181, 58, 0, 52, 222, 157, 0, 0, 0, 0, 0, 6, 10, 12, 19, 15, 9, 10, 8, 28, 16, 11, 21, 25, 3, 0, 0, 0, 0, 0),
('2023-01-27', 2523, 1284, 102, 14, 1, 46, 127, 105, 0, 0, 0, 0, 1, 8, 21, 28, 27, 11, 21, 21, 22, 12, 11, 29, 11, 19, 4, 3, 1, 0, 0, 0),
('2023-01-28', 1776, 1774, 105, 53, 9, 31, 133, 143, 0, 0, 0, 0, 1, 1, 19, 19, 27, 5, 14, 19, 8, 12, 12, 11, 20, 17, 4, 2, 4, 0, 0, 0),
('2023-01-29', 3708, 1873, 145, 55, 0, 20, 228, 219, 0, 0, 0, 0, 2, 8, 21, 26, 16, 7, 20, 21, 17, 17, 19, 22, 26, 14, 3, 1, 1, 0, 0, 0),
('2023-01-30', 4483, 1573, 195, 58, 8, 14, 136, 185, 0, 0, 0, 0, 0, 7, 12, 10, 22, 7, 8, 12, 13, 22, 14, 17, 20, 19, 1, 3, 4, 0, 0, 0),
('2023-01-31', 3932, 1601, 185, 11, 6, 29, 280, 266, 0, 0, 0, 0, 2, 9, 27, 29, 14, 6, 22, 27, 10, 27, 22, 13, 27, 27, 2, 1, 2, 0, 0, 0),
('2023-02-01', 3758, 1360, 120, 23, 2, 25, 210, 293, 0, 0, 0, 0, 3, 1, 12, 28, 12, 13, 21, 12, 22, 22, 19, 29, 19, 18, 4, 3, 3, 0, 0, 0),
('2023-02-02', 3422, 1370, 153, 52, 4, 62, 202, 291, 0, 0, 0, 0, 0, 7, 27, 26, 22, 10, 20, 27, 14, 25, 15, 18, 19, 14, 1, 2, 1, 0, 0, 0),
('2023-02-03', 3858, 1750, 167, 70, 6, 51, 204, 193, 0, 0, 0, 0, 3, 2, 22, 22, 16, 12, 17, 22, 15, 20, 8, 20, 21, 14, 0, 4, 4, 0, 0, 0),
('2023-02-04', 2046, 1742, 153, 27, 4, 56, 178, 155, 0, 0, 0, 0, 1, 9, 23, 15, 15, 11, 11, 23, 20, 18, 14, 27, 11, 25, 2, 0, 4, 0, 0, 0),
('2023-02-05', 3319, 1000, 173, 52, 7, 62, 259, 300, 0, 0, 0, 0, 0, 9, 28, 10, 14, 6, 8, 28, 21, 23, 22, 28, 23, 22, 4, 4, 0, 0, 0, 0),
('2023-02-06', 1712, 1473, 174, 41, 5, 47, 243, 129, 0, 0, 0, 0, 0, 5, 25, 22, 25, 6, 17, 25, 18, 10, 13, 24, 19, 12, 3, 0, 3, 0, 0, 0),
('2023-02-07', 3894, 1169, 139, 36, 2, 21, 245, 168, 0, 0, 0, 0, 0, 5, 12, 15, 29, 6, 11, 12, 16, 14, 20, 21, 16, 28, 1, 0, 4, 0, 0, 0),
('2023-02-08', 2981, 1368, 164, 11, 0, 46, 173, 127, 0, 0, 0, 0, 3, 8, 21, 20, 26, 11, 15, 21, 14, 23, 14, 19, 26, 25, 1, 1, 1, 0, 0, 0),
('2023-02-09', 2398, 1979, 148, 51, 7, 60, 150, 155, 0, 0, 0, 0, 2, 6, 23, 19, 17, 9, 14, 23, 8, 15, 10, 10, 22, 10, 0, 1, 2, 0, 0, 0),
('2023-02-10', 2921, 1206, 139, 58, 5, 15, 156, 145, 0, 0, 0, 0, 4, 5, 26, 11, 25, 12, 8, 26, 14, 13, 19, 18, 25, 21, 0, 1, 0, 0, 0, 0),
('2023-02-11', 3558, 1397, 165, 29, 7, 17, 166, 130, 0, 0, 0, 0, 3, 7, 16, 19, 17, 8, 14, 16, 17, 20, 20, 23, 27, 18, 1, 3, 1, 0, 0, 0),
('2023-02-12', 1523, 1123, 191, 53, 6, 22, 276, 124, 0, 0, 0, 0, 4, 0, 22, 11, 20, 8, 8, 22, 15, 20, 11, 20, 10, 21, 3, 2, 2, 0, 0, 0),
('2023-02-13', 3829, 1870, 180, 58, 4, 13, 196, 270, 0, 0, 0, 0, 0, 8, 13, 26, 23, 13, 20, 13, 17, 23, 18, 22, 28, 24, 3, 4, 3, 0, 0, 0),
('2023-02-14', 3153, 1421, 122, 57, 3, 16, 118, 122, 0, 0, 0, 0, 3, 5, 14, 21, 14, 8, 16, 14, 12, 25, 18, 16, 19, 18, 2, 4, 0, 0, 0, 0),
('2023-02-15', 4686, 1178, 115, 61, 1, 50, 115, 202, 0, 0, 0, 0, 1, 2, 27, 21, 13, 6, 16, 27, 9, 25, 14, 12, 13, 19, 1, 1, 0, 0, 0, 0),
('2023-02-16', 2214, 1714, 127, 45, 2, 31, 280, 270, 0, 0, 0, 0, 0, 4, 11, 11, 11, 7, 8, 11, 18, 29, 12, 24, 21, 23, 0, 0, 1, 0, 0, 0),
('2023-02-17', 1343, 1858, 196, 52, 9, 25, 286, 172, 0, 0, 0, 0, 2, 4, 27, 22, 20, 13, 17, 27, 14, 25, 18, 18, 27, 11, 2, 3, 2, 0, 0, 0),
('2023-02-18', 3720, 1110, 147, 45, 9, 39, 125, 282, 0, 0, 0, 0, 1, 4, 15, 11, 22, 13, 8, 15, 18, 24, 13, 24, 21, 22, 3, 0, 0, 0, 0, 0),
('2023-02-19', 2729, 1884, 107, 55, 7, 34, 201, 249, 0, 0, 0, 0, 1, 8, 29, 20, 23, 14, 15, 29, 10, 16, 20, 13, 16, 12, 2, 4, 4, 0, 0, 0),
('2023-02-20', 2520, 1868, 163, 17, 1, 17, 187, 242, 0, 0, 0, 0, 4, 3, 17, 16, 18, 7, 12, 17, 18, 22, 18, 24, 18, 10, 1, 2, 3, 0, 0, 0),
('2023-02-21', 1261, 1124, 151, 56, 8, 43, 115, 146, 0, 0, 0, 0, 3, 3, 25, 14, 24, 14, 11, 25, 9, 24, 17, 12, 20, 16, 1, 0, 1, 0, 0, 0),
('2023-02-22', 2858, 1638, 166, 51, 7, 20, 254, 185, 0, 0, 0, 0, 3, 4, 17, 15, 14, 8, 11, 17, 12, 10, 8, 16, 16, 24, 2, 2, 0, 0, 0, 0),
('2023-02-23', 2008, 1153, 195, 42, 8, 57, 224, 217, 0, 0, 0, 0, 3, 5, 25, 11, 11, 6, 8, 25, 10, 21, 19, 13, 19, 26, 3, 0, 0, 0, 0, 0),
('2023-02-24', 1813, 1458, 171, 62, 10, 10, 167, 123, 0, 0, 0, 0, 3, 9, 17, 20, 20, 5, 15, 17, 18, 25, 14, 24, 17, 23, 4, 4, 4, 0, 0, 0),
('2023-02-25', 4328, 1461, 108, 42, 6, 61, 268, 195, 0, 0, 0, 0, 3, 0, 19, 17, 17, 13, 13, 19, 16, 14, 8, 21, 24, 29, 4, 0, 2, 0, 0, 0),
('2023-02-26', 3886, 1860, 172, 66, 9, 24, 203, 142, 0, 0, 0, 0, 2, 7, 27, 27, 25, 8, 20, 27, 17, 25, 19, 23, 12, 19, 1, 0, 2, 0, 0, 0),
('2023-02-27', 2954, 1875, 189, 45, 3, 13, 262, 222, 0, 0, 0, 0, 2, 3, 15, 18, 15, 6, 14, 15, 22, 11, 20, 29, 16, 25, 4, 0, 3, 0, 0, 0),
('2023-02-28', 1835, 1234, 101, 66, 10, 33, 244, 204, 0, 0, 0, 0, 3, 5, 20, 19, 24, 8, 14, 20, 11, 25, 18, 14, 28, 28, 0, 3, 4, 0, 0, 0),
('2023-03-01', 3373, 1863, 200, 21, 6, 69, 253, 274, 0, 0, 0, 0, 2, 4, 20, 22, 23, 9, 17, 20, 13, 16, 14, 17, 19, 14, 2, 1, 0, 0, 0, 0),
('2023-03-02', 4404, 1909, 110, 56, 7, 47, 240, 213, 0, 0, 0, 0, 2, 9, 27, 13, 15, 14, 10, 27, 11, 25, 8, 14, 24, 10, 2, 3, 2, 0, 0, 0),
('2023-03-03', 3169, 1137, 177, 30, 3, 52, 228, 209, 0, 0, 0, 0, 3, 8, 23, 23, 15, 9, 17, 23, 20, 10, 22, 27, 16, 29, 3, 0, 0, 0, 0, 0),
('2023-03-04', 4299, 1596, 142, 27, 8, 61, 164, 277, 0, 0, 0, 0, 2, 9, 15, 11, 21, 12, 8, 15, 8, 29, 22, 10, 10, 12, 0, 1, 4, 0, 0, 0),
('2023-03-05', 4279, 1035, 103, 19, 2, 39, 178, 266, 0, 0, 0, 0, 4, 1, 22, 11, 21, 10, 8, 22, 15, 22, 17, 20, 20, 12, 3, 4, 2, 0, 0, 0),
('2023-03-06', 3921, 1447, 174, 27, 6, 29, 115, 169, 0, 0, 0, 0, 3, 1, 10, 20, 20, 6, 15, 10, 14, 29, 14, 19, 29, 19, 3, 2, 4, 0, 0, 0),
('2023-03-07', 3760, 1322, 182, 15, 9, 13, 100, 176, 0, 0, 0, 0, 3, 4, 24, 18, 29, 10, 14, 24, 10, 17, 14, 13, 21, 18, 4, 3, 4, 0, 0, 0),
('2023-03-08', 3886, 1902, 193, 42, 4, 13, 270, 158, 0, 0, 0, 0, 0, 4, 26, 18, 26, 12, 14, 26, 17, 14, 20, 23, 25, 25, 1, 3, 4, 0, 0, 0),
('2023-03-09', 4096, 1419, 194, 40, 4, 64, 270, 284, 0, 0, 0, 0, 2, 3, 29, 26, 12, 8, 20, 29, 14, 20, 14, 19, 10, 24, 2, 1, 2, 0, 0, 0),
('2023-03-10', 1547, 1249, 147, 48, 6, 44, 221, 179, 0, 0, 0, 0, 2, 4, 28, 24, 28, 9, 18, 28, 11, 21, 20, 14, 22, 21, 2, 4, 0, 0, 0, 0),
('2023-03-11', 2910, 1698, 180, 28, 10, 66, 202, 226, 0, 0, 0, 0, 0, 1, 11, 14, 28, 14, 11, 11, 17, 28, 20, 23, 24, 20, 0, 1, 4, 0, 0, 0),
('2023-03-12', 4301, 1471, 197, 28, 1, 43, 100, 219, 0, 0, 0, 0, 3, 4, 29, 29, 28, 12, 22, 29, 20, 21, 12, 26, 13, 18, 1, 4, 2, 0, 0, 0),
('2023-03-13', 2256, 1311, 156, 39, 0, 23, 151, 233, 0, 0, 0, 0, 3, 1, 25, 25, 18, 15, 19, 25, 14, 21, 17, 19, 20, 13, 0, 1, 2, 0, 0, 0),
('2023-03-14', 3158, 1221, 101, 24, 8, 70, 243, 143, 0, 0, 0, 0, 0, 0, 20, 24, 29, 13, 18, 20, 16, 14, 17, 21, 26, 19, 0, 3, 1, 0, 0, 0),
('2023-03-15', 3314, 1817, 187, 50, 2, 50, 270, 190, 0, 0, 0, 0, 4, 7, 14, 23, 23, 8, 17, 14, 18, 29, 12, 24, 23, 12, 0, 4, 2, 0, 0, 0),
('2023-03-16', 4469, 1859, 180, 34, 5, 11, 202, 123, 0, 0, 0, 0, 4, 0, 17, 10, 29, 13, 8, 17, 20, 21, 15, 26, 22, 22, 2, 0, 4, 0, 0, 0),
('2023-03-17', 1451, 1892, 182, 14, 3, 28, 201, 295, 0, 0, 0, 0, 0, 8, 28, 17, 13, 11, 13, 28, 14, 16, 17, 18, 13, 20, 2, 3, 2, 0, 0, 0),
('2023-03-18', 3108, 1144, 130, 67, 6, 21, 150, 147, 0, 0, 0, 0, 4, 3, 21, 12, 26, 13, 9, 21, 17, 13, 11, 22, 16, 28, 4, 1, 2, 0, 0, 0),
('2023-03-19', 3103, 1048, 105, 12, 10, 17, 178, 240, 0, 0, 0, 0, 1, 7, 23, 26, 10, 12, 20, 23, 14, 23, 14, 18, 23, 11, 0, 3, 0, 0, 0, 0),
('2023-03-20', 4573, 1223, 198, 59, 4, 24, 121, 261, 0, 0, 0, 0, 3, 2, 22, 28, 24, 14, 21, 22, 19, 17, 16, 25, 14, 24, 0, 4, 4, 0, 0, 0),
('2023-03-21', 2943, 1734, 109, 26, 0, 12, 266, 177, 0, 0, 0, 0, 2, 8, 15, 25, 27, 7, 19, 15, 15, 28, 14, 20, 15, 27, 1, 3, 2, 0, 0, 0),
('2023-03-22', 2121, 1764, 103, 28, 1, 22, 121, 236, 0, 0, 0, 0, 2, 4, 16, 10, 14, 14, 8, 16, 9, 20, 21, 12, 26, 23, 4, 3, 2, 0, 0, 0),
('2023-03-23', 2868, 1786, 175, 38, 9, 31, 172, 291, 0, 0, 0, 0, 2, 9, 29, 11, 18, 15, 8, 29, 18, 11, 10, 24, 10, 10, 0, 2, 1, 0, 0, 0),
('2023-03-24', 4753, 1706, 143, 56, 0, 53, 147, 197, 0, 0, 0, 0, 3, 3, 21, 29, 12, 11, 22, 21, 14, 29, 20, 18, 19, 12, 0, 2, 4, 0, 0, 0),
('2023-03-25', 1356, 1872, 111, 29, 9, 68, 171, 132, 0, 0, 0, 0, 2, 6, 27, 20, 29, 9, 15, 27, 12, 13, 16, 16, 26, 15, 2, 3, 1, 0, 0, 0),
('2023-03-26', 4556, 1895, 140, 47, 6, 63, 284, 157, 0, 0, 0, 0, 4, 2, 28, 20, 27, 13, 15, 28, 14, 26, 14, 19, 14, 24, 3, 1, 0, 0, 0, 0),
('2023-03-27', 2882, 1151, 142, 40, 5, 36, 203, 230, 0, 0, 0, 0, 4, 6, 13, 21, 16, 14, 16, 13, 15, 29, 18, 20, 22, 19, 3, 3, 0, 0, 0, 0),
('2023-03-28', 4552, 1394, 120, 31, 1, 59, 190, 129, 0, 0, 0, 0, 1, 9, 17, 17, 21, 14, 13, 17, 8, 21, 12, 10, 12, 19, 4, 0, 2, 0, 0, 0),
('2023-03-29', 1454, 1357, 147, 70, 10, 17, 285, 168, 0, 0, 0, 0, 0, 5, 25, 11, 29, 13, 8, 25, 13, 12, 9, 17, 17, 26, 3, 1, 4, 0, 0, 0),
('2023-03-30', 2350, 1981, 141, 32, 0, 48, 295, 112, 0, 0, 0, 0, 1, 2, 11, 29, 22, 7, 22, 11, 8, 27, 21, 11, 19, 13, 4, 1, 0, 0, 0, 0),
('2023-03-31', 2781, 1143, 170, 41, 7, 57, 292, 256, 0, 0, 0, 0, 0, 8, 25, 20, 14, 11, 15, 25, 12, 17, 11, 16, 24, 23, 2, 4, 1, 0, 0, 0),
('2023-04-01', 3758, 1360, 120, 23, 2, 25, 210, 293, 0, 0, 0, 0, 3, 1, 12, 28, 12, 13, 21, 12, 22, 22, 19, 29, 19, 18, 4, 3, 3, 0, 0, 0),
('2023-04-02', 3422, 1370, 153, 52, 4, 62, 202, 291, 0, 0, 0, 0, 0, 7, 27, 26, 22, 10, 20, 27, 14, 25, 15, 18, 19, 14, 1, 2, 1, 0, 0, 0),
('2023-04-03', 3858, 1750, 167, 70, 6, 51, 204, 193, 0, 0, 0, 0, 3, 2, 22, 22, 16, 12, 17, 22, 15, 20, 8, 20, 21, 14, 0, 4, 4, 0, 0, 0),
('2023-04-04', 2046, 1742, 153, 27, 4, 56, 178, 155, 0, 0, 0, 0, 1, 9, 23, 15, 15, 11, 11, 23, 20, 18, 14, 27, 11, 25, 2, 0, 4, 0, 0, 0),
('2023-04-05', 3319, 1000, 173, 52, 7, 62, 259, 300, 0, 0, 0, 0, 0, 9, 28, 10, 14, 6, 8, 28, 21, 23, 22, 28, 23, 22, 4, 4, 0, 0, 0, 0),
('2023-04-06', 1712, 1473, 174, 41, 5, 47, 243, 129, 0, 0, 0, 0, 0, 5, 25, 22, 25, 6, 17, 25, 18, 10, 13, 24, 19, 12, 3, 0, 3, 0, 0, 0),
('2023-04-07', 3894, 1169, 139, 36, 2, 21, 245, 168, 0, 0, 0, 0, 0, 5, 12, 15, 29, 6, 11, 12, 16, 14, 20, 21, 16, 28, 1, 0, 4, 0, 0, 0),
('2023-04-08', 2981, 1368, 164, 11, 0, 46, 173, 127, 0, 0, 0, 0, 3, 8, 21, 20, 26, 11, 15, 21, 14, 23, 14, 19, 26, 25, 1, 1, 1, 0, 0, 0),
('2023-04-09', 2398, 1979, 148, 51, 7, 60, 150, 155, 0, 0, 0, 0, 2, 6, 23, 19, 17, 9, 14, 23, 8, 15, 10, 10, 22, 10, 0, 1, 2, 0, 0, 0),
('2023-04-10', 2921, 1206, 139, 58, 5, 15, 156, 145, 0, 0, 0, 0, 4, 5, 26, 11, 25, 12, 8, 26, 14, 13, 19, 18, 25, 21, 0, 1, 0, 0, 0, 0),
('2023-04-11', 3558, 1397, 165, 29, 7, 17, 166, 130, 0, 0, 0, 0, 3, 7, 16, 19, 17, 8, 14, 16, 17, 20, 20, 23, 27, 18, 1, 3, 1, 0, 0, 0),
('2023-04-12', 1523, 1123, 191, 53, 6, 22, 276, 124, 0, 0, 0, 0, 4, 0, 22, 11, 20, 8, 8, 22, 15, 20, 11, 20, 10, 21, 3, 2, 2, 0, 0, 0),
('2023-04-13', 3829, 1870, 180, 58, 4, 13, 196, 270, 0, 0, 0, 0, 0, 8, 13, 26, 23, 13, 20, 13, 17, 23, 18, 22, 28, 24, 3, 4, 3, 0, 0, 0),
('2023-04-14', 3153, 1421, 122, 57, 3, 16, 118, 122, 0, 0, 0, 0, 3, 5, 14, 21, 14, 8, 16, 14, 12, 25, 18, 16, 19, 18, 2, 4, 0, 0, 0, 0),
('2023-04-15', 4686, 1178, 115, 61, 1, 50, 115, 202, 0, 0, 0, 0, 1, 2, 27, 21, 13, 6, 16, 27, 9, 25, 14, 12, 13, 19, 1, 1, 0, 0, 0, 0),
('2023-04-16', 2214, 1714, 127, 45, 2, 31, 280, 270, 0, 0, 0, 0, 0, 4, 11, 11, 11, 7, 8, 11, 18, 29, 12, 24, 21, 23, 0, 0, 1, 0, 0, 0),
('2023-04-17', 1343, 1858, 196, 52, 9, 25, 286, 172, 0, 0, 0, 0, 2, 4, 27, 22, 20, 13, 17, 27, 14, 25, 18, 18, 27, 11, 2, 3, 2, 0, 0, 0),
('2023-04-18', 3720, 1110, 147, 45, 9, 39, 125, 282, 0, 0, 0, 0, 1, 4, 15, 11, 22, 13, 8, 15, 18, 24, 13, 24, 21, 22, 3, 0, 0, 0, 0, 0),
('2023-04-19', 2729, 1884, 107, 55, 7, 34, 201, 249, 0, 0, 0, 0, 1, 8, 29, 20, 23, 14, 15, 29, 10, 16, 20, 13, 16, 12, 2, 4, 4, 0, 0, 0),
('2023-04-20', 2520, 1868, 163, 17, 1, 17, 187, 242, 0, 0, 0, 0, 4, 3, 17, 16, 18, 7, 12, 17, 18, 22, 18, 24, 18, 10, 1, 2, 3, 0, 0, 0),
('2023-04-21', 1261, 1124, 151, 56, 8, 43, 115, 146, 0, 0, 0, 0, 3, 3, 25, 14, 24, 14, 11, 25, 9, 24, 17, 12, 20, 16, 1, 0, 1, 0, 0, 0),
('2023-04-22', 2858, 1638, 166, 51, 7, 20, 254, 185, 0, 0, 0, 0, 3, 4, 17, 15, 14, 8, 11, 17, 12, 10, 8, 16, 16, 24, 2, 2, 0, 0, 0, 0),
('2023-04-23', 2008, 1153, 195, 42, 8, 57, 224, 217, 0, 0, 0, 0, 3, 5, 25, 11, 11, 6, 8, 25, 10, 21, 19, 13, 19, 26, 3, 0, 0, 0, 0, 0),
('2023-04-24', 1813, 1458, 171, 62, 10, 10, 167, 123, 0, 0, 0, 0, 3, 9, 17, 20, 20, 5, 15, 17, 18, 25, 14, 24, 17, 23, 4, 4, 4, 0, 0, 0),
('2023-04-25', 4328, 1461, 108, 42, 6, 61, 268, 195, 0, 0, 0, 0, 3, 0, 19, 17, 17, 13, 13, 19, 16, 14, 8, 21, 24, 29, 4, 0, 2, 0, 0, 0),
('2023-04-26', 3886, 1860, 172, 66, 9, 24, 203, 142, 0, 0, 0, 0, 2, 7, 27, 27, 25, 8, 20, 27, 17, 25, 19, 23, 12, 19, 1, 0, 2, 0, 0, 0),
('2023-04-27', 2954, 1875, 189, 45, 3, 13, 262, 222, 0, 0, 0, 0, 2, 3, 15, 18, 15, 6, 14, 15, 22, 11, 20, 29, 16, 25, 4, 0, 3, 0, 0, 0),
('2023-04-28', 1835, 1234, 101, 66, 10, 33, 244, 204, 0, 0, 0, 0, 3, 5, 20, 19, 24, 8, 14, 20, 11, 25, 18, 14, 28, 28, 0, 3, 4, 0, 0, 0),
('2023-04-29', 4541, 1558, 194, 29, 6, 40, 299, 146, 0, 0, 0, 0, 2, 8, 17, 29, 22, 7, 22, 17, 12, 26, 13, 16, 22, 11, 3, 3, 2, 0, 0, 0),
('2023-04-30', 2099, 1145, 122, 14, 6, 64, 157, 253, 0, 0, 0, 0, 4, 5, 28, 15, 21, 6, 11, 28, 16, 18, 22, 21, 11, 20, 3, 3, 2, 0, 0, 0),
('2023-05-01', 3373, 1863, 200, 21, 6, 69, 253, 274, 0, 0, 0, 0, 2, 4, 20, 22, 23, 9, 17, 20, 13, 16, 14, 17, 19, 14, 2, 1, 0, 0, 0, 0),
('2023-05-02', 4404, 1909, 110, 56, 7, 47, 240, 213, 0, 0, 0, 0, 2, 9, 27, 13, 15, 14, 10, 27, 11, 25, 8, 14, 24, 10, 2, 3, 2, 0, 0, 0),
('2023-05-03', 3169, 4637, 180, 31, 3, 52, 88, 209, 0, 0, 0, 0, 3, 8, 23, 23, 15, 9, 17, 23, 20, 11, 22, 27, 16, 29, 3, 0, 0, 0, 0, 0),
('2023-05-04', 4299, 1596, 142, 27, 8, 61, 164, 277, 0, 0, 0, 0, 2, 9, 15, 11, 21, 12, 8, 15, 8, 29, 22, 10, 10, 12, 0, 1, 4, 0, 0, 0),
('2023-05-05', 4279, 1035, 103, 19, 2, 39, 178, 266, 0, 0, 0, 0, 4, 1, 22, 11, 21, 10, 8, 22, 15, 22, 17, 20, 20, 12, 3, 4, 2, 0, 0, 0),
('2023-05-06', 3921, 1447, 174, 27, 6, 29, 115, 169, 0, 0, 0, 0, 3, 1, 10, 20, 20, 6, 15, 10, 14, 29, 14, 19, 29, 19, 3, 2, 4, 0, 0, 0),
('2023-05-07', 3760, 1322, 182, 15, 9, 13, 100, 176, 0, 0, 0, 0, 3, 4, 24, 18, 29, 10, 14, 24, 10, 17, 14, 13, 21, 18, 4, 3, 4, 0, 0, 0),
('2023-05-08', 3886, 1902, 193, 42, 4, 13, 270, 158, 0, 0, 0, 0, 0, 4, 26, 18, 26, 12, 14, 26, 17, 14, 20, 23, 25, 25, 1, 3, 4, 0, 0, 0),
('2023-05-09', 7171, 3419, 196, 42, 4, 64, 399, 284, 2, 0, 0, 0, 2, 3, 29, 26, 12, 8, 20, 29, 14, 20, 14, 19, 10, 24, 2, 1, 2, 0, 0, 0),
('2023-05-10', 1547, 1249, 147, 48, 6, 44, 221, 179, 0, 0, 0, 0, 2, 4, 28, 24, 28, 9, 18, 28, 11, 21, 20, 14, 22, 21, 2, 4, 0, 0, 0, 0),
('2023-05-11', 2910, 1698, 180, 28, 10, 66, 202, 226, 0, 0, 0, 0, 0, 1, 11, 14, 28, 14, 11, 11, 17, 28, 20, 23, 24, 20, 0, 1, 4, 0, 0, 0),
('2023-05-12', 4301, 1471, 197, 28, 1, 43, 100, 219, 0, 0, 0, 0, 3, 4, 29, 29, 28, 12, 22, 29, 20, 21, 12, 26, 13, 18, 1, 4, 2, 0, 0, 0),
('2023-05-13', 2256, 1311, 156, 39, 0, 23, 151, 233, 0, 0, 0, 0, 3, 1, 25, 25, 18, 15, 19, 25, 14, 21, 17, 19, 20, 13, 0, 1, 2, 0, 0, 0),
('2023-05-14', 3158, 1221, 101, 24, 8, 70, 243, 143, 0, 0, 0, 0, 0, 0, 20, 24, 29, 13, 18, 20, 16, 14, 17, 21, 26, 19, 0, 3, 1, 0, 0, 0),
('2023-05-15', 3314, 1817, 187, 50, 2, 50, 270, 190, 0, 0, 0, 0, 4, 7, 14, 23, 23, 8, 17, 14, 18, 29, 12, 24, 23, 12, 0, 4, 2, 0, 0, 0),
('2023-05-16', 4469, 1859, 180, 34, 5, 11, 202, 123, 0, 0, 0, 0, 4, 0, 17, 10, 29, 13, 8, 17, 20, 21, 15, 26, 22, 22, 2, 0, 4, 0, 0, 0),
('2023-05-17', 1451, 1892, 182, 14, 3, 28, 201, 295, 0, 0, 0, 0, 0, 8, 28, 17, 13, 11, 13, 28, 14, 16, 17, 18, 13, 20, 2, 3, 2, 0, 0, 0),
('2023-05-18', 3108, 1144, 130, 67, 6, 21, 150, 147, 0, 0, 0, 0, 4, 3, 21, 12, 26, 13, 9, 21, 17, 13, 11, 22, 16, 28, 4, 1, 2, 0, 0, 0),
('2023-05-19', 3103, 1048, 105, 12, 10, 17, 178, 240, 0, 0, 0, 0, 1, 7, 23, 26, 10, 12, 20, 23, 14, 23, 14, 18, 23, 11, 0, 3, 0, 0, 0, 0),
('2023-05-20', 4573, 1223, 198, 59, 4, 24, 121, 261, 0, 0, 0, 0, 3, 2, 22, 28, 24, 14, 21, 22, 19, 17, 16, 25, 14, 24, 0, 4, 4, 0, 0, 0),
('2023-05-21', 2943, 1734, 109, 26, 0, 12, 266, 177, 0, 0, 0, 0, 2, 8, 15, 25, 27, 7, 19, 15, 15, 28, 14, 20, 15, 27, 1, 3, 2, 0, 0, 0),
('2023-05-22', 2121, 1764, 103, 28, 1, 22, 121, 236, 0, 0, 0, 0, 2, 4, 16, 10, 14, 14, 8, 16, 9, 20, 21, 12, 26, 23, 4, 3, 2, 0, 0, 0),
('2023-05-23', 2868, 1786, 175, 38, 9, 31, 172, 291, 0, 0, 0, 0, 2, 9, 29, 11, 18, 15, 8, 29, 18, 11, 10, 24, 10, 10, 0, 2, 1, 0, 0, 0),
('2023-05-24', 4753, 1706, 143, 56, 0, 53, 147, 197, 0, 0, 0, 0, 3, 3, 21, 29, 12, 11, 22, 21, 14, 29, 20, 18, 19, 12, 0, 2, 4, 0, 0, 0),
('2023-05-25', 1356, 1872, 111, 29, 9, 68, 171, 132, 0, 0, 0, 0, 2, 6, 27, 20, 29, 9, 15, 27, 12, 13, 16, 16, 26, 15, 2, 3, 1, 0, 0, 0),
('2023-05-26', 4556, 1895, 140, 47, 6, 63, 284, 157, 0, 0, 0, 0, 4, 2, 28, 20, 27, 13, 15, 28, 14, 26, 14, 19, 14, 24, 3, 1, 0, 0, 0, 0),
('2023-05-27', 2882, 1151, 142, 40, 5, 36, 203, 230, 0, 0, 0, 0, 4, 6, 13, 21, 16, 14, 16, 13, 15, 29, 18, 20, 22, 19, 3, 3, 0, 0, 0, 0),
('2023-05-28', 4552, 1394, 120, 31, 1, 59, 190, 129, 0, 0, 0, 0, 1, 9, 17, 17, 21, 14, 13, 17, 8, 21, 12, 10, 12, 19, 4, 0, 2, 0, 0, 0),
('2023-05-29', 1454, 1357, 147, 70, 10, 17, 285, 168, 0, 0, 0, 0, 0, 5, 25, 11, 29, 13, 8, 25, 13, 12, 9, 17, 17, 26, 3, 1, 4, 0, 0, 0),
('2023-05-30', 2350, 1981, 141, 32, 0, 48, 295, 112, 0, 0, 0, 0, 1, 2, 11, 29, 22, 7, 22, 11, 8, 27, 21, 11, 19, 13, 4, 1, 0, 0, 0, 0);

-- --------------------------------------------------------

--
-- Table structure for table `units`
--

CREATE TABLE `units` (
  `unit_id` int(11) NOT NULL,
  `unit_name` varchar(20) NOT NULL,
  `abbreviation` varchar(10) DEFAULT NULL,
  `type` varchar(10) DEFAULT NULL
) ENGINE=InnoDB DEFAULT CHARSET=utf8mb4;

--
-- Dumping data for table `units`
--

INSERT INTO `units` (`unit_id`, `unit_name`, `abbreviation`, `type`) VALUES
(1, 'kilograms', 'kg', 'mass'),
(2, 'grams', 'g', 'mass'),
(3, 'mililiters', 'ml', 'volume'),
(4, 'litres', 'l', 'volume'),
(6, 'bottles', 'btls', 'volume'),
(7, 'ounces', 'oz', 'mass'),
(8, 'pounds', 'lb', 'mass'),
(9, 'cups', 'cups', 'volume'),
(12, 'teaspoons', 'tsp', 'mass');

-- --------------------------------------------------------

--
-- Table structure for table `unit_conversion`
--

CREATE TABLE `unit_conversion` (
  `u1` int(11) NOT NULL,
  `u2` int(11) NOT NULL,
  `conversion_factor` float DEFAULT NULL
) ENGINE=InnoDB DEFAULT CHARSET=utf8mb4;

--
-- Dumping data for table `unit_conversion`
--

INSERT INTO `unit_conversion` (`u1`, `u2`, `conversion_factor`) VALUES
(1, 2, 1000),
(2, 2, 1),
(3, 3, 1),
(4, 3, 1000),
(6, 3, 750),
(7, 2, 28.3495),
(8, 2, 453.592),
(9, 3, 236.588),
(12, 3, 5);

-- --------------------------------------------------------

--
-- Table structure for table `vendors`
--

CREATE TABLE `vendors` (
  `vendor_id` int(11) NOT NULL,
  `vendor_name` varchar(100) NOT NULL,
  `address` varchar(200) DEFAULT NULL,
  `company` varchar(100) DEFAULT NULL,
  `contact_no` varchar(50) NOT NULL,
  `email` varchar(50) DEFAULT NULL
) ENGINE=InnoDB DEFAULT CHARSET=utf8mb4;

--
-- Dumping data for table `vendors`
--

INSERT INTO `vendors` (`vendor_id`, `vendor_name`, `address`, `company`, `contact_no`, `email`) VALUES
(1, 'Unknown', '', '', '', NULL),
(2, 'Lana', 'Madrid, Spain', 'Rhoedes Inc.', '0724573075', NULL),
(4, 'Scarlett Johansson', '1234 Main St', 'Marvel Studios', '0762938182', 'scarlettjohansson@marvel.com'),
(7, 'Gwyneth Paltrow', '121314 Pine Blvd', 'Marvel Studios', '0728829184', 'gwynethpaltrow@marvel.com'),
(8, 'Tessa Thompson', '151617 Cedar Rd', 'Marvel Studios', '0718574636', 'tessathompson@marvel.com'),
(9, 'Zehra Modi', '181910 Maple Ln', 'Bharatiya Janata Party', '0772239823', 'zehratiya@bjp.com'),
(10, 'Priyanka Gandhi', '21223 Rosewood Ave', 'Indian National Congress', '0723403400', 'priyankagandhi@inc.com'),
(11, 'Nirmala Sitharaman', '242526 Cedar Ln', 'Bharatiya Janata Party', '0727789174', 'nirmalasitharaman@bjp.com'),
(12, 'Sonia Gandhi', '272829 Elmwood St', 'Indian National Congress', '0777283819', 'soniagandhi@inc.com'),
(13, 'Smriti Irani', '303132 Oakwood Dr', 'Bharatiya Janata Party', '0717177722', 'smritiirani@bjp.com'),
(15, 'Smriti Irani', '303132 Oakwood Dr', 'Bharatiya Janata Party', '0712363622', 'smritiirani@bjp.com');

--
-- Indexes for dumped tables
--

--
-- Indexes for table `carts`
--
ALTER TABLE `carts`
  ADD UNIQUE KEY `reg_customer_id` (`reg_customer_id`,`dish_id`),
  ADD UNIQUE KEY `guest_id` (`guest_id`,`dish_id`),
  ADD KEY `dish_id` (`dish_id`);

--
-- Indexes for table `categories`
--
ALTER TABLE `categories`
  ADD PRIMARY KEY (`category_id`);

--
-- Indexes for table `dishes`
--
ALTER TABLE `dishes`
  ADD PRIMARY KEY (`dish_id`);

--
-- Indexes for table `employees`
--
ALTER TABLE `employees`
  ADD PRIMARY KEY (`emp_id`),
  ADD UNIQUE KEY `username` (`username`),
  ADD KEY `role` (`role`);

--
-- Indexes for table `feedback`
--
ALTER TABLE `feedback`
  ADD PRIMARY KEY (`feedback_id`),
  ADD KEY `order_id` (`order_id`);

--
-- Indexes for table `guest_users`
--
ALTER TABLE `guest_users`
  ADD PRIMARY KEY (`guest_id`),
  ADD KEY `promo_id` (`promo_id`);

--
-- Indexes for table `ingredients`
--
ALTER TABLE `ingredients`
  ADD PRIMARY KEY (`dish_id`,`item_id`),
  ADD KEY `item_id` (`item_id`),
  ADD KEY `unit` (`unit`);

--
-- Indexes for table `inventory`
--
ALTER TABLE `inventory`
  ADD UNIQUE KEY `item_id_2` (`item_id`),
  ADD KEY `item_id` (`item_id`);

--
-- Indexes for table `inventory2`
--
ALTER TABLE `inventory2`
  ADD UNIQUE KEY `pid` (`pid`);

--
-- Indexes for table `items`
--
ALTER TABLE `items`
  ADD PRIMARY KEY (`item_id`),
  ADD KEY `unit` (`unit`),
  ADD KEY `category` (`category`);

--
-- Indexes for table `menus`
--
ALTER TABLE `menus`
  ADD PRIMARY KEY (`menu_id`);

--
-- Indexes for table `menu_dishes`
--
ALTER TABLE `menu_dishes`
  ADD UNIQUE KEY `menu_id_2` (`menu_id`,`dish_id`),
  ADD KEY `dish_id` (`dish_id`),
  ADD KEY `menu_id` (`menu_id`);

--
-- Indexes for table `menu_statistics`
--
ALTER TABLE `menu_statistics`
  ADD PRIMARY KEY (`id`),
  ADD UNIQUE KEY `menu_date` (`menu_id`,`date`);

--
-- Indexes for table `orders`
--
ALTER TABLE `orders`
  ADD PRIMARY KEY (`order_id`),
  ADD KEY `customer_id` (`reg_customer_id`),
  ADD KEY `promo` (`promo`);

--
-- Indexes for table `order_dishes`
--
ALTER TABLE `order_dishes`
  ADD PRIMARY KEY (`order_id`,`dish_id`),
  ADD KEY `dish_id` (`dish_id`);

--
-- Indexes for table `promotions`
--
ALTER TABLE `promotions`
  ADD PRIMARY KEY (`promo_id`);

--
-- Indexes for table `promo_buy1get1free`
--
ALTER TABLE `promo_buy1get1free`
  ADD UNIQUE KEY `promo_id_2` (`promo_id`),
  ADD KEY `promo_id` (`promo_id`),
  ADD KEY `dish1_id` (`dish1_id`),
  ADD KEY `dish2_id` (`dish2_id`);

--
-- Indexes for table `promo_discounts`
--
ALTER TABLE `promo_discounts`
  ADD UNIQUE KEY `promo_id_2` (`promo_id`),
  ADD KEY `dish_id` (`dish_id`),
  ADD KEY `promo_id` (`promo_id`);

--
-- Indexes for table `promo_spending_bonus`
--
ALTER TABLE `promo_spending_bonus`
  ADD UNIQUE KEY `promo_id_2` (`promo_id`),
  ADD KEY `promo_id` (`promo_id`);

--
-- Indexes for table `purchases`
--
ALTER TABLE `purchases`
  ADD PRIMARY KEY (`purchase_id`),
  ADD KEY `vendor` (`vendor`),
  ADD KEY `item` (`item`);

--
-- Indexes for table `reg_users`
--
ALTER TABLE `reg_users`
  ADD PRIMARY KEY (`user_id`),
  ADD UNIQUE KEY `email` (`email`),
  ADD KEY `promo_id` (`promo_id`);

--
-- Indexes for table `roles`
--
ALTER TABLE `roles`
  ADD PRIMARY KEY (`role_id`);

--
-- Indexes for table `stats`
--
ALTER TABLE `stats`
  ADD PRIMARY KEY (`day`);

--
-- Indexes for table `units`
--
ALTER TABLE `units`
  ADD PRIMARY KEY (`unit_id`);

--
-- Indexes for table `unit_conversion`
--
ALTER TABLE `unit_conversion`
  ADD PRIMARY KEY (`u1`,`u2`),
  ADD KEY `unit_conversion_ibfk_1` (`u1`),
  ADD KEY `unit_conversion_ibfk_2` (`u2`);

--
-- Indexes for table `vendors`
--
ALTER TABLE `vendors`
  ADD PRIMARY KEY (`vendor_id`);

--
-- AUTO_INCREMENT for dumped tables
--

--
-- AUTO_INCREMENT for table `categories`
--
ALTER TABLE `categories`
  MODIFY `category_id` int(11) NOT NULL AUTO_INCREMENT, AUTO_INCREMENT=18;

--
-- AUTO_INCREMENT for table `dishes`
--
ALTER TABLE `dishes`
  MODIFY `dish_id` int(11) NOT NULL AUTO_INCREMENT, AUTO_INCREMENT=63;

--
-- AUTO_INCREMENT for table `employees`
--
ALTER TABLE `employees`
  MODIFY `emp_id` int(11) NOT NULL AUTO_INCREMENT, AUTO_INCREMENT=9;

--
-- AUTO_INCREMENT for table `feedback`
--
ALTER TABLE `feedback`
  MODIFY `feedback_id` int(11) NOT NULL AUTO_INCREMENT, AUTO_INCREMENT=27;

--
-- AUTO_INCREMENT for table `guest_users`
--
ALTER TABLE `guest_users`
  MODIFY `guest_id` int(11) NOT NULL AUTO_INCREMENT, AUTO_INCREMENT=111;

--
-- AUTO_INCREMENT for table `items`
--
ALTER TABLE `items`
  MODIFY `item_id` int(11) NOT NULL AUTO_INCREMENT, AUTO_INCREMENT=52;

--
-- AUTO_INCREMENT for table `menus`
--
ALTER TABLE `menus`
  MODIFY `menu_id` int(11) NOT NULL AUTO_INCREMENT, AUTO_INCREMENT=13;

--
-- AUTO_INCREMENT for table `menu_statistics`
--
ALTER TABLE `menu_statistics`
  MODIFY `id` int(11) NOT NULL AUTO_INCREMENT, AUTO_INCREMENT=7404;

--
-- AUTO_INCREMENT for table `orders`
--
ALTER TABLE `orders`
  MODIFY `order_id` int(11) NOT NULL AUTO_INCREMENT, AUTO_INCREMENT=1540;

--
-- AUTO_INCREMENT for table `promotions`
--
ALTER TABLE `promotions`
  MODIFY `promo_id` int(11) NOT NULL AUTO_INCREMENT, AUTO_INCREMENT=22;

--
-- AUTO_INCREMENT for table `purchases`
--
ALTER TABLE `purchases`
  MODIFY `purchase_id` int(11) NOT NULL AUTO_INCREMENT, AUTO_INCREMENT=146;

--
-- AUTO_INCREMENT for table `reg_users`
--
ALTER TABLE `reg_users`
  MODIFY `user_id` int(11) NOT NULL AUTO_INCREMENT, AUTO_INCREMENT=27;

--
-- AUTO_INCREMENT for table `roles`
--
ALTER TABLE `roles`
  MODIFY `role_id` int(11) NOT NULL AUTO_INCREMENT, AUTO_INCREMENT=5;

--
-- AUTO_INCREMENT for table `units`
--
ALTER TABLE `units`
  MODIFY `unit_id` int(11) NOT NULL AUTO_INCREMENT, AUTO_INCREMENT=13;

--
-- AUTO_INCREMENT for table `vendors`
--
ALTER TABLE `vendors`
  MODIFY `vendor_id` int(11) NOT NULL AUTO_INCREMENT, AUTO_INCREMENT=16;

--
-- Constraints for dumped tables
--

--
-- Constraints for table `employees`
--
ALTER TABLE `employees`
  ADD CONSTRAINT `employees_ibfk_1` FOREIGN KEY (`role`) REFERENCES `roles` (`role_id`);

--
-- Constraints for table `feedback`
--
ALTER TABLE `feedback`
  ADD CONSTRAINT `feedback_ibfk_1` FOREIGN KEY (`order_id`) REFERENCES `orders` (`order_id`);

--
-- Constraints for table `guest_users`
--
ALTER TABLE `guest_users`
  ADD CONSTRAINT `guest_users_ibfk_1` FOREIGN KEY (`promo_id`) REFERENCES `promotions` (`promo_id`);

--
-- Constraints for table `ingredients`
--
ALTER TABLE `ingredients`
  ADD CONSTRAINT `ingredients_ibfk_1` FOREIGN KEY (`dish_id`) REFERENCES `dishes` (`dish_id`) ON DELETE CASCADE ON UPDATE CASCADE,
  ADD CONSTRAINT `ingredients_ibfk_2` FOREIGN KEY (`item_id`) REFERENCES `items` (`item_id`) ON DELETE CASCADE ON UPDATE CASCADE,
  ADD CONSTRAINT `ingredients_ibfk_3` FOREIGN KEY (`unit`) REFERENCES `units` (`unit_id`);

--
-- Constraints for table `inventory`
--
ALTER TABLE `inventory`
  ADD CONSTRAINT `inventory_ibfk_2` FOREIGN KEY (`item_id`) REFERENCES `items` (`item_id`);

--
-- Constraints for table `items`
--
ALTER TABLE `items`
  ADD CONSTRAINT `items_ibfk_1` FOREIGN KEY (`unit`) REFERENCES `units` (`unit_id`),
  ADD CONSTRAINT `items_ibfk_2` FOREIGN KEY (`category`) REFERENCES `categories` (`category_id`);

--
-- Constraints for table `menu_dishes`
--
ALTER TABLE `menu_dishes`
  ADD CONSTRAINT `menuitems_ibfk_1` FOREIGN KEY (`menu_id`) REFERENCES `menus` (`menu_id`) ON DELETE CASCADE ON UPDATE CASCADE,
  ADD CONSTRAINT `menuitems_ibfk_2` FOREIGN KEY (`dish_id`) REFERENCES `dishes` (`dish_id`) ON DELETE CASCADE ON UPDATE CASCADE;

--
-- Constraints for table `menu_statistics`
--
ALTER TABLE `menu_statistics`
  ADD CONSTRAINT `menu_statistics_ibfk_1` FOREIGN KEY (`menu_id`) REFERENCES `menus` (`menu_id`);

--
-- Constraints for table `orders`
--
ALTER TABLE `orders`
  ADD CONSTRAINT `orders_ibfk_1` FOREIGN KEY (`promo`) REFERENCES `promotions` (`promo_id`) ON DELETE SET NULL ON UPDATE CASCADE;

--
-- Constraints for table `order_dishes`
--
ALTER TABLE `order_dishes`
  ADD CONSTRAINT `order_dishes_ibfk_1` FOREIGN KEY (`order_id`) REFERENCES `orders` (`order_id`) ON DELETE CASCADE ON UPDATE CASCADE,
  ADD CONSTRAINT `order_dishes_ibfk_2` FOREIGN KEY (`dish_id`) REFERENCES `dishes` (`dish_id`) ON DELETE CASCADE ON UPDATE CASCADE;

--
-- Constraints for table `promo_buy1get1free`
--
ALTER TABLE `promo_buy1get1free`
  ADD CONSTRAINT `promo_buy1get1free_ibfk_1` FOREIGN KEY (`promo_id`) REFERENCES `promotions` (`promo_id`) ON DELETE CASCADE ON UPDATE CASCADE,
  ADD CONSTRAINT `promo_buy1get1free_ibfk_2` FOREIGN KEY (`dish1_id`) REFERENCES `dishes` (`dish_id`) ON DELETE CASCADE ON UPDATE CASCADE,
  ADD CONSTRAINT `promo_buy1get1free_ibfk_3` FOREIGN KEY (`dish2_id`) REFERENCES `dishes` (`dish_id`) ON DELETE CASCADE ON UPDATE CASCADE;

--
-- Constraints for table `promo_discounts`
--
ALTER TABLE `promo_discounts`
  ADD CONSTRAINT `promo_discounts_ibfk_1` FOREIGN KEY (`dish_id`) REFERENCES `dishes` (`dish_id`) ON DELETE CASCADE ON UPDATE CASCADE,
  ADD CONSTRAINT `promo_discounts_ibfk_2` FOREIGN KEY (`promo_id`) REFERENCES `promotions` (`promo_id`) ON DELETE CASCADE ON UPDATE CASCADE;

--
-- Constraints for table `promo_spending_bonus`
--
ALTER TABLE `promo_spending_bonus`
  ADD CONSTRAINT `promo_spendingbonus_ibfk_1` FOREIGN KEY (`promo_id`) REFERENCES `promotions` (`promo_id`) ON DELETE CASCADE;

--
-- Constraints for table `purchases`
--
ALTER TABLE `purchases`
  ADD CONSTRAINT `purchases_ibfk_1` FOREIGN KEY (`vendor`) REFERENCES `vendors` (`vendor_id`),
  ADD CONSTRAINT `purchases_ibfk_2` FOREIGN KEY (`item`) REFERENCES `items` (`item_id`);

--
-- Constraints for table `reg_users`
--
ALTER TABLE `reg_users`
  ADD CONSTRAINT `reg_users_ibfk_1` FOREIGN KEY (`promo_id`) REFERENCES `promotions` (`promo_id`);

--
-- Constraints for table `unit_conversion`
--
ALTER TABLE `unit_conversion`
  ADD CONSTRAINT `unit_conversion_ibfk_1` FOREIGN KEY (`u1`) REFERENCES `units` (`unit_id`),
  ADD CONSTRAINT `unit_conversion_ibfk_2` FOREIGN KEY (`u2`) REFERENCES `units` (`unit_id`);
COMMIT;

/*!40101 SET CHARACTER_SET_CLIENT=@OLD_CHARACTER_SET_CLIENT */;
/*!40101 SET CHARACTER_SET_RESULTS=@OLD_CHARACTER_SET_RESULTS */;
/*!40101 SET COLLATION_CONNECTION=@OLD_COLLATION_CONNECTION */;
